"Format","MoTeC CSV File"
"Venue","RULLITIS"
"Vehicle","JULIA"
"Driver",""
"Device","RAJAGP"
"Comment","Exported by RAJAGP Client"
"Log Date","20/08/2026"
"Log Time","11:11:40"
"Sample Rate","10.000"
"Duration","199.300"
"Range","All"

"Time","Satellites","GPS Latitude","GPS Longitude","Ground Speed","GPS Heading","GPS Altitude","GPS Vert Speed","Distance","G Force Long","G Force Lat","G Force Combined","Brake","Acceleration","Lap Number","Lap Time","Lap Distance","GPS Fix"
"s","count","deg","deg","km/h","deg","m","km/h","m","g","g","g","g","m/s2","lap","s","m","state"

0.000,012,+56.5988189,+23.6903126,42.180,0.00,+0.00,+0.000,0.000,-0.090,-0.160,0.184,0.090,-0.840,1,0.028,0.000,4
0.100,012,+56.5988087,+23.6903087,41.750,0.00,+0.00,+0.000,1.166,-0.150,-0.350,0.381,0.150,-1.440,1,0.128,1.166,4
0.200,012,+56.5987985,+23.6903055,41.100,0.00,+0.00,+0.000,2.316,-0.210,-0.410,0.461,0.210,-2.040,1,0.228,2.316,4
0.300,012,+56.5987885,+23.6903030,40.300,0.00,+0.00,+0.000,3.447,-0.230,-0.310,0.386,0.230,-2.290,1,0.328,3.447,4
0.400,012,+56.5987786,+23.6903012,39.560,0.00,+0.00,+0.000,4.556,-0.200,-0.220,0.297,0.200,-1.930,1,0.428,4.556,4
0.500,012,+56.5987689,+23.6902998,38.860,0.00,+0.00,+0.000,5.645,-0.180,-0.130,0.222,0.180,-1.810,1,0.528,5.645,4
0.600,012,+56.5987593,+23.6902985,38.250,0.00,+0.00,+0.000,6.716,-0.150,-0.090,0.175,0.150,-1.450,1,0.628,6.716,4
0.700,012,+56.5987499,+23.6902972,37.680,0.00,+0.00,+0.000,7.771,-0.180,-0.020,0.181,0.180,-1.810,1,0.728,7.771,4
0.800,012,+56.5987406,+23.6902959,36.940,0.00,+0.00,+0.000,8.807,-0.220,+0.000,0.220,0.220,-2.170,1,0.828,8.807,4
0.900,012,+56.5987315,+23.6902947,36.150,0.00,+0.00,+0.000,9.822,-0.230,+0.000,0.230,0.230,-2.290,1,0.928,9.822,4
1.000,012,+56.5987226,+23.6902935,35.420,0.00,+0.00,+0.000,10.816,-0.190,+0.000,0.190,0.190,-1.870,1,1.028,10.816,4
1.100,012,+56.5987139,+23.6902923,34.840,0.00,+0.00,+0.000,11.792,-0.140,+0.000,0.140,0.140,-1.390,1,1.128,11.792,4
1.200,012,+56.5987053,+23.6902911,34.450,0.00,+0.00,+0.000,12.755,-0.110,+0.000,0.110,0.110,-1.050,1,1.228,12.755,4
1.300,012,+56.5986968,+23.6902900,34.060,0.00,+0.00,+0.000,13.706,-0.110,+0.000,0.110,0.110,-1.100,1,1.328,13.706,4
1.400,012,+56.5986884,+23.6902888,33.660,0.00,+0.00,+0.000,14.647,-0.110,+0.000,0.110,0.110,-1.090,1,1.428,14.647,4
1.500,012,+56.5986801,+23.6902877,33.270,0.00,+0.00,+0.000,15.576,-0.120,+0.000,0.120,0.120,-1.170,1,1.528,15.576,4
1.600,012,+56.5986719,+23.6902866,32.720,0.00,+0.00,+0.000,16.493,-0.180,+0.000,0.180,0.180,-1.770,1,1.628,16.493,4
1.700,012,+56.5986638,+23.6902855,31.950,0.00,+0.00,+0.000,17.391,-0.240,+0.000,0.240,0.240,-2.370,1,1.728,17.391,4
1.800,012,+56.5986560,+23.6902844,30.970,0.00,+0.00,+0.000,18.265,-0.300,+0.000,0.300,0.300,-2.970,1,1.828,18.265,4
1.900,012,+56.5986485,+23.6902834,29.950,0.00,+0.00,+0.000,19.111,-0.270,+0.000,0.270,0.270,-2.630,1,1.928,19.111,4
2.000,012,+56.5986412,+23.6902824,29.040,0.00,+0.00,+0.000,19.930,-0.230,+0.000,0.230,0.230,-2.270,1,2.028,19.930,4
2.100,012,+56.5986340,+23.6902814,28.360,0.00,+0.00,+0.000,20.728,-0.170,+0.000,0.170,0.170,-1.670,1,2.128,20.728,4
2.200,012,+56.5986271,+23.6902805,27.880,0.00,+0.00,+0.000,21.509,-0.110,+0.000,0.110,0.110,-1.070,1,2.228,21.509,4
2.300,012,+56.5986202,+23.6902795,27.630,0.00,+0.00,+0.000,22.280,-0.050,+0.000,0.050,0.050,-0.470,1,2.328,22.280,4
2.400,012,+56.5986133,+23.6902786,27.590,0.00,+0.00,+0.000,23.047,+0.010,+0.000,0.010,0.000,+0.130,1,2.428,23.047,4
2.500,012,+56.5986064,+23.6902776,27.760,0.00,+0.00,+0.000,23.815,+0.070,+0.000,0.070,0.000,+0.730,1,2.528,23.815,4
2.600,012,+56.5985995,+23.6902767,28.150,0.00,+0.00,+0.000,24.592,+0.140,+0.000,0.140,0.000,+1.330,1,2.628,24.592,4
2.700,012,+56.5985924,+23.6902757,28.760,0.00,+0.00,+0.000,25.382,+0.200,+0.000,0.200,0.000,+1.930,1,2.728,25.382,4
2.800,012,+56.5985851,+23.6902747,29.580,0.00,+0.00,+0.000,26.193,+0.260,+0.000,0.260,0.000,+2.530,1,2.828,26.193,4
2.900,012,+56.5985776,+23.6902737,30.620,0.00,+0.00,+0.000,27.029,+0.320,+0.000,0.320,0.000,+3.130,1,2.928,27.029,4
3.000,012,+56.5985698,+23.6902726,31.710,0.00,+0.00,+0.000,27.894,+0.280,+0.000,0.280,0.000,+2.770,1,3.028,27.894,4
3.100,012,+56.5985618,+23.6902716,32.570,0.00,+0.00,+0.000,28.787,+0.220,+0.000,0.220,0.000,+2.170,1,3.128,28.787,4
3.200,012,+56.5985536,+23.6902704,33.220,0.00,+0.00,+0.000,29.701,+0.160,+0.000,0.160,0.000,+1.570,1,3.228,29.701,4
3.300,012,+56.5985452,+23.6902693,33.660,0.00,+0.00,+0.000,30.630,+0.100,+0.000,0.100,0.000,+0.970,1,3.328,30.630,4
3.400,012,+56.5985368,+23.6902681,33.880,0.00,+0.00,+0.000,31.568,+0.040,+0.000,0.040,0.000,+0.370,1,3.428,31.568,4
3.500,012,+56.5985284,+23.6902670,33.880,0.00,+0.00,+0.000,32.509,-0.020,+0.000,0.020,0.020,-0.230,1,3.528,32.509,4
3.600,012,+56.5985200,+23.6902659,33.740,0.00,+0.00,+0.000,33.448,-0.040,+0.000,0.040,0.040,-0.350,1,3.628,33.448,4
3.700,012,+56.5985116,+23.6902647,33.610,0.00,+0.00,+0.000,34.383,-0.030,+0.000,0.030,0.030,-0.270,1,3.728,34.383,4
3.800,012,+56.5985033,+23.6902636,33.480,0.00,+0.00,+0.000,35.315,-0.040,+0.000,0.040,0.040,-0.390,1,3.828,35.315,4
3.900,012,+56.5984949,+23.6902624,33.470,0.00,+0.00,+0.000,36.245,+0.020,+0.000,0.020,0.000,+0.210,1,3.928,36.245,4
4.000,012,+56.5984866,+23.6902613,33.670,0.00,+0.00,+0.000,37.178,+0.080,+0.000,0.080,0.000,+0.810,1,4.028,37.178,4
4.100,012,+56.5984781,+23.6902601,34.090,0.00,+0.00,+0.000,38.119,+0.140,+0.000,0.140,0.000,+1.410,1,4.128,38.119,4
4.200,012,+56.5984696,+23.6902590,34.730,0.00,+0.00,+0.000,39.075,+0.210,+0.000,0.210,0.000,+2.010,1,4.228,39.075,4
4.300,012,+56.5984608,+23.6902578,35.590,0.00,+0.00,+0.000,40.051,+0.270,+0.000,0.270,0.000,+2.610,1,4.328,40.051,4
4.400,012,+56.5984518,+23.6902566,36.640,0.00,+0.00,+0.000,41.054,+0.300,+0.000,0.300,0.000,+2.970,1,4.428,41.054,4
4.500,012,+56.5984425,+23.6902553,37.650,0.00,+0.00,+0.000,42.086,+0.270,+0.000,0.270,0.000,+2.610,1,4.528,42.086,4
4.600,012,+56.5984330,+23.6902540,38.580,0.00,+0.00,+0.000,43.145,+0.250,+0.000,0.250,0.000,+2.490,1,4.628,43.145,4
4.700,012,+56.5984233,+23.6902527,39.400,0.00,+0.00,+0.000,44.228,+0.220,+0.000,0.220,0.000,+2.130,1,4.728,44.228,4
4.800,012,+56.5984134,+23.6902513,40.130,0.00,+0.00,+0.000,45.333,+0.180,+0.000,0.180,0.000,+1.770,1,4.828,45.333,4
4.900,012,+56.5984033,+23.6902499,40.690,0.00,+0.00,+0.000,46.455,+0.140,+0.000,0.140,0.000,+1.410,1,4.928,46.455,4
5.000,012,+56.5983931,+23.6902486,41.070,0.00,+0.00,+0.000,47.591,+0.080,+0.000,0.080,0.000,+0.810,1,5.028,47.591,4
5.100,012,+56.5983829,+23.6902472,41.230,0.00,+0.00,+0.000,48.734,+0.020,+0.000,0.020,0.000,+0.210,1,5.128,48.734,4
5.200,012,+56.5983726,+23.6902458,41.180,0.00,+0.00,+0.000,49.878,-0.040,+0.000,0.040,0.040,-0.390,1,5.228,49.878,4
5.300,012,+56.5983624,+23.6902444,40.920,0.00,+0.00,+0.000,51.019,-0.080,+0.000,0.080,0.080,-0.750,1,5.328,51.019,4
5.400,012,+56.5983523,+23.6902430,40.630,0.00,+0.00,+0.000,52.151,-0.060,+0.000,0.060,0.060,-0.630,1,5.428,52.151,4
5.500,012,+56.5983422,+23.6902416,40.430,0.00,+0.00,+0.000,53.277,-0.050,+0.000,0.050,0.050,-0.510,1,5.528,53.277,4
5.600,012,+56.5983322,+23.6902402,40.220,0.00,+0.00,+0.000,54.397,-0.060,+0.000,0.060,0.060,-0.630,1,5.628,54.397,4
5.700,012,+56.5983222,+23.6902389,40.020,0.00,+0.00,+0.000,55.512,-0.050,+0.000,0.050,0.050,-0.510,1,5.728,55.512,4
5.800,012,+56.5983122,+23.6902375,39.970,0.00,+0.00,+0.000,56.623,+0.010,+0.000,0.010,0.000,+0.090,1,5.828,56.623,4
5.900,012,+56.5983023,+23.6902362,40.030,0.00,+0.00,+0.000,57.734,+0.000,+0.000,0.000,0.000,-0.030,1,5.928,57.734,4
6.000,012,+56.5982924,+23.6902348,39.890,0.00,+0.00,+0.000,58.844,-0.060,+0.000,0.060,0.060,-0.630,1,6.028,58.844,4
6.100,012,+56.5982825,+23.6902335,39.550,0.00,+0.00,+0.000,59.947,-0.100,+0.000,0.100,0.100,-0.990,1,6.128,59.947,4
6.200,012,+56.5982727,+23.6902321,39.130,0.00,+0.00,+0.000,61.040,-0.110,-0.020,0.112,0.110,-1.110,1,6.228,61.040,4
6.300,012,+56.5982630,+23.6902308,38.870,0.00,+0.00,+0.000,62.123,-0.050,-0.020,0.054,0.050,-0.510,1,6.328,62.123,4
6.400,012,+56.5982533,+23.6902295,38.810,0.00,+0.00,+0.000,63.202,+0.010,-0.060,0.061,0.000,+0.090,1,6.428,63.202,4
6.500,012,+56.5982437,+23.6902283,38.980,0.00,+0.00,+0.000,64.282,+0.070,-0.110,0.130,0.000,+0.690,1,6.528,64.282,4
6.600,012,+56.5982339,+23.6902273,39.350,0.00,+0.00,+0.000,65.370,+0.130,-0.150,0.198,0.000,+1.290,1,6.628,65.370,4
6.700,012,+56.5982240,+23.6902266,39.690,0.00,+0.00,+0.000,66.468,+0.070,-0.200,0.212,0.000,+0.690,1,6.728,66.468,4
6.800,012,+56.5982141,+23.6902263,39.810,0.00,+0.00,+0.000,67.572,+0.010,-0.220,0.220,0.000,+0.090,1,6.828,67.572,4
6.900,012,+56.5982042,+23.6902263,39.710,0.00,+0.00,+0.000,68.677,-0.050,-0.220,0.226,0.050,-0.510,1,6.928,68.677,4
7.000,012,+56.5981943,+23.6902266,39.400,0.00,+0.00,+0.000,69.776,-0.110,-0.220,0.246,0.110,-1.110,1,7.028,69.776,4
7.100,012,+56.5981846,+23.6902273,38.890,0.00,+0.00,+0.000,70.863,-0.150,-0.210,0.258,0.150,-1.500,1,7.128,70.863,4
7.200,012,+56.5981750,+23.6902283,38.220,0.00,+0.00,+0.000,71.934,-0.210,-0.160,0.264,0.210,-2.100,1,7.228,71.934,4
7.300,012,+56.5981656,+23.6902296,37.340,0.00,+0.00,+0.000,72.983,-0.270,-0.190,0.330,0.270,-2.700,1,7.328,72.983,4
7.400,012,+56.5981565,+23.6902311,36.240,0.00,+0.00,+0.000,74.005,-0.340,-0.160,0.376,0.340,-3.300,1,7.428,74.005,4
7.500,012,+56.5981477,+23.6902328,35.090,0.00,+0.00,+0.000,74.996,-0.300,-0.140,0.331,0.300,-2.940,1,7.528,74.996,4
7.600,012,+56.5981391,+23.6902348,34.160,0.00,+0.00,+0.000,75.958,-0.240,-0.130,0.273,0.240,-2.340,1,7.628,75.958,4
7.700,012,+56.5981308,+23.6902369,33.450,0.00,+0.00,+0.000,76.897,-0.180,-0.130,0.222,0.180,-1.740,1,7.728,76.897,4
7.800,012,+56.5981226,+23.6902390,32.960,0.00,+0.00,+0.000,77.819,-0.120,-0.150,0.192,0.120,-1.140,1,7.828,77.819,4
7.900,012,+56.5981145,+23.6902413,32.680,0.00,+0.00,+0.000,78.731,-0.050,-0.150,0.158,0.050,-0.540,1,7.928,78.731,4
8.000,012,+56.5981065,+23.6902438,32.430,0.00,+0.00,+0.000,79.635,-0.090,-0.160,0.184,0.090,-0.850,1,8.028,79.635,4
8.100,012,+56.5980987,+23.6902466,32.000,0.00,+0.00,+0.000,80.530,-0.150,-0.190,0.242,0.150,-1.450,1,8.128,80.530,4
8.200,012,+56.5980909,+23.6902496,31.410,0.00,+0.00,+0.000,81.411,-0.160,-0.170,0.233,0.160,-1.570,1,8.228,81.411,4
8.300,012,+56.5980834,+23.6902529,30.980,0.00,+0.00,+0.000,82.277,-0.100,-0.160,0.189,0.100,-0.970,1,8.328,82.277,4
8.400,012,+56.5980759,+23.6902564,30.760,0.00,+0.00,+0.000,83.135,-0.040,-0.160,0.165,0.040,-0.370,1,8.428,83.135,4
8.500,012,+56.5980685,+23.6902601,30.740,0.00,+0.00,+0.000,83.989,+0.000,-0.160,0.160,0.000,-0.010,1,8.528,83.989,4
8.600,012,+56.5980612,+23.6902641,30.870,0.00,+0.00,+0.000,84.845,+0.060,-0.150,0.162,0.000,+0.590,1,8.628,84.845,4
8.700,012,+56.5980538,+23.6902684,31.210,0.00,+0.00,+0.000,85.707,+0.120,-0.120,0.170,0.000,+1.190,1,8.728,85.707,4
8.800,012,+56.5980463,+23.6902730,31.770,0.00,+0.00,+0.000,86.582,+0.180,-0.110,0.211,0.000,+1.790,1,8.828,86.582,4
8.900,012,+56.5980388,+23.6902779,32.550,0.00,+0.00,+0.000,87.475,+0.240,-0.160,0.288,0.000,+2.390,1,8.928,87.475,4
9.000,012,+56.5980310,+23.6902830,33.440,0.00,+0.00,+0.000,88.391,+0.230,-0.160,0.280,0.000,+2.270,1,9.028,88.391,4
9.100,012,+56.5980231,+23.6902884,34.130,0.00,+0.00,+0.000,89.330,+0.170,-0.150,0.227,0.000,+1.670,1,9.128,89.330,4
9.200,012,+56.5980151,+23.6902941,34.600,0.00,+0.00,+0.000,90.284,+0.110,-0.170,0.202,0.000,+1.070,1,9.228,90.284,4
9.300,012,+56.5980071,+23.6903002,34.860,0.00,+0.00,+0.000,91.249,+0.050,-0.180,0.187,0.000,+0.470,1,9.328,91.249,4
9.400,012,+56.5979992,+23.6903066,34.930,0.00,+0.00,+0.000,92.218,+0.010,-0.190,0.190,0.000,+0.110,1,9.428,92.218,4
9.500,012,+56.5979913,+23.6903133,35.020,0.00,+0.00,+0.000,93.190,+0.050,-0.220,0.226,0.000,+0.470,1,9.528,93.190,4
9.600,012,+56.5979834,+23.6903204,35.320,0.00,+0.00,+0.000,94.167,+0.110,-0.190,0.220,0.000,+1.070,1,9.628,94.167,4
9.700,012,+56.5979755,+23.6903278,35.680,0.00,+0.00,+0.000,95.153,+0.100,-0.200,0.224,0.000,+0.950,1,9.728,95.153,4
9.800,012,+56.5979677,+23.6903356,35.890,0.00,+0.00,+0.000,96.147,+0.040,-0.170,0.175,0.000,+0.350,1,9.828,96.147,4
9.900,012,+56.5979599,+23.6903436,35.890,0.00,+0.00,+0.000,97.144,-0.020,-0.160,0.161,0.020,-0.250,1,9.928,97.144,4
10.000,012,+56.5979522,+23.6903518,35.690,0.00,+0.00,+0.000,98.138,-0.070,-0.160,0.175,0.070,-0.670,1,10.028,98.138,4
10.100,012,+56.5979446,+23.6903602,35.510,0.00,+0.00,+0.000,99.127,-0.040,-0.130,0.136,0.040,-0.420,1,10.128,99.127,4
10.200,012,+56.5979371,+23.6903687,35.480,0.00,+0.00,+0.000,100.113,+0.020,-0.140,0.141,0.000,+0.180,1,10.228,100.113,4
10.300,012,+56.5979297,+23.6903774,35.680,0.00,+0.00,+0.000,101.101,+0.080,-0.110,0.136,0.000,+0.780,1,10.328,101.101,4
10.400,012,+56.5979222,+23.6903864,35.830,0.00,+0.00,+0.000,102.095,+0.020,-0.090,0.092,0.000,+0.180,1,10.428,102.095,4
10.500,012,+56.5979148,+23.6903955,35.760,0.00,+0.00,+0.000,103.089,-0.040,-0.080,0.089,0.040,-0.420,1,10.528,103.089,4
10.600,012,+56.5979075,+23.6904047,35.480,0.00,+0.00,+0.000,104.078,-0.100,-0.060,0.117,0.100,-1.020,1,10.628,104.078,4
10.700,012,+56.5979003,+23.6904137,35.000,0.00,+0.00,+0.000,105.057,-0.140,-0.040,0.146,0.140,-1.380,1,10.728,105.057,4
10.800,012,+56.5978932,+23.6904226,34.630,0.00,+0.00,+0.000,106.024,-0.080,-0.050,0.094,0.080,-0.780,1,10.828,106.024,4
10.900,012,+56.5978861,+23.6904315,34.450,0.00,+0.00,+0.000,106.984,-0.050,-0.090,0.103,0.050,-0.470,1,10.928,106.984,4
11.000,012,+56.5978791,+23.6904405,34.270,0.00,+0.00,+0.000,107.938,-0.060,-0.090,0.108,0.060,-0.590,1,11.028,107.938,4
11.100,012,+56.5978722,+23.6904496,34.110,0.00,+0.00,+0.000,108.888,-0.040,-0.120,0.126,0.040,-0.440,1,11.128,108.888,4
11.200,012,+56.5978654,+23.6904588,33.970,0.00,+0.00,+0.000,109.833,-0.030,-0.120,0.124,0.030,-0.250,1,11.228,109.833,4
11.300,012,+56.5978587,+23.6904682,33.880,0.00,+0.00,+0.000,110.776,-0.010,-0.140,0.140,0.010,-0.120,1,11.328,110.776,4
11.400,012,+56.5978521,+23.6904777,33.930,0.00,+0.00,+0.000,111.718,+0.040,-0.140,0.146,0.000,+0.360,1,11.428,111.718,4
11.500,012,+56.5978455,+23.6904874,34.150,0.00,+0.00,+0.000,112.663,+0.070,-0.140,0.157,0.000,+0.720,1,11.528,112.663,4
11.600,012,+56.5978390,+23.6904975,34.370,0.00,+0.00,+0.000,113.615,+0.040,-0.140,0.146,0.000,+0.360,1,11.628,113.615,4
11.700,012,+56.5978325,+23.6905077,34.370,0.00,+0.00,+0.000,114.570,-0.020,-0.140,0.141,0.020,-0.240,1,11.728,114.570,4
11.800,012,+56.5978261,+23.6905180,34.160,0.00,+0.00,+0.000,115.521,-0.090,-0.140,0.166,0.090,-0.840,1,11.828,115.521,4
11.900,012,+56.5978199,+23.6905285,33.730,0.00,+0.00,+0.000,116.464,-0.150,-0.140,0.205,0.150,-1.440,1,11.928,116.464,4
12.000,012,+56.5978139,+23.6905389,33.190,0.00,+0.00,+0.000,117.394,-0.140,-0.130,0.191,0.140,-1.350,1,12.028,117.394,4
12.100,012,+56.5978080,+23.6905493,32.740,0.00,+0.00,+0.000,118.309,-0.140,-0.130,0.191,0.140,-1.400,1,12.128,118.309,4
12.200,012,+56.5978023,+23.6905597,32.120,0.00,+0.00,+0.000,119.210,-0.180,-0.110,0.211,0.180,-1.760,1,12.228,119.210,4
12.300,012,+56.5977968,+23.6905700,31.620,0.00,+0.00,+0.000,120.096,-0.120,-0.110,0.163,0.120,-1.160,1,12.328,120.096,4
12.400,012,+56.5977915,+23.6905804,31.330,0.00,+0.00,+0.000,120.970,-0.060,-0.070,0.092,0.060,-0.560,1,12.428,120.970,4
12.500,012,+56.5977862,+23.6905908,31.260,0.00,+0.00,+0.000,121.839,+0.000,-0.070,0.070,0.000,+0.040,1,12.528,121.839,4
12.600,012,+56.5977809,+23.6906013,31.410,0.00,+0.00,+0.000,122.710,+0.070,-0.040,0.081,0.000,+0.640,1,12.628,122.710,4
12.700,012,+56.5977756,+23.6906119,31.770,0.00,+0.00,+0.000,123.587,+0.130,-0.020,0.132,0.000,+1.240,1,12.728,123.587,4
12.800,012,+56.5977702,+23.6906226,32.350,0.00,+0.00,+0.000,124.478,+0.190,-0.020,0.191,0.000,+1.840,1,12.828,124.478,4
12.900,012,+56.5977647,+23.6906336,33.140,0.00,+0.00,+0.000,125.387,+0.250,+0.000,0.250,0.000,+2.440,1,12.928,125.387,4
13.000,012,+56.5977591,+23.6906449,33.890,0.00,+0.00,+0.000,126.318,+0.190,+0.000,0.190,0.000,+1.840,1,13.028,126.318,4
13.100,012,+56.5977534,+23.6906564,34.430,0.00,+0.00,+0.000,127.267,+0.130,+0.000,0.130,0.000,+1.240,1,13.128,127.267,4
13.200,012,+56.5977476,+23.6906680,34.750,0.00,+0.00,+0.000,128.228,+0.070,+0.000,0.070,0.000,+0.640,1,13.228,128.228,4
13.300,012,+56.5977417,+23.6906796,34.850,0.00,+0.00,+0.000,129.195,+0.000,-0.040,0.040,0.000,+0.040,1,13.328,129.195,4
13.400,012,+56.5977359,+23.6906913,34.750,0.00,+0.00,+0.000,130.161,-0.040,-0.110,0.117,0.040,-0.390,1,13.428,130.161,4
13.500,012,+56.5977301,+23.6907029,34.590,0.00,+0.00,+0.000,131.124,-0.040,-0.190,0.194,0.040,-0.380,1,13.528,131.124,4
13.600,012,+56.5977245,+23.6907147,34.400,0.00,+0.00,+0.000,132.083,-0.050,-0.260,0.265,0.050,-0.500,1,13.628,132.083,4
13.700,012,+56.5977191,+23.6907268,34.230,0.00,+0.00,+0.000,133.036,-0.040,-0.260,0.263,0.040,-0.380,1,13.728,133.036,4
13.800,012,+56.5977140,+23.6907392,34.130,0.00,+0.00,+0.000,133.985,+0.000,-0.330,0.330,0.000,-0.020,1,13.828,133.985,4
13.900,012,+56.5977091,+23.6907519,34.250,0.00,+0.00,+0.000,134.935,+0.060,-0.370,0.375,0.000,+0.580,1,13.928,134.935,4
14.000,012,+56.5977045,+23.6907650,34.590,0.00,+0.00,+0.000,135.891,+0.120,-0.380,0.398,0.000,+1.180,1,14.028,135.891,4
14.100,012,+56.5977002,+23.6907787,35.150,0.00,+0.00,+0.000,136.860,+0.180,-0.400,0.439,0.000,+1.780,1,14.128,136.860,4
14.200,012,+56.5976960,+23.6907929,35.920,0.00,+0.00,+0.000,137.847,+0.240,-0.410,0.475,0.000,+2.380,1,14.228,137.847,4
14.300,012,+56.5976921,+23.6908078,36.900,0.00,+0.00,+0.000,138.858,+0.300,-0.440,0.533,0.000,+2.980,1,14.328,138.858,4
14.400,012,+56.5976884,+23.6908234,37.930,0.00,+0.00,+0.000,139.897,+0.270,-0.460,0.533,0.000,+2.620,1,14.428,139.897,4
14.500,012,+56.5976851,+23.6908397,38.750,0.00,+0.00,+0.000,140.962,+0.210,-0.440,0.488,0.000,+2.020,1,14.528,140.962,4
14.600,012,+56.5976820,+23.6908565,39.350,0.00,+0.00,+0.000,142.047,+0.140,-0.390,0.414,0.000,+1.420,1,14.628,142.047,4
14.700,012,+56.5976793,+23.6908737,39.730,0.00,+0.00,+0.000,143.145,+0.080,-0.330,0.340,0.000,+0.820,1,14.728,143.145,4
14.800,012,+56.5976769,+23.6908912,39.890,0.00,+0.00,+0.000,144.251,+0.020,-0.260,0.261,0.000,+0.220,1,14.828,144.251,4
14.900,012,+56.5976746,+23.6909088,39.840,0.00,+0.00,+0.000,145.359,-0.040,-0.200,0.204,0.040,-0.380,1,14.928,145.359,4
15.000,012,+56.5976724,+23.6909263,39.600,0.00,+0.00,+0.000,146.462,-0.080,-0.130,0.153,0.080,-0.800,1,15.028,146.462,4
15.100,012,+56.5976704,+23.6909437,39.190,0.00,+0.00,+0.000,147.556,-0.140,-0.160,0.213,0.140,-1.400,1,15.128,147.556,4
15.200,012,+56.5976686,+23.6909610,38.680,0.00,+0.00,+0.000,148.638,-0.150,-0.160,0.219,0.150,-1.520,1,15.228,148.638,4
15.300,012,+56.5976669,+23.6909781,38.000,0.00,+0.00,+0.000,149.703,-0.220,-0.150,0.266,0.220,-2.120,1,15.328,149.703,4
15.400,012,+56.5976654,+23.6909948,37.230,0.00,+0.00,+0.000,150.748,-0.230,-0.140,0.269,0.230,-2.240,1,15.428,150.748,4
15.500,012,+56.5976640,+23.6910112,36.290,0.00,+0.00,+0.000,151.769,-0.290,-0.140,0.322,0.290,-2.840,1,15.528,151.769,4
15.600,012,+56.5976628,+23.6910272,35.340,0.00,+0.00,+0.000,152.764,-0.280,-0.120,0.305,0.280,-2.720,1,15.628,152.764,4
15.700,012,+56.5976618,+23.6910428,34.230,0.00,+0.00,+0.000,153.730,-0.340,-0.110,0.357,0.340,-3.320,1,15.728,153.730,4
15.800,012,+56.5976608,+23.6910578,32.930,0.00,+0.00,+0.000,154.663,-0.380,-0.080,0.388,0.380,-3.680,1,15.828,154.663,4
15.900,012,+56.5976600,+23.6910723,31.730,0.00,+0.00,+0.000,155.561,-0.320,-0.050,0.324,0.320,-3.100,1,15.928,155.561,4
16.000,012,+56.5976593,+23.6910863,30.740,0.00,+0.00,+0.000,156.428,-0.250,-0.030,0.252,0.250,-2.500,1,16.028,156.428,4
16.100,012,+56.5976586,+23.6911000,29.970,0.00,+0.00,+0.000,157.272,-0.190,-0.030,0.192,0.190,-1.900,1,16.128,157.272,4
16.200,012,+56.5976579,+23.6911133,29.390,0.00,+0.00,+0.000,158.096,-0.160,-0.010,0.160,0.160,-1.540,1,16.228,158.096,4
16.300,012,+56.5976572,+23.6911264,28.820,0.00,+0.00,+0.000,158.904,-0.160,+0.000,0.160,0.160,-1.520,1,16.328,158.904,4
16.400,012,+56.5976565,+23.6911392,28.340,0.00,+0.00,+0.000,159.698,-0.130,+0.000,0.130,0.130,-1.250,1,16.428,159.698,4
16.500,012,+56.5976558,+23.6911519,28.020,0.00,+0.00,+0.000,160.481,-0.070,+0.000,0.070,0.070,-0.650,1,16.528,160.481,4
16.600,012,+56.5976552,+23.6911645,27.910,0.00,+0.00,+0.000,161.258,-0.010,+0.000,0.010,0.010,-0.050,1,16.628,161.258,4
16.700,012,+56.5976545,+23.6911770,28.020,0.00,+0.00,+0.000,162.035,+0.060,+0.000,0.060,0.000,+0.550,1,16.728,162.035,4
16.800,012,+56.5976538,+23.6911897,28.350,0.00,+0.00,+0.000,162.818,+0.120,+0.000,0.120,0.000,+1.150,1,16.828,162.818,4
16.900,012,+56.5976532,+23.6912026,28.900,0.00,+0.00,+0.000,163.613,+0.180,+0.000,0.180,0.000,+1.750,1,16.928,163.613,4
17.000,012,+56.5976525,+23.6912159,29.600,0.00,+0.00,+0.000,164.425,+0.190,+0.000,0.190,0.000,+1.870,1,17.028,164.425,4
17.100,012,+56.5976518,+23.6912293,30.150,0.00,+0.00,+0.000,165.255,+0.130,+0.000,0.130,0.000,+1.270,1,17.128,165.255,4
17.200,012,+56.5976510,+23.6912430,30.470,0.00,+0.00,+0.000,166.097,+0.070,+0.000,0.070,0.000,+0.670,1,17.228,166.097,4
17.300,012,+56.5976503,+23.6912568,30.580,0.00,+0.00,+0.000,166.945,+0.010,+0.000,0.010,0.000,+0.070,1,17.328,166.945,4
17.400,012,+56.5976496,+23.6912705,30.480,0.00,+0.00,+0.000,167.793,-0.050,+0.000,0.050,0.050,-0.530,1,17.428,167.793,4
17.500,012,+56.5976489,+23.6912842,30.210,0.00,+0.00,+0.000,168.636,-0.070,+0.000,0.070,0.070,-0.650,1,17.528,168.636,4
17.600,012,+56.5976482,+23.6912977,30.110,0.00,+0.00,+0.000,169.474,-0.010,+0.000,0.010,0.010,-0.050,1,17.628,169.474,4
17.700,012,+56.5976475,+23.6913113,29.980,0.00,+0.00,+0.000,170.308,-0.040,+0.000,0.040,0.040,-0.400,1,17.728,170.308,4
17.800,012,+56.5976467,+23.6913247,29.760,0.00,+0.00,+0.000,171.138,-0.080,+0.000,0.080,0.080,-0.760,1,17.828,171.138,4
17.900,012,+56.5976460,+23.6913380,29.510,0.00,+0.00,+0.000,171.961,-0.070,+0.000,0.070,0.070,-0.720,1,17.928,171.961,4
18.000,012,+56.5976453,+23.6913513,29.380,0.00,+0.00,+0.000,172.779,-0.010,+0.000,0.010,0.010,-0.120,1,18.028,172.779,4
18.100,012,+56.5976446,+23.6913645,29.470,0.00,+0.00,+0.000,173.597,+0.050,+0.000,0.050,0.000,+0.480,1,18.128,173.597,4
18.200,012,+56.5976439,+23.6913779,29.770,0.00,+0.00,+0.000,174.419,+0.110,+0.000,0.110,0.000,+1.080,1,18.228,174.419,4
18.300,012,+56.5976432,+23.6913914,30.290,0.00,+0.00,+0.000,175.253,+0.170,+0.000,0.170,0.000,+1.680,1,18.328,175.253,4
18.400,012,+56.5976425,+23.6914052,31.020,0.00,+0.00,+0.000,176.105,+0.230,-0.040,0.233,0.000,+2.280,1,18.428,176.105,4
18.500,012,+56.5976418,+23.6914195,31.960,0.00,+0.00,+0.000,176.980,+0.270,-0.120,0.295,0.000,+2.640,1,18.528,176.980,4
18.600,012,+56.5976410,+23.6914341,32.780,0.00,+0.00,+0.000,177.879,+0.210,-0.310,0.374,0.000,+2.040,1,18.628,177.879,4
18.700,012,+56.5976402,+23.6914490,33.380,0.00,+0.00,+0.000,178.798,+0.150,-0.420,0.446,0.000,+1.440,1,18.728,178.798,4
18.800,012,+56.5976398,+23.6914642,33.770,0.00,+0.00,+0.000,179.730,+0.090,-0.630,0.636,0.000,+0.840,1,18.828,179.730,4
18.900,012,+56.5976401,+23.6914795,33.980,0.00,+0.00,+0.000,180.671,+0.050,-0.730,0.732,0.000,+0.480,1,18.928,180.671,4
19.000,012,+56.5976414,+23.6914947,34.140,0.00,+0.00,+0.000,181.617,+0.040,-0.930,0.931,0.000,+0.360,1,19.028,181.617,4
19.100,012,+56.5976436,+23.6915097,34.280,0.00,+0.00,+0.000,182.568,+0.050,-0.900,0.901,0.000,+0.480,1,19.128,182.568,4
19.200,012,+56.5976467,+23.6915242,34.510,0.00,+0.00,+0.000,183.523,+0.090,-0.550,0.557,0.000,+0.840,1,19.228,183.523,4
19.300,012,+56.5976507,+23.6915382,34.940,0.00,+0.00,+0.000,184.488,+0.150,-0.170,0.227,0.000,+1.440,1,19.328,184.488,4
19.400,012,+56.5976551,+23.6915519,35.420,0.00,+0.00,+0.000,185.465,+0.110,+0.110,0.156,0.000,+1.080,1,19.428,185.465,4
19.500,012,+56.5976590,+23.6915664,35.680,0.00,+0.00,+0.000,186.452,+0.050,+0.520,0.522,0.000,+0.480,1,19.528,186.452,4
19.600,012,+56.5976620,+23.6915816,35.720,0.00,+0.00,+0.000,187.444,-0.010,+0.780,0.780,0.010,-0.120,1,19.628,187.444,4
19.700,012,+56.5976640,+23.6915973,35.560,0.00,+0.00,+0.000,188.434,-0.050,+0.380,0.383,0.050,-0.480,1,19.728,188.434,4
19.800,012,+56.5976651,+23.6916132,35.500,0.00,+0.00,+0.000,189.421,-0.010,-0.270,0.270,0.010,-0.120,1,19.828,189.421,4
19.900,012,+56.5976655,+23.6916292,35.330,0.00,+0.00,+0.000,190.405,-0.070,-1.170,1.172,0.070,-0.720,1,19.928,190.405,4
20.000,012,+56.5976671,+23.6916447,34.940,0.00,+0.00,+0.000,191.381,-0.130,-1.700,1.705,0.130,-1.320,1,20.028,191.381,4
20.100,012,+56.5976711,+23.6916585,34.340,0.00,+0.00,+0.000,192.343,-0.200,-1.890,1.901,0.200,-1.920,1,20.128,192.343,4
20.200,012,+56.5976773,+23.6916687,33.510,0.00,+0.00,+0.000,193.285,-0.260,-1.900,1.918,0.260,-2.520,1,20.228,193.285,4
20.300,012,+56.5976847,+23.6916751,32.580,0.00,+0.00,+0.000,194.203,-0.240,-1.670,1.687,0.240,-2.400,1,20.328,194.203,4
20.400,012,+56.5976924,+23.6916793,31.850,0.00,+0.00,+0.000,195.098,-0.180,-1.110,1.124,0.180,-1.800,1,20.428,195.098,4
20.500,012,+56.5977000,+23.6916828,31.330,0.00,+0.00,+0.000,195.976,-0.120,-0.710,0.720,0.120,-1.200,1,20.528,195.976,4
20.600,012,+56.5977076,+23.6916860,31.020,0.00,+0.00,+0.000,196.842,-0.060,-0.430,0.434,0.060,-0.600,1,20.628,196.842,4
20.700,012,+56.5977152,+23.6916887,30.940,0.00,+0.00,+0.000,197.702,+0.000,-0.310,0.310,0.000,+0.000,1,20.728,197.702,4
20.800,012,+56.5977228,+23.6916909,31.070,0.00,+0.00,+0.000,198.563,+0.060,-0.270,0.277,0.000,+0.600,1,20.828,198.563,4
20.900,012,+56.5977305,+23.6916927,31.410,0.00,+0.00,+0.000,199.431,+0.120,-0.260,0.286,0.000,+1.200,1,20.928,199.431,4
21.000,012,+56.5977384,+23.6916941,31.900,0.00,+0.00,+0.000,200.311,+0.130,-0.200,0.239,0.000,+1.320,1,21.028,200.311,4
21.100,012,+56.5977464,+23.6916950,32.250,0.00,+0.00,+0.000,201.202,+0.070,-0.180,0.193,0.000,+0.720,1,21.128,201.202,4
21.200,012,+56.5977545,+23.6916956,32.380,0.00,+0.00,+0.000,202.099,+0.010,-0.150,0.150,0.000,+0.120,1,21.228,202.099,4
21.300,012,+56.5977625,+23.6916961,32.340,0.00,+0.00,+0.000,202.998,+0.000,-0.080,0.080,0.000,+0.000,1,21.328,202.998,4
21.400,012,+56.5977706,+23.6916966,32.390,0.00,+0.00,+0.000,203.897,+0.040,-0.050,0.064,0.000,+0.360,1,21.428,203.897,4
21.500,012,+56.5977787,+23.6916971,32.650,0.00,+0.00,+0.000,204.800,+0.100,+0.000,0.100,0.000,+0.960,1,21.528,204.800,4
21.600,012,+56.5977869,+23.6916976,33.120,0.00,+0.00,+0.000,205.714,+0.160,+0.000,0.160,0.000,+1.560,1,21.628,205.714,4
21.700,012,+56.5977953,+23.6916982,33.810,0.00,+0.00,+0.000,206.643,+0.220,+0.000,0.220,0.000,+2.160,1,21.728,206.643,4
21.800,012,+56.5978038,+23.6916987,34.610,0.00,+0.00,+0.000,207.594,+0.210,+0.000,0.210,0.000,+2.040,1,21.828,207.594,4
21.900,012,+56.5978126,+23.6916992,35.320,0.00,+0.00,+0.000,208.565,+0.200,+0.000,0.200,0.000,+1.920,1,21.928,208.565,4
22.000,012,+56.5978215,+23.6916998,35.970,0.00,+0.00,+0.000,209.555,+0.180,+0.000,0.180,0.000,+1.800,1,22.028,209.555,4
22.100,012,+56.5978305,+23.6917004,36.560,0.00,+0.00,+0.000,210.563,+0.150,+0.000,0.150,0.000,+1.440,1,22.128,210.563,4
22.200,012,+56.5978397,+23.6917009,36.950,0.00,+0.00,+0.000,211.583,+0.090,+0.000,0.090,0.000,+0.840,1,22.228,211.583,4
22.300,012,+56.5978490,+23.6917015,37.120,0.00,+0.00,+0.000,212.612,+0.020,+0.000,0.020,0.000,+0.240,1,22.328,212.612,4
22.400,012,+56.5978582,+23.6917021,37.070,0.00,+0.00,+0.000,213.643,-0.040,+0.000,0.040,0.040,-0.360,1,22.428,213.643,4
22.500,012,+56.5978674,+23.6917027,36.820,0.00,+0.00,+0.000,214.669,-0.100,+0.000,0.100,0.100,-0.960,1,22.528,214.669,4
22.600,012,+56.5978765,+23.6917032,36.340,0.00,+0.00,+0.000,215.685,-0.160,+0.000,0.160,0.160,-1.560,1,22.628,215.685,4
22.700,012,+56.5978855,+23.6917038,35.650,0.00,+0.00,+0.000,216.685,-0.220,+0.000,0.220,0.220,-2.160,1,22.728,216.685,4
22.800,012,+56.5978943,+23.6917043,34.740,0.00,+0.00,+0.000,217.662,-0.280,+0.000,0.280,0.280,-2.760,1,22.828,217.662,4
22.900,012,+56.5979028,+23.6917049,33.620,0.00,+0.00,+0.000,218.612,-0.340,+0.000,0.340,0.340,-3.360,1,22.928,218.612,4
23.000,012,+56.5979110,+23.6917054,32.280,0.00,+0.00,+0.000,219.527,-0.400,+0.000,0.400,0.400,-3.960,1,23.028,219.527,4
23.100,012,+56.5979188,+23.6917059,30.830,0.00,+0.00,+0.000,220.404,-0.390,+0.000,0.390,0.390,-3.840,1,23.128,220.404,4
23.200,012,+56.5979263,+23.6917063,29.570,0.00,+0.00,+0.000,221.243,-0.330,+0.000,0.330,0.330,-3.240,1,23.228,221.243,4
23.300,012,+56.5979335,+23.6917068,28.540,0.00,+0.00,+0.000,222.050,-0.270,+0.000,0.270,0.270,-2.640,1,23.328,222.050,4
23.400,012,+56.5979405,+23.6917072,27.710,0.00,+0.00,+0.000,222.831,-0.210,+0.000,0.210,0.210,-2.040,1,23.428,222.831,4
23.500,012,+56.5979473,+23.6917077,27.110,0.00,+0.00,+0.000,223.592,-0.150,+0.000,0.150,0.150,-1.440,1,23.528,223.592,4
23.600,012,+56.5979540,+23.6917081,26.720,0.00,+0.00,+0.000,224.340,-0.090,+0.000,0.090,0.090,-0.840,1,23.628,224.340,4
23.700,012,+56.5979606,+23.6917085,26.550,0.00,+0.00,+0.000,225.080,-0.020,+0.000,0.020,0.020,-0.240,1,23.728,225.080,4
23.800,012,+56.5979673,+23.6917089,26.590,0.00,+0.00,+0.000,225.818,+0.040,+0.000,0.040,0.000,+0.360,1,23.828,225.818,4
23.900,012,+56.5979739,+23.6917093,26.850,0.00,+0.00,+0.000,226.560,+0.100,+0.000,0.100,0.000,+0.960,1,23.928,226.560,4
24.000,012,+56.5979807,+23.6917097,27.320,0.00,+0.00,+0.000,227.312,+0.160,+0.000,0.160,0.000,+1.560,1,24.028,227.312,4
24.100,012,+56.5979876,+23.6917102,27.930,0.00,+0.00,+0.000,228.080,+0.170,+0.000,0.170,0.000,+1.680,1,24.128,228.080,4
24.200,012,+56.5979946,+23.6917106,28.400,0.00,+0.00,+0.000,228.862,+0.110,+0.000,0.110,0.000,+1.080,1,24.228,228.862,4
24.300,012,+56.5980017,+23.6917111,28.660,0.00,+0.00,+0.000,229.655,+0.050,+0.000,0.050,0.000,+0.480,1,24.328,229.655,4
24.400,012,+56.5980089,+23.6917115,28.700,0.00,+0.00,+0.000,230.451,-0.010,+0.000,0.010,0.010,-0.120,1,24.428,230.451,4
24.500,012,+56.5980161,+23.6917120,28.650,0.00,+0.00,+0.000,231.248,+0.000,+0.000,0.000,0.000,+0.000,1,24.528,231.248,4
24.600,012,+56.5980232,+23.6917124,28.660,0.00,+0.00,+0.000,232.044,+0.010,+0.000,0.010,0.000,+0.120,1,24.628,232.044,4
24.700,012,+56.5980304,+23.6917128,28.830,0.00,+0.00,+0.000,232.842,+0.070,+0.000,0.070,0.000,+0.720,1,24.728,232.842,4
24.800,012,+56.5980376,+23.6917133,29.220,0.00,+0.00,+0.000,233.649,+0.130,+0.000,0.130,0.000,+1.320,1,24.828,233.649,4
24.900,012,+56.5980450,+23.6917138,29.830,0.00,+0.00,+0.000,234.469,+0.200,+0.000,0.200,0.000,+1.920,1,24.928,234.469,4
25.000,012,+56.5980525,+23.6917142,30.650,0.00,+0.00,+0.000,235.309,+0.260,+0.000,0.260,0.000,+2.520,1,25.028,235.309,4
25.100,012,+56.5980603,+23.6917147,31.680,0.00,+0.00,+0.000,236.174,+0.320,+0.000,0.320,0.000,+3.120,1,25.128,236.174,4
25.200,012,+56.5980684,+23.6917152,32.930,0.00,+0.00,+0.000,237.072,+0.380,+0.000,0.380,0.000,+3.720,1,25.228,237.072,4
25.300,012,+56.5980768,+23.6917158,34.400,0.00,+0.00,+0.000,238.007,+0.440,+0.000,0.440,0.000,+4.320,1,25.328,238.007,4
25.400,012,+56.5980856,+23.6917163,35.830,0.00,+0.00,+0.000,238.982,+0.380,+0.000,0.380,0.000,+3.720,1,25.428,238.982,4
25.500,012,+56.5980948,+23.6917169,37.040,0.00,+0.00,+0.000,239.994,+0.320,+0.000,0.320,0.000,+3.120,1,25.528,239.994,4
25.600,012,+56.5981041,+23.6917175,38.030,0.00,+0.00,+0.000,241.037,+0.260,+0.000,0.260,0.000,+2.520,1,25.628,241.037,4
25.700,012,+56.5981137,+23.6917181,38.810,0.00,+0.00,+0.000,242.104,+0.200,-0.050,0.206,0.000,+1.920,1,25.728,242.104,4
25.800,012,+56.5981235,+23.6917187,39.400,0.00,+0.00,+0.000,243.191,+0.160,-0.270,0.314,0.000,+1.560,1,25.828,243.191,4
25.900,012,+56.5981334,+23.6917193,39.900,0.00,+0.00,+0.000,244.292,+0.120,-0.390,0.408,0.000,+1.200,1,25.928,244.292,4
26.000,012,+56.5981434,+23.6917191,40.210,0.00,+0.00,+0.000,245.405,+0.060,-0.630,0.633,0.000,+0.600,1,26.028,245.405,4
26.100,012,+56.5981534,+23.6917175,40.290,0.00,+0.00,+0.000,246.523,+0.000,-0.870,0.870,0.000,+0.000,1,26.128,246.523,4
26.200,012,+56.5981633,+23.6917142,40.160,0.00,+0.00,+0.000,247.640,-0.060,-0.920,0.922,0.060,-0.600,1,26.228,247.640,4
26.300,012,+56.5981729,+23.6917094,39.830,0.00,+0.00,+0.000,248.751,-0.100,-0.960,0.965,0.100,-0.960,1,26.328,248.751,4
26.400,012,+56.5981822,+23.6917032,39.410,0.00,+0.00,+0.000,249.852,-0.130,-0.750,0.761,0.130,-1.320,1,26.428,249.852,4
26.500,012,+56.5981910,+23.6916955,38.860,0.00,+0.00,+0.000,250.939,-0.170,-0.750,0.769,0.170,-1.680,1,26.528,250.939,4
26.600,012,+56.5981994,+23.6916872,38.130,0.00,+0.00,+0.000,252.008,-0.230,-0.700,0.737,0.230,-2.210,1,26.628,252.008,4
26.700,012,+56.5982075,+23.6916788,37.300,0.00,+0.00,+0.000,253.056,-0.240,-0.600,0.646,0.240,-2.330,1,26.728,253.056,4
26.800,012,+56.5982152,+23.6916696,36.510,0.00,+0.00,+0.000,254.081,-0.210,-0.590,0.626,0.210,-2.070,1,26.828,254.081,4
26.900,012,+56.5982223,+23.6916596,35.830,0.00,+0.00,+0.000,255.085,-0.170,-0.530,0.557,0.170,-1.700,1,26.928,255.085,4
27.000,012,+56.5982289,+23.6916489,35.210,0.00,+0.00,+0.000,256.072,-0.180,-0.320,0.367,0.180,-1.750,1,27.028,256.072,4
27.100,012,+56.5982350,+23.6916376,34.600,0.00,+0.00,+0.000,257.042,-0.170,+0.000,0.170,0.170,-1.670,1,27.128,257.042,4
27.200,012,+56.5982408,+23.6916263,34.050,0.00,+0.00,+0.000,257.995,-0.150,+0.250,0.292,0.150,-1.420,1,27.228,257.995,4
27.300,012,+56.5982469,+23.6916158,33.640,0.00,+0.00,+0.000,258.935,-0.090,+0.420,0.430,0.090,-0.910,1,27.328,258.935,4
27.400,012,+56.5982535,+23.6916066,33.450,0.00,+0.00,+0.000,259.867,-0.030,+0.620,0.621,0.030,-0.310,1,27.428,259.867,4
27.500,012,+56.5982605,+23.6915984,33.470,0.00,+0.00,+0.000,260.797,+0.030,+0.720,0.721,0.000,+0.290,1,27.528,260.797,4
27.600,012,+56.5982679,+23.6915912,33.700,0.00,+0.00,+0.000,261.729,+0.090,+0.700,0.706,0.000,+0.890,1,27.628,261.729,4
27.700,012,+56.5982756,+23.6915848,34.160,0.00,+0.00,+0.000,262.672,+0.150,+0.590,0.609,0.000,+1.490,1,27.728,262.672,4
27.800,012,+56.5982837,+23.6915793,34.820,0.00,+0.00,+0.000,263.630,+0.210,+0.520,0.561,0.000,+2.090,1,27.828,263.630,4
27.900,012,+56.5982921,+23.6915746,35.710,0.00,+0.00,+0.000,264.610,+0.270,+0.760,0.807,0.000,+2.690,1,27.928,264.610,4
28.000,012,+56.5983009,+23.6915702,36.790,0.00,+0.00,+0.000,265.617,+0.310,+1.140,1.181,0.000,+3.050,1,28.028,265.617,4
28.100,012,+56.5983099,+23.6915662,37.760,0.00,+0.00,+0.000,266.652,+0.250,+1.300,1.324,0.000,+2.450,1,28.128,266.652,4
28.200,012,+56.5983194,+23.6915649,38.510,0.00,+0.00,+0.000,267.711,+0.190,+1.680,1.691,0.000,+1.850,1,28.228,267.711,4
28.300,012,+56.5983290,+23.6915674,39.050,0.00,+0.00,+0.000,268.788,+0.130,+2.120,2.124,0.000,+1.250,1,28.328,268.788,4
28.400,012,+56.5983381,+23.6915740,39.370,0.00,+0.00,+0.000,269.878,+0.070,+1.950,1.951,0.000,+0.650,1,28.428,269.878,4
28.500,012,+56.5983461,+23.6915842,39.480,0.00,+0.00,+0.000,270.973,+0.010,+1.700,1.700,0.000,+0.050,1,28.528,270.973,4
28.600,012,+56.5983531,+23.6915967,39.370,0.00,+0.00,+0.000,272.068,-0.060,+1.150,1.152,0.060,-0.550,1,28.628,272.068,4
28.700,012,+56.5983596,+23.6916099,39.040,0.00,+0.00,+0.000,273.157,-0.120,+0.510,0.524,0.120,-1.150,1,28.728,273.157,4
28.800,012,+56.5983663,+23.6916226,38.500,0.00,+0.00,+0.000,274.234,-0.180,-0.010,0.180,0.180,-1.750,1,28.828,274.234,4
28.900,012,+56.5983730,+23.6916347,37.760,0.00,+0.00,+0.000,275.293,-0.210,-0.340,0.400,0.210,-2.110,1,28.928,275.293,4
29.000,012,+56.5983799,+23.6916461,37.130,0.00,+0.00,+0.000,276.333,-0.150,-0.390,0.418,0.150,-1.510,1,29.028,276.333,4
29.100,012,+56.5983869,+23.6916568,36.600,0.00,+0.00,+0.000,277.357,-0.170,-0.350,0.389,0.170,-1.630,1,29.128,277.357,4
29.200,012,+56.5983940,+23.6916669,35.940,0.00,+0.00,+0.000,278.365,-0.200,-0.340,0.394,0.200,-1.990,1,29.228,278.365,4
29.300,012,+56.5984012,+23.6916764,35.220,0.00,+0.00,+0.000,279.353,-0.200,-0.320,0.377,0.200,-1.930,1,29.328,279.353,4
29.400,012,+56.5984084,+23.6916852,34.390,0.00,+0.00,+0.000,280.320,-0.260,-0.280,0.382,0.260,-2.530,1,29.428,280.320,4
29.500,012,+56.5984155,+23.6916933,33.360,0.00,+0.00,+0.000,281.261,-0.320,-0.240,0.400,0.320,-3.130,1,29.528,281.261,4
29.600,012,+56.5984226,+23.6917007,32.360,0.00,+0.00,+0.000,282.174,-0.260,-0.220,0.341,0.260,-2.530,1,29.628,282.174,4
29.700,012,+56.5984296,+23.6917077,31.580,0.00,+0.00,+0.000,283.062,-0.200,-0.210,0.290,0.200,-1.930,1,29.728,283.062,4
29.800,012,+56.5984364,+23.6917145,31.020,0.00,+0.00,+0.000,283.931,-0.140,-0.200,0.244,0.140,-1.330,1,29.828,283.931,4
29.900,012,+56.5984432,+23.6917209,30.670,0.00,+0.00,+0.000,284.788,-0.070,-0.200,0.212,0.070,-0.730,1,29.928,284.788,4
30.000,012,+56.5984501,+23.6917269,30.540,0.00,+0.00,+0.000,285.638,-0.010,-0.220,0.220,0.010,-0.130,1,30.028,285.638,4
30.100,012,+56.5984570,+23.6917326,30.620,0.00,+0.00,+0.000,286.488,+0.050,-0.260,0.265,0.000,+0.470,1,30.128,286.488,4
30.200,012,+56.5984641,+23.6917379,30.920,0.00,+0.00,+0.000,287.342,+0.110,-0.280,0.301,0.000,+1.070,1,30.228,287.342,4
30.300,012,+56.5984714,+23.6917428,31.330,0.00,+0.00,+0.000,288.207,+0.100,-0.250,0.269,0.000,+0.950,1,30.328,288.207,4
30.400,012,+56.5984789,+23.6917474,31.550,0.00,+0.00,+0.000,289.080,+0.040,-0.250,0.253,0.000,+0.350,1,30.428,289.080,4
30.500,012,+56.5984864,+23.6917517,31.540,0.00,+0.00,+0.000,289.956,-0.030,-0.250,0.252,0.030,-0.250,1,30.528,289.956,4
30.600,012,+56.5984939,+23.6917554,31.330,0.00,+0.00,+0.000,290.830,-0.090,-0.230,0.247,0.090,-0.850,1,30.628,290.830,4
30.700,012,+56.5985015,+23.6917588,30.940,0.00,+0.00,+0.000,291.694,-0.100,-0.210,0.233,0.100,-0.970,1,30.728,291.694,4
30.800,012,+56.5985090,+23.6917617,30.700,0.00,+0.00,+0.000,292.551,-0.050,-0.220,0.226,0.050,-0.440,1,30.828,292.551,4
30.900,012,+56.5985165,+23.6917643,30.670,0.00,+0.00,+0.000,293.403,+0.020,-0.240,0.241,0.000,+0.160,1,30.928,293.403,4
31.000,012,+56.5985241,+23.6917668,30.850,0.00,+0.00,+0.000,294.257,+0.080,-0.310,0.320,0.000,+0.760,1,31.028,294.257,4
31.100,012,+56.5985317,+23.6917691,31.250,0.00,+0.00,+0.000,295.120,+0.140,-0.380,0.405,0.000,+1.360,1,31.128,295.120,4
31.200,012,+56.5985396,+23.6917705,31.870,0.00,+0.00,+0.000,295.997,+0.200,-0.410,0.456,0.000,+1.960,1,31.228,295.997,4
31.300,012,+56.5985476,+23.6917712,32.710,0.00,+0.00,+0.000,296.893,+0.260,-0.540,0.599,0.000,+2.560,1,31.328,296.893,4
31.400,012,+56.5985559,+23.6917708,33.760,0.00,+0.00,+0.000,297.817,+0.320,-0.610,0.689,0.000,+3.160,1,31.428,297.817,4
31.500,012,+56.5985645,+23.6917693,34.950,0.00,+0.00,+0.000,298.771,+0.330,-0.620,0.702,0.000,+3.280,1,31.528,298.771,4
31.600,012,+56.5985733,+23.6917667,36.110,0.00,+0.00,+0.000,299.758,+0.350,-0.640,0.729,0.000,+3.400,1,31.628,299.758,4
31.700,012,+56.5985822,+23.6917629,37.460,0.00,+0.00,+0.000,300.780,+0.410,-0.920,1.007,0.000,+4.000,1,31.728,300.780,4
31.800,012,+56.5985914,+23.6917582,38.920,0.00,+0.00,+0.000,301.841,+0.400,-1.050,1.124,0.000,+3.880,1,31.828,301.841,4
31.900,012,+56.5986007,+23.6917519,40.190,0.00,+0.00,+0.000,302.939,+0.330,-1.280,1.322,0.000,+3.280,1,31.928,302.939,4
32.000,012,+56.5986096,+23.6917430,41.240,0.00,+0.00,+0.000,304.070,+0.270,-1.350,1.377,0.000,+2.680,1,32.028,304.070,4
32.100,012,+56.5986179,+23.6917316,42.070,0.00,+0.00,+0.000,305.227,+0.210,-1.520,1.534,0.000,+2.080,1,32.128,305.227,4
32.200,012,+56.5986253,+23.6917179,42.690,0.00,+0.00,+0.000,306.405,+0.150,-1.290,1.299,0.000,+1.480,1,32.228,306.405,4
32.300,012,+56.5986321,+23.6917029,43.090,0.00,+0.00,+0.000,307.596,+0.090,-1.070,1.074,0.000,+0.880,1,32.328,307.596,4
32.400,012,+56.5986384,+23.6916870,43.280,0.00,+0.00,+0.000,308.796,+0.030,-0.840,0.841,0.000,+0.280,1,32.428,308.796,4
32.500,012,+56.5986440,+23.6916703,43.250,0.00,+0.00,+0.000,309.997,-0.030,-0.540,0.541,0.030,-0.320,1,32.528,309.997,4
32.600,012,+56.5986491,+23.6916531,43.000,0.00,+0.00,+0.000,311.195,-0.090,-0.410,0.420,0.090,-0.920,1,32.628,311.195,4
32.700,012,+56.5986540,+23.6916359,42.660,0.00,+0.00,+0.000,312.385,-0.110,-0.280,0.301,0.110,-1.040,1,32.728,312.385,4
32.800,012,+56.5986589,+23.6916189,42.160,0.00,+0.00,+0.000,313.563,-0.170,-0.100,0.197,0.170,-1.640,1,32.828,313.563,4
32.900,012,+56.5986637,+23.6916022,41.430,0.00,+0.00,+0.000,314.724,-0.230,-0.200,0.305,0.230,-2.240,1,32.928,314.724,4
33.000,012,+56.5986682,+23.6915856,40.500,0.00,+0.00,+0.000,315.862,-0.290,-0.320,0.432,0.290,-2.840,1,33.028,315.862,4
33.100,012,+56.5986723,+23.6915691,39.350,0.00,+0.00,+0.000,316.971,-0.350,-0.430,0.554,0.350,-3.400,1,33.128,316.971,4
33.200,012,+56.5986758,+23.6915529,38.170,0.00,+0.00,+0.000,318.048,-0.310,-0.530,0.614,0.310,-3.080,1,33.228,318.048,4
33.300,012,+56.5986788,+23.6915369,36.930,0.00,+0.00,+0.000,319.091,-0.380,-0.560,0.677,0.380,-3.680,1,33.328,319.091,4
33.400,012,+56.5986811,+23.6915211,35.610,0.00,+0.00,+0.000,320.098,-0.360,-0.420,0.553,0.360,-3.560,1,33.428,320.098,4
33.500,012,+56.5986830,+23.6915057,34.460,0.00,+0.00,+0.000,321.071,-0.300,-0.390,0.492,0.300,-2.960,1,33.528,321.071,4
33.600,012,+56.5986845,+23.6914906,33.520,0.00,+0.00,+0.000,322.016,-0.240,-0.470,0.528,0.240,-2.360,1,33.628,322.016,4
33.700,012,+56.5986857,+23.6914758,32.800,0.00,+0.00,+0.000,322.937,-0.180,-0.440,0.475,0.180,-1.760,1,33.728,322.937,4
33.800,012,+56.5986863,+23.6914611,32.300,0.00,+0.00,+0.000,323.841,-0.120,-0.340,0.361,0.120,-1.160,1,33.828,323.841,4
33.900,012,+56.5986866,+23.6914466,32.010,0.00,+0.00,+0.000,324.734,-0.060,-0.420,0.424,0.060,-0.560,1,33.928,324.734,4
34.000,012,+56.5986866,+23.6914322,31.920,0.00,+0.00,+0.000,325.622,-0.020,-0.370,0.371,0.020,-0.200,1,34.028,325.622,4
34.100,012,+56.5986862,+23.6914178,31.710,0.00,+0.00,+0.000,326.506,-0.080,-0.280,0.291,0.080,-0.800,1,34.128,326.506,4
34.200,012,+56.5986856,+23.6914036,31.330,0.00,+0.00,+0.000,327.381,-0.120,-0.270,0.295,0.120,-1.160,1,34.228,327.381,4
34.300,012,+56.5986847,+23.6913897,30.900,0.00,+0.00,+0.000,328.246,-0.130,-0.190,0.230,0.130,-1.280,1,34.328,328.246,4
34.400,012,+56.5986837,+23.6913759,30.510,0.00,+0.00,+0.000,329.098,-0.090,-0.110,0.142,0.090,-0.910,1,34.428,329.098,4
34.500,012,+56.5986826,+23.6913623,30.290,0.00,+0.00,+0.000,329.943,-0.040,-0.110,0.117,0.040,-0.410,1,34.528,329.943,4
34.600,012,+56.5986816,+23.6913488,30.240,0.00,+0.00,+0.000,330.784,+0.010,-0.030,0.032,0.000,+0.080,1,34.628,330.784,4
34.700,012,+56.5986805,+23.6913352,30.230,0.00,+0.00,+0.000,331.623,+0.000,+0.000,0.000,0.000,+0.030,1,34.728,331.623,4
34.800,012,+56.5986795,+23.6913217,30.250,0.00,+0.00,+0.000,332.463,+0.010,+0.000,0.010,0.000,+0.150,1,34.828,332.463,4
34.900,012,+56.5986784,+23.6913081,30.280,0.00,+0.00,+0.000,333.304,+0.030,+0.000,0.030,0.000,+0.290,1,34.928,333.304,4
35.000,012,+56.5986774,+23.6912945,30.520,0.00,+0.00,+0.000,334.149,+0.090,+0.000,0.090,0.000,+0.890,1,35.028,334.149,4
35.100,012,+56.5986763,+23.6912807,30.970,0.00,+0.00,+0.000,335.003,+0.150,+0.000,0.150,0.000,+1.490,1,35.128,335.003,4
35.200,012,+56.5986752,+23.6912667,31.630,0.00,+0.00,+0.000,335.872,+0.210,+0.000,0.210,0.000,+2.090,1,35.228,335.872,4
35.300,012,+56.5986741,+23.6912523,32.510,0.00,+0.00,+0.000,336.763,+0.270,+0.000,0.270,0.000,+2.690,1,35.328,336.763,4
35.400,012,+56.5986730,+23.6912374,33.610,0.00,+0.00,+0.000,337.681,+0.340,+0.040,0.342,0.000,+3.290,1,35.428,337.681,4
35.500,012,+56.5986718,+23.6912220,34.930,0.00,+0.00,+0.000,338.633,+0.400,+0.130,0.421,0.000,+3.890,1,35.528,338.633,4
35.600,012,+56.5986706,+23.6912060,36.350,0.00,+0.00,+0.000,339.623,+0.380,+0.340,0.510,0.000,+3.770,1,35.628,339.623,4
35.700,012,+56.5986694,+23.6911893,37.670,0.00,+0.00,+0.000,340.651,+0.350,+0.470,0.586,0.000,+3.410,1,35.728,340.651,4
35.800,012,+56.5986689,+23.6911720,38.760,0.00,+0.00,+0.000,341.713,+0.290,+0.730,0.785,0.000,+2.810,1,35.828,341.713,4
35.900,012,+56.5986691,+23.6911542,39.650,0.00,+0.00,+0.000,342.802,+0.230,+0.880,0.910,0.000,+2.210,1,35.928,342.802,4
36.000,012,+56.5986703,+23.6911362,40.310,0.00,+0.00,+0.000,343.912,+0.160,+1.090,1.102,0.000,+1.610,1,36.028,343.912,4
36.100,012,+56.5986723,+23.6911182,40.800,0.00,+0.00,+0.000,345.039,+0.130,+1.000,1.008,0.000,+1.250,1,36.128,345.039,4
36.200,012,+56.5986753,+23.6911005,41.200,0.00,+0.00,+0.000,346.178,+0.120,+1.200,1.206,0.000,+1.130,1,36.228,346.178,4
36.300,012,+56.5986791,+23.6910831,41.480,0.00,+0.00,+0.000,347.326,+0.050,+1.110,1.111,0.000,+0.530,1,36.328,347.326,4
36.400,012,+56.5986838,+23.6910664,41.540,0.00,+0.00,+0.000,348.479,-0.010,+1.180,1.180,0.010,-0.070,1,36.428,348.479,4
36.500,012,+56.5986895,+23.6910507,41.390,0.00,+0.00,+0.000,349.631,-0.070,+1.370,1.372,0.070,-0.670,1,36.528,349.631,4
36.600,012,+56.5986961,+23.6910364,41.010,0.00,+0.00,+0.000,350.775,-0.130,+1.240,1.247,0.130,-1.270,1,36.628,350.775,4
36.700,012,+56.5987034,+23.6910238,40.470,0.00,+0.00,+0.000,351.907,-0.160,+1.280,1.290,0.160,-1.530,1,36.728,351.907,4
36.800,012,+56.5987114,+23.6910128,39.790,0.00,+0.00,+0.000,353.022,-0.220,+0.950,0.975,0.220,-2.130,1,36.828,353.022,4
36.900,012,+56.5987198,+23.6910038,38.900,0.00,+0.00,+0.000,354.115,-0.280,+0.760,0.810,0.280,-2.730,1,36.928,354.115,4
37.000,012,+56.5987283,+23.6909960,37.780,0.00,+0.00,+0.000,355.180,-0.340,+0.450,0.564,0.340,-3.330,1,37.028,355.180,4
37.100,012,+56.5987366,+23.6909888,36.460,0.00,+0.00,+0.000,356.211,-0.400,+0.290,0.494,0.400,-3.930,1,37.128,356.211,4
37.200,012,+56.5987446,+23.6909818,34.920,0.00,+0.00,+0.000,357.202,-0.450,+0.050,0.453,0.450,-4.380,1,37.228,357.202,4
37.300,012,+56.5987523,+23.6909751,33.300,0.00,+0.00,+0.000,358.150,-0.460,+0.000,0.460,0.460,-4.500,1,37.328,358.150,4
37.400,012,+56.5987595,+23.6909687,31.700,0.00,+0.00,+0.000,359.053,-0.430,+0.000,0.430,0.430,-4.250,1,37.428,359.053,4
37.500,012,+56.5987665,+23.6909627,30.300,0.00,+0.00,+0.000,359.914,-0.370,+0.000,0.370,0.370,-3.650,1,37.528,359.914,4
37.600,012,+56.5987731,+23.6909569,29.120,0.00,+0.00,+0.000,360.739,-0.310,+0.000,0.310,0.310,-3.050,1,37.628,360.739,4
37.700,012,+56.5987795,+23.6909512,28.150,0.00,+0.00,+0.000,361.534,-0.250,+0.000,0.250,0.250,-2.450,1,37.728,361.534,4
37.800,012,+56.5987857,+23.6909458,27.400,0.00,+0.00,+0.000,362.306,-0.190,+0.000,0.190,0.190,-1.850,1,37.828,362.306,4
37.900,012,+56.5987918,+23.6909405,26.860,0.00,+0.00,+0.000,363.059,-0.130,+0.000,0.130,0.130,-1.250,1,37.928,363.059,4
38.000,012,+56.5987978,+23.6909352,26.540,0.00,+0.00,+0.000,363.801,-0.070,+0.000,0.070,0.070,-0.650,1,38.028,363.801,4
38.100,012,+56.5988037,+23.6909300,26.410,0.00,+0.00,+0.000,364.537,-0.020,+0.000,0.020,0.020,-0.150,1,38.128,364.537,4
38.200,012,+56.5988097,+23.6909249,26.350,0.00,+0.00,+0.000,365.269,-0.030,+0.000,0.030,0.030,-0.280,1,38.228,365.269,4
38.300,012,+56.5988156,+23.6909197,26.170,0.00,+0.00,+0.000,365.999,-0.070,+0.000,0.070,0.070,-0.640,1,38.328,365.999,4
38.400,012,+56.5988214,+23.6909146,25.980,0.00,+0.00,+0.000,366.723,-0.050,+0.000,0.050,0.050,-0.520,1,38.428,366.723,4
38.500,012,+56.5988272,+23.6909095,25.800,0.00,+0.00,+0.000,367.442,-0.040,+0.000,0.040,0.040,-0.400,1,38.528,367.442,4
38.600,012,+56.5988330,+23.6909044,25.630,0.00,+0.00,+0.000,368.157,-0.030,+0.000,0.030,0.030,-0.280,1,38.628,368.157,4
38.700,012,+56.5988388,+23.6908994,25.650,0.00,+0.00,+0.000,368.869,+0.030,+0.000,0.030,0.000,+0.300,1,38.728,368.869,4
38.800,012,+56.5988446,+23.6908943,25.890,0.00,+0.00,+0.000,369.585,+0.090,+0.000,0.090,0.000,+0.900,1,38.828,369.585,4
38.900,012,+56.5988504,+23.6908892,26.260,0.00,+0.00,+0.000,370.309,+0.100,+0.000,0.100,0.000,+1.020,1,38.928,370.309,4
39.000,012,+56.5988564,+23.6908840,26.550,0.00,+0.00,+0.000,371.042,+0.070,+0.000,0.070,0.000,+0.660,1,39.028,371.042,4
39.100,012,+56.5988624,+23.6908787,26.780,0.00,+0.00,+0.000,371.783,+0.060,+0.000,0.060,0.000,+0.540,1,39.128,371.783,4
39.200,012,+56.5988684,+23.6908735,26.930,0.00,+0.00,+0.000,372.529,+0.040,+0.000,0.040,0.000,+0.420,1,39.228,372.529,4
39.300,012,+56.5988745,+23.6908681,27.210,0.00,+0.00,+0.000,373.281,+0.100,+0.000,0.100,0.000,+1.020,1,39.328,373.281,4
39.400,012,+56.5988807,+23.6908627,27.700,0.00,+0.00,+0.000,374.044,+0.170,+0.000,0.170,0.000,+1.620,1,39.428,374.044,4
39.500,012,+56.5988870,+23.6908572,28.420,0.00,+0.00,+0.000,374.823,+0.230,+0.000,0.230,0.000,+2.220,1,39.528,374.823,4
39.600,012,+56.5988935,+23.6908515,29.350,0.00,+0.00,+0.000,375.625,+0.290,+0.000,0.290,0.000,+2.820,1,39.628,375.625,4
39.700,012,+56.5989002,+23.6908456,30.490,0.00,+0.00,+0.000,376.457,+0.350,+0.000,0.350,0.000,+3.420,1,39.728,376.457,4
39.800,012,+56.5989073,+23.6908395,31.750,0.00,+0.00,+0.000,377.321,+0.340,+0.000,0.340,0.000,+3.300,1,39.828,377.321,4
39.900,012,+56.5989145,+23.6908331,32.810,0.00,+0.00,+0.000,378.218,+0.280,+0.000,0.280,0.000,+2.700,1,39.928,378.218,4
40.000,012,+56.5989220,+23.6908265,33.650,0.00,+0.00,+0.000,379.141,+0.210,+0.000,0.210,0.000,+2.100,1,40.028,379.141,4
40.100,012,+56.5989297,+23.6908198,34.280,0.00,+0.00,+0.000,380.084,+0.150,+0.000,0.150,0.000,+1.500,1,40.128,380.084,4
40.200,012,+56.5989375,+23.6908130,34.860,0.00,+0.00,+0.000,381.044,+0.190,+0.000,0.190,0.000,+1.860,1,40.228,381.044,4
40.300,012,+56.5989454,+23.6908061,35.660,0.00,+0.00,+0.000,382.024,+0.250,+0.000,0.250,0.000,+2.460,1,40.328,382.024,4
40.400,012,+56.5989535,+23.6907990,36.480,0.00,+0.00,+0.000,383.026,+0.210,+0.000,0.210,0.000,+2.100,1,40.428,383.026,4
40.500,012,+56.5989618,+23.6907917,37.250,0.00,+0.00,+0.000,384.050,+0.230,+0.000,0.230,0.000,+2.220,1,40.528,384.050,4
40.600,012,+56.5989703,+23.6907843,38.020,0.00,+0.00,+0.000,385.095,+0.240,+0.000,0.240,0.000,+2.340,1,40.628,385.095,4
40.700,012,+56.5989790,+23.6907767,38.990,0.00,+0.00,+0.000,386.165,+0.300,+0.000,0.300,0.000,+2.940,1,40.728,386.165,4
40.800,012,+56.5989879,+23.6907689,40.010,0.00,+0.00,+0.000,387.262,+0.260,+0.000,0.260,0.000,+2.580,1,40.828,387.262,4
40.900,012,+56.5989970,+23.6907610,40.810,0.00,+0.00,+0.000,388.385,+0.200,+0.000,0.200,0.000,+1.980,1,40.928,388.385,4
41.000,012,+56.5990062,+23.6907529,41.390,0.00,+0.00,+0.000,389.526,+0.140,+0.000,0.140,0.000,+1.380,1,41.028,389.526,4
41.100,012,+56.5990156,+23.6907447,41.760,0.00,+0.00,+0.000,390.681,+0.080,+0.000,0.080,0.000,+0.780,1,41.128,390.681,4
41.200,012,+56.5990250,+23.6907365,41.910,0.00,+0.00,+0.000,391.843,+0.020,+0.000,0.020,0.000,+0.180,1,41.228,391.843,4
41.300,012,+56.5990344,+23.6907282,41.840,0.00,+0.00,+0.000,393.006,-0.040,+0.000,0.040,0.040,-0.420,1,41.328,393.006,4
41.400,012,+56.5990438,+23.6907200,41.560,0.00,+0.00,+0.000,394.165,-0.100,+0.000,0.100,0.100,-1.020,1,41.428,394.165,4
41.500,012,+56.5990530,+23.6907119,41.070,0.00,+0.00,+0.000,395.312,-0.170,+0.000,0.170,0.170,-1.620,1,41.528,395.312,4
41.600,012,+56.5990622,+23.6907039,40.480,0.00,+0.00,+0.000,396.445,-0.160,+0.000,0.160,0.160,-1.530,1,41.628,396.445,4
41.700,012,+56.5990712,+23.6906960,39.990,0.00,+0.00,+0.000,397.563,-0.120,+0.000,0.120,0.120,-1.220,1,41.728,397.563,4
41.800,012,+56.5990802,+23.6906882,39.680,0.00,+0.00,+0.000,398.669,-0.060,+0.000,0.060,0.060,-0.620,1,41.828,398.669,4
41.900,012,+56.5990890,+23.6906804,39.470,0.00,+0.00,+0.000,399.768,-0.080,+0.000,0.080,0.080,-0.740,1,41.928,399.768,4
42.000,012,+56.5990979,+23.6906727,39.070,0.00,+0.00,+0.000,400.859,-0.140,+0.130,0.191,0.140,-1.340,1,42.028,400.859,4
42.100,012,+56.5991066,+23.6906651,38.460,0.00,+0.00,+0.000,401.936,-0.200,+0.300,0.361,0.200,-1.940,1,42.128,401.936,4
42.200,012,+56.5991151,+23.6906577,37.670,0.00,+0.00,+0.000,402.993,-0.220,+0.460,0.510,0.220,-2.190,1,42.228,402.993,4
42.300,012,+56.5991237,+23.6906513,36.930,0.00,+0.00,+0.000,404.030,-0.210,+0.520,0.561,0.210,-2.070,1,42.328,404.030,4
42.400,012,+56.5991324,+23.6906462,36.260,0.00,+0.00,+0.000,405.046,-0.170,+0.660,0.682,0.170,-1.710,1,42.428,405.046,4
42.500,012,+56.5991411,+23.6906424,35.680,0.00,+0.00,+0.000,406.045,-0.140,+0.750,0.763,0.140,-1.350,1,42.528,406.045,4
42.600,012,+56.5991498,+23.6906397,35.330,0.00,+0.00,+0.000,407.032,-0.080,+0.750,0.754,0.080,-0.750,1,42.628,407.032,4
42.700,012,+56.5991585,+23.6906383,35.010,0.00,+0.00,+0.000,408.008,-0.090,+0.750,0.755,0.090,-0.870,1,42.728,408.008,4
42.800,012,+56.5991672,+23.6906380,34.690,0.00,+0.00,+0.000,408.977,-0.100,+0.680,0.687,0.100,-0.990,1,42.828,408.977,4
42.900,012,+56.5991758,+23.6906389,34.310,0.00,+0.00,+0.000,409.935,-0.110,+0.750,0.758,0.110,-1.110,1,42.928,409.935,4
43.000,012,+56.5991842,+23.6906409,33.780,0.00,+0.00,+0.000,410.881,-0.170,+0.740,0.759,0.170,-1.710,1,43.028,410.881,4
43.100,012,+56.5991923,+23.6906441,33.120,0.00,+0.00,+0.000,411.810,-0.180,+0.720,0.742,0.180,-1.790,1,43.128,411.810,4
43.200,012,+56.5992002,+23.6906484,32.610,0.00,+0.00,+0.000,412.723,-0.120,+0.660,0.671,0.120,-1.190,1,43.228,412.723,4
43.300,012,+56.5992077,+23.6906536,32.240,0.00,+0.00,+0.000,413.623,-0.110,+0.710,0.718,0.110,-1.070,1,43.328,413.623,4
43.400,012,+56.5992149,+23.6906599,31.850,0.00,+0.00,+0.000,414.513,-0.110,+0.850,0.857,0.110,-1.070,1,43.428,414.513,4
43.500,012,+56.5992218,+23.6906668,31.480,0.00,+0.00,+0.000,415.393,-0.100,+0.910,0.915,0.100,-0.970,1,43.528,415.393,4
43.600,012,+56.5992283,+23.6906745,31.000,0.00,+0.00,+0.000,416.261,-0.160,+0.900,0.914,0.160,-1.570,1,43.628,416.261,4
43.700,012,+56.5992341,+23.6906835,30.300,0.00,+0.00,+0.000,417.112,-0.220,+1.080,1.102,0.220,-2.170,1,43.728,417.112,4
43.800,012,+56.5992390,+23.6906936,29.390,0.00,+0.00,+0.000,417.941,-0.280,+1.080,1.116,0.280,-2.770,1,43.828,417.941,4
43.900,012,+56.5992428,+23.6907046,28.260,0.00,+0.00,+0.000,418.742,-0.340,+1.020,1.075,0.340,-3.370,1,43.928,418.742,4
44.000,012,+56.5992455,+23.6907160,26.970,0.00,+0.00,+0.000,419.509,-0.360,+0.880,0.951,0.360,-3.490,1,44.028,419.509,4
44.100,012,+56.5992473,+23.6907274,25.840,0.00,+0.00,+0.000,420.242,-0.290,+0.720,0.776,0.290,-2.890,1,44.128,420.242,4
44.200,012,+56.5992483,+23.6907387,24.930,0.00,+0.00,+0.000,420.948,-0.230,+0.580,0.624,0.230,-2.290,1,44.228,420.948,4
44.300,012,+56.5992486,+23.6907498,24.230,0.00,+0.00,+0.000,421.630,-0.170,+0.460,0.490,0.170,-1.690,1,44.328,421.630,4
44.400,012,+56.5992487,+23.6907606,23.750,0.00,+0.00,+0.000,422.297,-0.110,+0.260,0.282,0.110,-1.090,1,44.428,422.297,4
44.500,012,+56.5992487,+23.6907713,23.490,0.00,+0.00,+0.000,422.953,-0.050,+0.180,0.187,0.050,-0.490,1,44.528,422.953,4
44.600,012,+56.5992487,+23.6907819,23.440,0.00,+0.00,+0.000,423.605,+0.010,+0.100,0.100,0.000,+0.110,1,44.628,423.605,4
44.700,012,+56.5992487,+23.6907925,23.610,0.00,+0.00,+0.000,424.258,+0.070,+0.030,0.076,0.000,+0.710,1,44.728,424.258,4
44.800,012,+56.5992487,+23.6908033,23.990,0.00,+0.00,+0.000,424.919,+0.130,+0.000,0.130,0.000,+1.310,1,44.828,424.919,4
44.900,012,+56.5992487,+23.6908143,24.590,0.00,+0.00,+0.000,425.594,+0.190,+0.080,0.206,0.000,+1.910,1,44.928,425.594,4
45.000,012,+56.5992487,+23.6908256,25.410,0.00,+0.00,+0.000,426.288,+0.260,+0.150,0.300,0.000,+2.510,1,45.028,426.288,4
45.100,012,+56.5992487,+23.6908374,26.440,0.00,+0.00,+0.000,427.009,+0.320,+0.300,0.439,0.000,+3.110,1,45.128,427.009,4
45.200,012,+56.5992487,+23.6908497,27.670,0.00,+0.00,+0.000,427.760,+0.350,+0.490,0.602,0.000,+3.470,1,45.228,427.760,4
45.300,012,+56.5992483,+23.6908625,28.790,0.00,+0.00,+0.000,428.544,+0.290,+0.690,0.748,0.000,+2.870,1,45.328,428.544,4
45.400,012,+56.5992469,+23.6908755,29.690,0.00,+0.00,+0.000,429.357,+0.230,+0.810,0.842,0.000,+2.270,1,45.428,429.357,4
45.500,012,+56.5992445,+23.6908884,30.380,0.00,+0.00,+0.000,430.191,+0.170,+0.980,0.995,0.000,+1.670,1,45.528,430.191,4
45.600,012,+56.5992410,+23.6909007,30.850,0.00,+0.00,+0.000,431.041,+0.110,+1.100,1.105,0.000,+1.070,1,45.628,431.041,4
45.700,012,+56.5992365,+23.6909121,31.190,0.00,+0.00,+0.000,431.903,+0.100,+1.070,1.075,0.000,+0.950,1,45.728,431.903,4
45.800,012,+56.5992312,+23.6909225,31.570,0.00,+0.00,+0.000,432.775,+0.110,+1.030,1.036,0.000,+1.070,1,45.828,432.775,4
45.900,012,+56.5992252,+23.6909320,32.000,0.00,+0.00,+0.000,433.658,+0.120,+0.990,0.997,0.000,+1.190,1,45.928,433.658,4
46.000,012,+56.5992187,+23.6909405,32.470,0.00,+0.00,+0.000,434.553,+0.130,+0.850,0.860,0.000,+1.310,1,46.028,434.553,4
46.100,012,+56.5992116,+23.6909478,33.000,0.00,+0.00,+0.000,435.462,+0.170,+0.690,0.711,0.000,+1.670,1,46.128,435.462,4
46.200,012,+56.5992039,+23.6909538,33.730,0.00,+0.00,+0.000,436.389,+0.230,+0.570,0.615,0.000,+2.270,1,46.228,436.389,4
46.300,012,+56.5991958,+23.6909589,34.670,0.00,+0.00,+0.000,437.339,+0.290,+0.440,0.527,0.000,+2.870,1,46.328,437.339,4
46.400,012,+56.5991875,+23.6909641,35.580,0.00,+0.00,+0.000,438.315,+0.230,+0.290,0.370,0.000,+2.270,1,46.428,438.315,4
46.500,012,+56.5991790,+23.6909693,36.260,0.00,+0.00,+0.000,439.312,+0.170,+0.130,0.214,0.000,+1.670,1,46.528,439.312,4
46.600,012,+56.5991704,+23.6909746,36.730,0.00,+0.00,+0.000,440.326,+0.110,+0.000,0.110,0.000,+1.070,1,46.628,440.326,4
46.700,012,+56.5991616,+23.6909800,36.990,0.00,+0.00,+0.000,441.350,+0.050,+0.000,0.050,0.000,+0.470,1,46.728,441.350,4
46.800,012,+56.5991529,+23.6909854,37.060,0.00,+0.00,+0.000,442.379,+0.010,+0.000,0.010,0.000,+0.110,1,46.828,442.379,4
46.900,012,+56.5991441,+23.6909907,37.040,0.00,+0.00,+0.000,443.408,-0.010,+0.000,0.010,0.010,-0.070,1,46.928,443.408,4
47.000,012,+56.5991354,+23.6909961,37.000,0.00,+0.00,+0.000,444.436,-0.020,+0.000,0.020,0.020,-0.200,1,47.028,444.436,4
47.100,012,+56.5991267,+23.6910015,36.800,0.00,+0.00,+0.000,445.461,-0.080,+0.000,0.080,0.080,-0.800,1,47.128,445.461,4
47.200,012,+56.5991180,+23.6910068,36.510,0.00,+0.00,+0.000,446.479,-0.100,+0.000,0.100,0.100,-0.990,1,47.228,446.479,4
47.300,012,+56.5991095,+23.6910121,36.100,0.00,+0.00,+0.000,447.488,-0.120,+0.000,0.120,0.120,-1.170,1,47.328,447.488,4
47.400,012,+56.5991010,+23.6910173,35.700,0.00,+0.00,+0.000,448.485,-0.110,+0.000,0.110,0.110,-1.080,1,47.428,448.485,4
47.500,012,+56.5990926,+23.6910225,35.360,0.00,+0.00,+0.000,449.472,-0.090,+0.000,0.090,0.090,-0.830,1,47.528,449.472,4
47.600,012,+56.5990843,+23.6910276,35.080,0.00,+0.00,+0.000,450.450,-0.070,+0.000,0.070,0.070,-0.680,1,47.628,450.450,4
47.700,012,+56.5990760,+23.6910327,34.780,0.00,+0.00,+0.000,451.421,-0.110,+0.000,0.110,0.110,-1.090,1,47.728,451.421,4
47.800,012,+56.5990679,+23.6910377,34.260,0.00,+0.00,+0.000,452.379,-0.170,+0.000,0.170,0.170,-1.690,1,47.828,452.379,4
47.900,012,+56.5990599,+23.6910426,33.600,0.00,+0.00,+0.000,453.322,-0.200,+0.000,0.200,0.200,-1.920,1,47.928,453.322,4
48.000,012,+56.5990520,+23.6910474,32.970,0.00,+0.00,+0.000,454.247,-0.170,+0.000,0.170,0.170,-1.630,1,48.028,454.247,4
48.100,012,+56.5990443,+23.6910522,32.450,0.00,+0.00,+0.000,455.155,-0.140,+0.000,0.140,0.140,-1.420,1,48.128,455.155,4
48.200,012,+56.5990367,+23.6910568,31.980,0.00,+0.00,+0.000,456.050,-0.140,+0.000,0.140,0.140,-1.330,1,48.228,456.050,4
48.300,012,+56.5990292,+23.6910615,31.520,0.00,+0.00,+0.000,456.932,-0.130,+0.000,0.130,0.130,-1.280,1,48.328,456.932,4
48.400,012,+56.5990218,+23.6910660,31.100,0.00,+0.00,+0.000,457.802,-0.120,+0.000,0.120,0.120,-1.150,1,48.428,457.802,4
48.500,012,+56.5990145,+23.6910705,30.800,0.00,+0.00,+0.000,458.661,-0.060,+0.000,0.060,0.060,-0.610,1,48.528,458.661,4
48.600,012,+56.5990073,+23.6910750,30.710,0.00,+0.00,+0.000,459.516,+0.000,+0.000,0.000,0.000,-0.010,1,48.628,459.516,4
48.700,012,+56.5990000,+23.6910794,30.840,0.00,+0.00,+0.000,460.371,+0.060,+0.000,0.060,0.000,+0.590,1,48.728,460.371,4
48.800,012,+56.5989927,+23.6910840,31.180,0.00,+0.00,+0.000,461.232,+0.120,+0.000,0.120,0.000,+1.190,1,48.828,461.232,4
48.900,012,+56.5989852,+23.6910885,31.740,0.00,+0.00,+0.000,462.106,+0.180,+0.000,0.180,0.000,+1.790,1,48.928,462.106,4
49.000,012,+56.5989776,+23.6910932,32.510,0.00,+0.00,+0.000,462.998,+0.240,+0.000,0.240,0.000,+2.390,1,49.028,462.998,4
49.100,012,+56.5989698,+23.6910980,33.500,0.00,+0.00,+0.000,463.915,+0.300,+0.000,0.300,0.000,+2.990,1,49.128,463.915,4
49.200,012,+56.5989617,+23.6911030,34.710,0.00,+0.00,+0.000,464.862,+0.370,+0.000,0.370,0.000,+3.590,1,49.228,464.862,4
49.300,012,+56.5989533,+23.6911082,36.130,0.00,+0.00,+0.000,465.846,+0.430,+0.000,0.430,0.000,+4.190,1,49.328,465.846,4
49.400,012,+56.5989446,+23.6911136,37.770,0.00,+0.00,+0.000,466.873,+0.490,+0.000,0.490,0.000,+4.790,1,49.428,466.873,4
49.500,012,+56.5989354,+23.6911192,39.530,0.00,+0.00,+0.000,467.946,+0.500,+0.000,0.500,0.000,+4.910,1,49.528,467.946,4
49.600,012,+56.5989258,+23.6911251,41.300,0.00,+0.00,+0.000,469.069,+0.500,+0.000,0.500,0.000,+4.910,1,49.628,469.069,4
49.700,012,+56.5989158,+23.6911313,43.060,0.00,+0.00,+0.000,470.241,+0.500,-0.040,0.502,0.000,+4.910,1,49.728,470.241,4
49.800,012,+56.5989054,+23.6911377,44.740,0.00,+0.00,+0.000,471.460,+0.450,-0.140,0.471,0.000,+4.430,1,49.828,471.460,4
49.900,012,+56.5988946,+23.6911443,46.210,0.00,+0.00,+0.000,472.723,+0.390,-0.360,0.531,0.000,+3.820,1,49.928,472.723,4
50.000,012,+56.5988836,+23.6911517,47.450,0.00,+0.00,+0.000,474.024,+0.330,-0.480,0.582,0.000,+3.220,1,50.028,474.024,4
50.100,012,+56.5988726,+23.6911604,48.490,0.00,+0.00,+0.000,475.357,+0.270,-0.730,0.778,0.000,+2.620,1,50.128,475.357,4
50.200,012,+56.5988617,+23.6911705,49.300,0.00,+0.00,+0.000,476.715,+0.210,-0.930,0.953,0.000,+2.020,1,50.228,476.715,4
50.300,012,+56.5988511,+23.6911821,49.900,0.00,+0.00,+0.000,478.092,+0.150,-0.980,0.991,0.000,+1.420,1,50.328,478.092,4
50.400,012,+56.5988408,+23.6911950,50.280,0.00,+0.00,+0.000,479.484,+0.080,-0.950,0.953,0.000,+0.820,1,50.428,479.484,4
50.500,012,+56.5988309,+23.6912091,50.450,0.00,+0.00,+0.000,480.883,+0.020,-1.100,1.100,0.000,+0.220,1,50.528,480.883,4
50.600,012,+56.5988217,+23.6912246,50.400,0.00,+0.00,+0.000,482.284,-0.040,-1.380,1.381,0.040,-0.380,1,50.628,482.284,4
50.700,012,+56.5988136,+23.6912418,50.140,0.00,+0.00,+0.000,483.680,-0.100,-1.520,1.523,0.100,-0.980,1,50.728,483.680,4
50.800,012,+56.5988065,+23.6912604,49.660,0.00,+0.00,+0.000,485.066,-0.160,-1.530,1.538,0.160,-1.580,1,50.828,485.066,4
50.900,012,+56.5988006,+23.6912799,48.960,0.00,+0.00,+0.000,486.436,-0.220,-1.200,1.220,0.220,-2.180,1,50.928,486.436,4
51.000,012,+56.5987959,+23.6913001,48.050,0.00,+0.00,+0.000,487.783,-0.280,-1.020,1.058,0.280,-2.780,1,51.028,487.783,4
51.100,012,+56.5987923,+23.6913205,46.920,0.00,+0.00,+0.000,489.102,-0.340,-0.710,0.787,0.340,-3.380,1,51.128,489.102,4
51.200,012,+56.5987891,+23.6913405,45.580,0.00,+0.00,+0.000,490.387,-0.410,-0.510,0.654,0.410,-3.980,1,51.228,490.387,4
51.300,012,+56.5987862,+23.6913600,44.010,0.00,+0.00,+0.000,491.631,-0.470,-0.410,0.624,0.470,-4.580,1,51.328,491.631,4
51.400,012,+56.5987837,+23.6913790,42.330,0.00,+0.00,+0.000,492.830,-0.490,-0.380,0.620,0.490,-4.820,1,51.428,492.830,4
51.500,012,+56.5987817,+23.6913973,40.590,0.00,+0.00,+0.000,493.982,-0.500,-0.380,0.628,0.500,-4.940,1,51.528,493.982,4
51.600,012,+56.5987801,+23.6914149,38.770,0.00,+0.00,+0.000,495.084,-0.520,-0.350,0.627,0.520,-5.060,1,51.628,495.084,4
51.700,012,+56.5987788,+23.6914318,36.900,0.00,+0.00,+0.000,496.135,-0.510,-0.320,0.602,0.510,-5.020,1,51.728,496.135,4
51.800,012,+56.5987779,+23.6914479,35.220,0.00,+0.00,+0.000,497.137,-0.450,-0.290,0.535,0.450,-4.420,1,51.828,497.137,4
51.900,012,+56.5987772,+23.6914634,33.760,0.00,+0.00,+0.000,498.095,-0.390,-0.240,0.458,0.390,-3.820,1,51.928,498.095,4
52.000,012,+56.5987768,+23.6914783,32.510,0.00,+0.00,+0.000,499.015,-0.330,-0.180,0.376,0.330,-3.220,1,52.028,499.015,4
52.100,012,+56.5987765,+23.6914927,31.480,0.00,+0.00,+0.000,499.904,-0.270,-0.130,0.300,0.270,-2.620,1,52.128,499.904,4
52.200,012,+56.5987765,+23.6915067,30.670,0.00,+0.00,+0.000,500.767,-0.210,-0.090,0.228,0.210,-2.020,1,52.228,500.767,4
52.300,012,+56.5987765,+23.6915204,30.070,0.00,+0.00,+0.000,501.611,-0.140,-0.050,0.149,0.140,-1.420,1,52.328,501.611,4
52.400,012,+56.5987765,+23.6915339,29.690,0.00,+0.00,+0.000,502.441,-0.080,-0.050,0.094,0.080,-0.820,1,52.428,502.441,4
52.500,012,+56.5987765,+23.6915473,29.520,0.00,+0.00,+0.000,503.263,-0.020,-0.020,0.028,0.020,-0.220,1,52.528,503.263,4
52.600,012,+56.5987765,+23.6915606,29.570,0.00,+0.00,+0.000,504.084,+0.040,-0.020,0.045,0.000,+0.380,1,52.628,504.084,4
52.700,012,+56.5987765,+23.6915741,29.840,0.00,+0.00,+0.000,504.909,+0.100,-0.070,0.122,0.000,+0.980,1,52.728,504.909,4
52.800,012,+56.5987765,+23.6915877,30.320,0.00,+0.00,+0.000,505.745,+0.160,-0.130,0.206,0.000,+1.580,1,52.828,505.745,4
52.900,012,+56.5987765,+23.6916016,31.020,0.00,+0.00,+0.000,506.597,+0.220,-0.190,0.291,0.000,+2.180,1,52.928,506.597,4
53.000,012,+56.5987766,+23.6916158,31.810,0.00,+0.00,+0.000,507.469,+0.230,-0.250,0.340,0.000,+2.300,1,53.028,507.469,4
53.100,012,+56.5987771,+23.6916304,32.540,0.00,+0.00,+0.000,508.363,+0.200,-0.330,0.386,0.000,+1.940,1,53.128,508.363,4
53.200,012,+56.5987781,+23.6916452,33.160,0.00,+0.00,+0.000,509.276,+0.160,-0.460,0.487,0.000,+1.580,1,53.228,509.276,4
53.300,012,+56.5987795,+23.6916601,33.670,0.00,+0.00,+0.000,510.204,+0.120,-0.510,0.524,0.000,+1.220,1,53.328,510.204,4
53.400,012,+56.5987813,+23.6916751,34.080,0.00,+0.00,+0.000,511.145,+0.110,-0.520,0.532,0.000,+1.100,1,53.428,511.145,4
53.500,012,+56.5987837,+23.6916900,34.610,0.00,+0.00,+0.000,512.099,+0.170,-0.710,0.730,0.000,+1.700,1,53.528,512.099,4
53.600,012,+56.5987866,+23.6917049,35.260,0.00,+0.00,+0.000,513.069,+0.190,-0.750,0.774,0.000,+1.820,1,53.628,513.069,4
53.700,012,+56.5987900,+23.6917198,35.790,0.00,+0.00,+0.000,514.056,+0.120,-0.870,0.878,0.000,+1.220,1,53.728,514.056,4
53.800,012,+56.5987941,+23.6917343,36.090,0.00,+0.00,+0.000,515.054,+0.060,-1.170,1.172,0.000,+0.620,1,53.828,515.054,4
53.900,012,+56.5987992,+23.6917477,36.190,0.00,+0.00,+0.000,516.058,+0.000,-1.200,1.200,0.000,+0.020,1,53.928,516.058,4
54.000,012,+56.5988053,+23.6917598,36.060,0.00,+0.00,+0.000,517.062,-0.060,-1.460,1.461,0.060,-0.580,1,54.028,517.062,4
54.100,012,+56.5988123,+23.6917698,35.730,0.00,+0.00,+0.000,518.059,-0.120,-1.470,1.475,0.120,-1.180,1,54.128,518.059,4
54.200,012,+56.5988199,+23.6917778,35.170,0.00,+0.00,+0.000,519.043,-0.180,-1.200,1.213,0.180,-1.780,1,54.228,519.043,4
54.300,012,+56.5988280,+23.6917835,34.500,0.00,+0.00,+0.000,520.011,-0.190,-0.990,1.008,0.190,-1.900,1,54.328,520.011,4
54.400,012,+56.5988362,+23.6917874,33.950,0.00,+0.00,+0.000,520.962,-0.130,-0.650,0.663,0.130,-1.300,1,54.428,520.962,4
54.500,012,+56.5988445,+23.6917903,33.610,0.00,+0.00,+0.000,521.900,-0.070,-0.480,0.485,0.070,-0.700,1,54.528,521.900,4
54.600,012,+56.5988527,+23.6917930,33.490,0.00,+0.00,+0.000,522.832,-0.010,-0.190,0.190,0.010,-0.100,1,54.628,522.832,4
54.700,012,+56.5988610,+23.6917957,33.560,0.00,+0.00,+0.000,523.763,+0.030,-0.060,0.067,0.000,+0.260,1,54.728,523.763,4
54.800,012,+56.5988692,+23.6917985,33.610,0.00,+0.00,+0.000,524.696,+0.010,+0.000,0.010,0.000,+0.140,1,54.828,524.696,4
54.900,012,+56.5988775,+23.6918012,33.620,0.00,+0.00,+0.000,525.630,+0.000,+0.000,0.000,0.000,+0.020,1,54.928,525.630,4
55.000,012,+56.5988857,+23.6918040,33.490,0.00,+0.00,+0.000,526.562,-0.060,-0.010,0.061,0.060,-0.580,1,55.028,526.562,4
55.100,012,+56.5988939,+23.6918067,33.150,0.00,+0.00,+0.000,527.488,-0.120,-0.020,0.122,0.120,-1.180,1,55.128,527.488,4
55.200,012,+56.5989019,+23.6918094,32.620,0.00,+0.00,+0.000,528.401,-0.160,-0.020,0.161,0.160,-1.540,1,55.228,528.401,4
55.300,012,+56.5989098,+23.6918120,32.020,0.00,+0.00,+0.000,529.299,-0.160,-0.040,0.165,0.160,-1.520,1,55.328,529.299,4
55.400,012,+56.5989176,+23.6918145,31.600,0.00,+0.00,+0.000,530.183,-0.090,-0.040,0.098,0.090,-0.920,1,55.428,530.183,4
55.500,012,+56.5989254,+23.6918168,31.400,0.00,+0.00,+0.000,531.057,-0.030,-0.050,0.058,0.030,-0.330,1,55.528,531.057,4
55.600,012,+56.5989331,+23.6918191,31.310,0.00,+0.00,+0.000,531.928,-0.020,-0.060,0.063,0.020,-0.210,1,55.628,531.928,4
55.700,012,+56.5989408,+23.6918213,31.260,0.00,+0.00,+0.000,532.798,-0.010,-0.060,0.061,0.010,-0.090,1,55.728,532.798,4
55.800,012,+56.5989485,+23.6918234,31.360,0.00,+0.00,+0.000,533.667,+0.050,-0.060,0.078,0.000,+0.510,1,55.828,533.667,4
55.900,012,+56.5989563,+23.6918254,31.670,0.00,+0.00,+0.000,534.543,+0.110,-0.060,0.125,0.000,+1.110,1,55.928,534.543,4
56.000,012,+56.5989642,+23.6918273,32.200,0.00,+0.00,+0.000,535.430,+0.170,-0.060,0.180,0.000,+1.710,1,56.028,535.430,4
56.100,012,+56.5989723,+23.6918292,32.950,0.00,+0.00,+0.000,536.335,+0.240,-0.060,0.247,0.000,+2.310,1,56.128,536.335,4
56.200,012,+56.5989806,+23.6918310,33.910,0.00,+0.00,+0.000,537.263,+0.300,-0.070,0.308,0.000,+2.910,1,56.228,537.263,4
56.300,012,+56.5989892,+23.6918328,35.090,0.00,+0.00,+0.000,538.222,+0.360,-0.070,0.367,0.000,+3.510,1,56.328,538.222,4
56.400,012,+56.5989981,+23.6918346,36.470,0.00,+0.00,+0.000,539.215,+0.390,-0.080,0.398,0.000,+3.870,1,56.428,539.215,4
56.500,012,+56.5990074,+23.6918362,37.780,0.00,+0.00,+0.000,540.247,+0.360,-0.080,0.369,0.000,+3.510,1,56.528,540.247,4
56.600,012,+56.5990169,+23.6918378,38.920,0.00,+0.00,+0.000,541.312,+0.300,-0.080,0.310,0.000,+2.910,1,56.628,541.312,4
56.700,012,+56.5990267,+23.6918393,39.840,0.00,+0.00,+0.000,542.406,+0.240,-0.060,0.247,0.000,+2.310,1,56.728,542.406,4
56.800,012,+56.5990368,+23.6918406,40.540,0.00,+0.00,+0.000,543.522,+0.170,-0.060,0.180,0.000,+1.710,1,56.828,543.522,4
56.900,012,+56.5990469,+23.6918419,41.030,0.00,+0.00,+0.000,544.655,+0.110,-0.040,0.117,0.000,+1.110,1,56.928,544.655,4
57.000,012,+56.5990572,+23.6918432,41.300,0.00,+0.00,+0.000,545.799,+0.050,-0.010,0.051,0.000,+0.510,1,57.028,545.799,4
57.100,012,+56.5990675,+23.6918445,41.360,0.00,+0.00,+0.000,546.947,-0.010,+0.000,0.010,0.010,-0.090,1,57.128,546.947,4
57.200,012,+56.5990778,+23.6918457,41.200,0.00,+0.00,+0.000,548.093,-0.070,+0.000,0.070,0.070,-0.690,1,57.228,548.093,4
57.300,012,+56.5990880,+23.6918470,40.820,0.00,+0.00,+0.000,549.232,-0.130,+0.000,0.130,0.130,-1.290,1,57.328,549.232,4
57.400,012,+56.5990980,+23.6918483,40.230,0.00,+0.00,+0.000,550.358,-0.190,+0.000,0.190,0.190,-1.890,1,57.428,550.358,4
57.500,012,+56.5991079,+23.6918495,39.590,0.00,+0.00,+0.000,551.467,-0.160,+0.000,0.160,0.160,-1.530,1,57.528,551.467,4
57.600,012,+56.5991177,+23.6918507,38.980,0.00,+0.00,+0.000,552.558,-0.190,+0.000,0.190,0.190,-1.890,1,57.628,552.558,4
57.700,012,+56.5991273,+23.6918519,38.170,0.00,+0.00,+0.000,553.630,-0.250,+0.000,0.250,0.250,-2.490,1,57.728,553.630,4
57.800,012,+56.5991366,+23.6918531,37.150,0.00,+0.00,+0.000,554.676,-0.310,+0.000,0.310,0.310,-3.090,1,57.828,554.676,4
57.900,012,+56.5991457,+23.6918542,35.910,0.00,+0.00,+0.000,555.690,-0.380,+0.000,0.380,0.380,-3.690,1,57.928,555.690,4
58.000,012,+56.5991544,+23.6918553,34.450,0.00,+0.00,+0.000,556.668,-0.440,+0.000,0.440,0.440,-4.290,1,58.028,556.668,4
58.100,012,+56.5991628,+23.6918564,32.780,0.00,+0.00,+0.000,557.601,-0.500,+0.000,0.500,0.500,-4.890,1,58.128,557.601,4
58.200,012,+56.5991707,+23.6918574,30.910,0.00,+0.00,+0.000,558.486,-0.530,+0.000,0.530,0.530,-5.210,1,58.228,558.486,4
58.300,012,+56.5991781,+23.6918583,28.980,0.00,+0.00,+0.000,559.318,-0.540,+0.000,0.540,0.540,-5.310,1,58.328,559.318,4
58.400,012,+56.5991850,+23.6918592,27.200,0.00,+0.00,+0.000,560.098,-0.480,+0.000,0.480,0.480,-4.710,1,58.428,560.098,4
58.500,012,+56.5991915,+23.6918600,25.630,0.00,+0.00,+0.000,560.832,-0.420,+0.000,0.420,0.420,-4.110,1,58.528,560.832,4
58.600,012,+56.5991977,+23.6918607,24.280,0.00,+0.00,+0.000,561.525,-0.360,+0.000,0.360,0.360,-3.510,1,58.628,561.525,4
58.700,012,+56.5992036,+23.6918615,23.140,0.00,+0.00,+0.000,562.184,-0.300,+0.000,0.300,0.300,-2.910,1,58.728,562.184,4
58.800,012,+56.5992092,+23.6918622,22.230,0.00,+0.00,+0.000,562.814,-0.240,+0.000,0.240,0.240,-2.310,1,58.828,562.814,4
58.900,012,+56.5992146,+23.6918629,21.520,0.00,+0.00,+0.000,563.421,-0.170,+0.000,0.170,0.170,-1.710,1,58.928,563.421,4
59.000,012,+56.5992199,+23.6918635,21.040,0.00,+0.00,+0.000,564.012,-0.110,+0.000,0.110,0.110,-1.110,1,59.028,564.012,4
59.100,012,+56.5992251,+23.6918642,20.770,0.00,+0.00,+0.000,564.593,-0.050,+0.000,0.050,0.050,-0.510,1,59.128,564.593,4
59.200,012,+56.5992303,+23.6918648,20.710,0.00,+0.00,+0.000,565.169,+0.010,+0.000,0.010,0.000,+0.090,1,59.228,565.169,4
59.300,012,+56.5992354,+23.6918655,20.870,0.00,+0.00,+0.000,565.747,+0.070,+0.000,0.070,0.000,+0.690,1,59.328,565.747,4
59.400,012,+56.5992407,+23.6918661,21.250,0.00,+0.00,+0.000,566.332,+0.130,+0.000,0.130,0.000,+1.290,1,59.428,566.332,4
59.500,012,+56.5992461,+23.6918668,21.840,0.00,+0.00,+0.000,566.930,+0.190,+0.000,0.190,0.000,+1.890,1,59.528,566.930,4
59.600,012,+56.5992516,+23.6918675,22.650,0.00,+0.00,+0.000,567.548,+0.250,+0.000,0.250,0.000,+2.490,1,59.628,567.548,4
59.700,012,+56.5992574,+23.6918682,23.680,0.00,+0.00,+0.000,568.192,+0.310,+0.000,0.310,0.000,+3.090,1,59.728,568.192,4
59.800,012,+56.5992635,+23.6918690,24.920,0.00,+0.00,+0.000,568.867,+0.380,+0.000,0.380,0.000,+3.690,1,59.828,568.867,4
59.900,012,+56.5992699,+23.6918698,26.380,0.00,+0.00,+0.000,569.579,+0.440,+0.000,0.440,0.000,+4.290,1,59.928,569.579,4
60.000,012,+56.5992767,+23.6918706,27.860,0.00,+0.00,+0.000,570.332,+0.400,+0.000,0.400,0.000,+3.930,1,60.028,570.332,4
60.100,012,+56.5992838,+23.6918715,29.150,0.00,+0.00,+0.000,571.124,+0.340,+0.000,0.340,0.000,+3.330,1,60.128,571.124,4
60.200,012,+56.5992912,+23.6918724,30.220,0.00,+0.00,+0.000,571.949,+0.280,+0.000,0.280,0.000,+2.730,1,60.228,571.949,4
60.300,012,+56.5992989,+23.6918734,31.070,0.00,+0.00,+0.000,572.800,+0.220,+0.000,0.220,0.000,+2.130,1,60.328,572.800,4
60.400,012,+56.5993067,+23.6918744,31.960,0.00,+0.00,+0.000,573.676,+0.280,+0.000,0.280,0.000,+2.730,1,60.428,573.676,4
60.500,012,+56.5993149,+23.6918754,33.080,0.00,+0.00,+0.000,574.579,+0.340,+0.000,0.340,0.000,+3.330,1,60.528,574.579,4
60.600,012,+56.5993233,+23.6918764,34.350,0.00,+0.00,+0.000,575.515,+0.350,+0.000,0.350,0.000,+3.450,1,60.628,575.515,4
60.700,012,+56.5993320,+23.6918775,35.460,0.00,+0.00,+0.000,576.485,+0.290,+0.000,0.290,0.000,+2.850,1,60.728,576.485,4
60.800,012,+56.5993410,+23.6918787,36.360,0.00,+0.00,+0.000,577.482,+0.230,+0.000,0.230,0.000,+2.250,1,60.828,577.482,4
60.900,012,+56.5993501,+23.6918798,37.040,0.00,+0.00,+0.000,578.502,+0.170,+0.000,0.170,0.000,+1.650,1,60.928,578.502,4
61.000,012,+56.5993594,+23.6918810,37.500,0.00,+0.00,+0.000,579.537,+0.110,+0.000,0.110,0.000,+1.050,1,61.028,579.537,4
61.100,012,+56.5993688,+23.6918821,37.750,0.00,+0.00,+0.000,580.582,+0.050,+0.000,0.050,0.000,+0.450,1,61.128,580.582,4
61.200,012,+56.5993782,+23.6918833,37.940,0.00,+0.00,+0.000,581.634,+0.030,+0.000,0.030,0.000,+0.330,1,61.228,581.634,4
61.300,012,+56.5993877,+23.6918845,37.930,0.00,+0.00,+0.000,582.687,-0.030,+0.000,0.030,0.030,-0.270,1,61.328,582.687,4
61.400,012,+56.5993971,+23.6918857,37.700,0.00,+0.00,+0.000,583.738,-0.090,+0.000,0.090,0.090,-0.870,1,61.428,583.738,4
61.500,012,+56.5994064,+23.6918868,37.350,0.00,+0.00,+0.000,584.780,-0.090,+0.000,0.090,0.090,-0.860,1,61.528,584.780,4
61.600,012,+56.5994157,+23.6918880,37.120,0.00,+0.00,+0.000,585.814,-0.080,+0.000,0.080,0.080,-0.740,1,61.628,585.814,4
61.700,012,+56.5994249,+23.6918891,36.730,0.00,+0.00,+0.000,586.840,-0.140,+0.000,0.140,0.140,-1.340,1,61.728,586.840,4
61.800,012,+56.5994339,+23.6918903,36.110,0.00,+0.00,+0.000,587.852,-0.200,+0.000,0.200,0.200,-1.940,1,61.828,587.852,4
61.900,012,+56.5994428,+23.6918914,35.300,0.00,+0.00,+0.000,588.844,-0.230,+0.000,0.230,0.230,-2.300,1,61.928,588.844,4
62.000,012,+56.5994515,+23.6918925,34.550,0.00,+0.00,+0.000,589.814,-0.190,+0.000,0.190,0.190,-1.860,1,62.028,589.814,4
62.100,012,+56.5994600,+23.6918935,34.010,0.00,+0.00,+0.000,590.766,-0.130,+0.000,0.130,0.130,-1.260,1,62.128,590.766,4
62.200,012,+56.5994684,+23.6918946,33.690,0.00,+0.00,+0.000,591.706,-0.070,+0.000,0.070,0.070,-0.660,1,62.228,591.706,4
62.300,012,+56.5994768,+23.6918956,33.580,0.00,+0.00,+0.000,592.641,-0.010,+0.000,0.010,0.010,-0.060,1,62.328,592.641,4
62.400,012,+56.5994851,+23.6918967,33.690,0.00,+0.00,+0.000,593.575,+0.060,+0.000,0.060,0.000,+0.540,1,62.428,593.575,4
62.500,012,+56.5994936,+23.6918977,34.010,0.00,+0.00,+0.000,594.515,+0.120,+0.000,0.120,0.000,+1.140,1,62.528,594.515,4
62.600,012,+56.5995021,+23.6918988,34.290,0.00,+0.00,+0.000,595.464,+0.060,+0.000,0.060,0.000,+0.540,1,62.628,595.464,4
62.700,012,+56.5995106,+23.6918999,34.360,0.00,+0.00,+0.000,596.417,+0.000,+0.000,0.000,0.000,-0.030,1,62.728,596.417,4
62.800,012,+56.5995192,+23.6919009,34.430,0.00,+0.00,+0.000,597.373,+0.050,+0.000,0.050,0.000,+0.450,1,62.828,597.373,4
62.900,012,+56.5995278,+23.6919020,34.730,0.00,+0.00,+0.000,598.333,+0.110,+0.000,0.110,0.000,+1.050,1,62.928,598.333,4
63.000,012,+56.5995365,+23.6919031,35.230,0.00,+0.00,+0.000,599.305,+0.170,+0.000,0.170,0.000,+1.650,1,63.028,599.305,4
63.100,012,+56.5995453,+23.6919042,35.700,0.00,+0.00,+0.000,600.290,+0.110,+0.000,0.110,0.000,+1.050,1,63.128,600.290,4
63.200,012,+56.5995543,+23.6919053,35.940,0.00,+0.00,+0.000,601.285,+0.050,+0.000,0.050,0.000,+0.450,1,63.228,601.285,4
63.300,012,+56.5995632,+23.6919064,35.970,0.00,+0.00,+0.000,602.284,-0.020,+0.000,0.020,0.020,-0.150,1,63.328,602.284,4
63.400,012,+56.5995722,+23.6919076,35.810,0.00,+0.00,+0.000,603.281,-0.050,+0.000,0.050,0.050,-0.510,1,63.428,603.281,4
63.500,012,+56.5995810,+23.6919087,35.670,0.00,+0.00,+0.000,604.273,-0.020,-0.060,0.063,0.020,-0.150,1,63.528,604.273,4
63.600,012,+56.5995899,+23.6919098,35.740,0.00,+0.00,+0.000,605.265,+0.050,-0.180,0.187,0.000,+0.450,1,63.628,605.265,4
63.700,012,+56.5995989,+23.6919109,36.030,0.00,+0.00,+0.000,606.262,+0.110,-0.440,0.454,0.000,+1.050,1,63.728,606.262,4
63.800,012,+56.5996079,+23.6919116,36.360,0.00,+0.00,+0.000,607.267,+0.090,-0.590,0.597,0.000,+0.930,1,63.828,607.267,4
63.900,012,+56.5996170,+23.6919109,36.640,0.00,+0.00,+0.000,608.281,+0.060,-0.740,0.742,0.000,+0.570,1,63.928,608.281,4
64.000,012,+56.5996261,+23.6919085,36.850,0.00,+0.00,+0.000,609.302,+0.070,-1.030,1.032,0.000,+0.690,1,64.028,609.302,4
64.100,012,+56.5996350,+23.6919044,37.020,0.00,+0.00,+0.000,610.328,+0.030,-1.110,1.110,0.000,+0.330,1,64.128,610.328,4
64.200,012,+56.5996436,+23.6918985,37.080,0.00,+0.00,+0.000,611.357,+0.000,-0.980,0.980,0.000,-0.030,1,64.228,611.357,4
64.300,012,+56.5996519,+23.6918909,36.940,0.00,+0.00,+0.000,612.385,-0.060,-1.020,1.022,0.060,-0.630,1,64.328,612.385,4
64.400,012,+56.5996596,+23.6918820,36.580,0.00,+0.00,+0.000,613.406,-0.130,-0.950,0.959,0.130,-1.230,1,64.428,613.406,4
64.500,012,+56.5996667,+23.6918719,36.010,0.00,+0.00,+0.000,614.415,-0.190,-0.740,0.764,0.190,-1.830,1,64.528,614.415,4
64.600,012,+56.5996733,+23.6918611,35.220,0.00,+0.00,+0.000,615.404,-0.250,-0.740,0.781,0.250,-2.430,1,64.628,615.404,4
64.700,012,+56.5996794,+23.6918499,34.410,0.00,+0.00,+0.000,616.371,-0.210,-0.670,0.702,0.210,-2.070,1,64.728,616.371,4
64.800,012,+56.5996850,+23.6918384,33.760,0.00,+0.00,+0.000,617.318,-0.170,-0.610,0.633,0.170,-1.650,1,64.828,617.318,4
64.900,012,+56.5996900,+23.6918263,33.300,0.00,+0.00,+0.000,618.249,-0.110,-0.510,0.522,0.110,-1.050,1,64.928,618.249,4
65.000,012,+56.5996947,+23.6918139,33.050,0.00,+0.00,+0.000,619.171,-0.050,-0.500,0.502,0.050,-0.450,1,65.028,619.171,4
65.100,012,+56.5996989,+23.6918011,33.010,0.00,+0.00,+0.000,620.088,+0.010,-0.460,0.460,0.000,+0.150,1,65.128,620.088,4
65.200,012,+56.5997027,+23.6917878,33.190,0.00,+0.00,+0.000,621.008,+0.080,-0.400,0.408,0.000,+0.750,1,65.228,621.008,4
65.300,012,+56.5997061,+23.6917740,33.590,0.00,+0.00,+0.000,621.935,+0.140,-0.330,0.358,0.000,+1.350,1,65.328,621.935,4
65.400,012,+56.5997093,+23.6917598,34.210,0.00,+0.00,+0.000,622.877,+0.200,-0.260,0.328,0.000,+1.950,1,65.428,622.877,4
65.500,012,+56.5997125,+23.6917452,35.040,0.00,+0.00,+0.000,623.839,+0.260,-0.120,0.286,0.000,+2.550,1,65.528,623.839,4
65.600,012,+56.5997158,+23.6917303,36.080,0.00,+0.00,+0.000,624.826,+0.320,-0.070,0.328,0.000,+3.150,1,65.628,624.826,4
65.700,012,+56.5997192,+23.6917148,37.220,0.00,+0.00,+0.000,625.844,+0.330,-0.100,0.345,0.000,+3.270,1,65.728,625.844,4
65.800,012,+56.5997228,+23.6916989,38.360,0.00,+0.00,+0.000,626.894,+0.300,-0.110,0.320,0.000,+2.910,1,65.828,626.894,4
65.900,012,+56.5997263,+23.6916825,39.270,0.00,+0.00,+0.000,627.972,+0.230,-0.190,0.298,0.000,+2.310,1,65.928,627.972,4
66.000,012,+56.5997297,+23.6916656,39.970,0.00,+0.00,+0.000,629.073,+0.170,-0.280,0.328,0.000,+1.710,1,66.028,629.073,4
66.100,012,+56.5997328,+23.6916483,40.460,0.00,+0.00,+0.000,630.190,+0.110,-0.290,0.310,0.000,+1.110,1,66.128,630.190,4
66.200,012,+56.5997357,+23.6916307,40.720,0.00,+0.00,+0.000,631.317,+0.050,-0.330,0.334,0.000,+0.510,1,66.228,631.317,4
66.300,012,+56.5997383,+23.6916129,40.780,0.00,+0.00,+0.000,632.449,-0.010,-0.340,0.340,0.010,-0.090,1,66.328,632.449,4
66.400,012,+56.5997406,+23.6915950,40.610,0.00,+0.00,+0.000,633.580,-0.070,-0.330,0.337,0.070,-0.690,1,66.428,633.580,4
66.500,012,+56.5997427,+23.6915771,40.230,0.00,+0.00,+0.000,634.703,-0.130,-0.410,0.430,0.130,-1.290,1,66.528,634.703,4
66.600,012,+56.5997444,+23.6915593,39.810,0.00,+0.00,+0.000,635.814,-0.100,-0.320,0.335,0.100,-0.930,1,66.628,635.814,4
66.700,012,+56.5997458,+23.6915415,39.600,0.00,+0.00,+0.000,636.917,-0.040,-0.320,0.322,0.040,-0.400,1,66.728,636.917,4
66.800,012,+56.5997469,+23.6915238,39.370,0.00,+0.00,+0.000,638.014,-0.090,-0.310,0.323,0.090,-0.870,1,66.828,638.014,4
66.900,012,+56.5997478,+23.6915061,38.940,0.00,+0.00,+0.000,639.102,-0.140,-0.300,0.331,0.140,-1.390,1,66.928,639.102,4
67.000,012,+56.5997483,+23.6914887,38.460,0.00,+0.00,+0.000,640.177,-0.130,-0.260,0.291,0.130,-1.270,1,67.028,640.177,4
67.100,012,+56.5997486,+23.6914714,38.040,0.00,+0.00,+0.000,641.239,-0.110,-0.180,0.211,0.110,-1.090,1,67.128,641.239,4
67.200,012,+56.5997487,+23.6914543,37.730,0.00,+0.00,+0.000,642.291,-0.070,-0.110,0.130,0.070,-0.690,1,67.228,642.291,4
67.300,012,+56.5997487,+23.6914373,37.570,0.00,+0.00,+0.000,643.337,-0.040,-0.100,0.108,0.040,-0.350,1,67.328,643.337,4
67.400,012,+56.5997487,+23.6914203,37.440,0.00,+0.00,+0.000,644.379,-0.040,-0.030,0.050,0.040,-0.370,1,67.428,644.379,4
67.500,012,+56.5997487,+23.6914034,37.180,0.00,+0.00,+0.000,645.416,-0.100,+0.000,0.100,0.100,-0.970,1,67.528,645.416,4
67.600,012,+56.5997487,+23.6913867,36.800,0.00,+0.00,+0.000,646.443,-0.130,+0.000,0.130,0.130,-1.250,1,67.628,646.443,4
67.700,012,+56.5997487,+23.6913702,36.250,0.00,+0.00,+0.000,647.458,-0.160,+0.000,0.160,0.160,-1.610,1,67.728,647.458,4
67.800,012,+56.5997487,+23.6913540,35.700,0.00,+0.00,+0.000,648.457,-0.150,+0.000,0.150,0.150,-1.450,1,67.828,648.457,4
67.900,012,+56.5997487,+23.6913380,35.240,0.00,+0.00,+0.000,649.442,-0.110,+0.000,0.110,0.110,-1.120,1,67.928,649.442,4
68.000,012,+56.5997487,+23.6913221,34.910,0.00,+0.00,+0.000,650.417,-0.080,+0.000,0.080,0.080,-0.770,1,68.028,650.417,4
68.100,012,+56.5997487,+23.6913064,34.560,0.00,+0.00,+0.000,651.381,-0.120,+0.000,0.120,0.120,-1.210,1,68.128,651.381,4
68.200,012,+56.5997487,+23.6912909,33.990,0.00,+0.00,+0.000,652.333,-0.180,+0.000,0.180,0.180,-1.810,1,68.228,652.333,4
68.300,012,+56.5997487,+23.6912758,33.260,0.00,+0.00,+0.000,653.268,-0.230,+0.000,0.230,0.230,-2.230,1,68.328,653.268,4
68.400,012,+56.5997487,+23.6912609,32.530,0.00,+0.00,+0.000,654.181,-0.190,+0.000,0.190,0.190,-1.850,1,68.428,654.181,4
68.500,012,+56.5997487,+23.6912464,31.930,0.00,+0.00,+0.000,655.077,-0.160,+0.000,0.160,0.160,-1.570,1,68.528,655.077,4
68.600,012,+56.5997487,+23.6912321,31.430,0.00,+0.00,+0.000,655.957,-0.150,+0.000,0.150,0.150,-1.450,1,68.628,655.957,4
68.700,012,+56.5997487,+23.6912180,30.930,0.00,+0.00,+0.000,656.823,-0.140,+0.000,0.140,0.140,-1.400,1,68.728,656.823,4
68.800,012,+56.5997487,+23.6912041,30.470,0.00,+0.00,+0.000,657.675,-0.130,+0.000,0.130,0.130,-1.240,1,68.828,657.675,4
68.900,012,+56.5997487,+23.6911904,30.120,0.00,+0.00,+0.000,658.517,-0.070,+0.000,0.070,0.070,-0.730,1,68.928,658.517,4
69.000,012,+56.5997487,+23.6911768,29.990,0.00,+0.00,+0.000,659.352,-0.010,+0.000,0.010,0.010,-0.130,1,69.028,659.352,4
69.100,012,+56.5997487,+23.6911633,30.070,0.00,+0.00,+0.000,660.186,+0.050,+0.000,0.050,0.000,+0.470,1,69.128,660.186,4
69.200,012,+56.5997487,+23.6911496,30.360,0.00,+0.00,+0.000,661.025,+0.110,+0.000,0.110,0.000,+1.070,1,69.228,661.025,4
69.300,012,+56.5997487,+23.6911357,30.860,0.00,+0.00,+0.000,661.876,+0.150,+0.000,0.150,0.000,+1.430,1,69.328,661.876,4
69.400,012,+56.5997487,+23.6911217,31.240,0.00,+0.00,+0.000,662.738,+0.080,+0.000,0.080,0.000,+0.830,1,69.428,662.738,4
69.500,012,+56.5997487,+23.6911075,31.410,0.00,+0.00,+0.000,663.608,+0.020,+0.000,0.020,0.000,+0.230,1,69.528,663.608,4
69.600,012,+56.5997487,+23.6910933,31.360,0.00,+0.00,+0.000,664.480,-0.040,+0.000,0.040,0.040,-0.370,1,69.628,664.480,4
69.700,012,+56.5997487,+23.6910791,31.100,0.00,+0.00,+0.000,665.347,-0.100,+0.000,0.100,0.100,-0.970,1,69.728,665.347,4
69.800,012,+56.5997487,+23.6910652,30.760,0.00,+0.00,+0.000,666.207,-0.090,+0.000,0.090,0.090,-0.850,1,69.828,666.207,4
69.900,012,+56.5997487,+23.6910513,30.520,0.00,+0.00,+0.000,667.058,-0.040,+0.000,0.040,0.040,-0.420,1,69.928,667.058,4
70.000,012,+56.5997487,+23.6910375,30.500,0.00,+0.00,+0.000,667.905,+0.020,+0.000,0.020,0.000,+0.180,1,70.028,667.905,4
70.100,012,+56.5997487,+23.6910237,30.690,0.00,+0.00,+0.000,668.755,+0.080,-0.040,0.089,0.000,+0.780,1,70.128,668.755,4
70.200,012,+56.5997487,+23.6910097,31.100,0.00,+0.00,+0.000,669.613,+0.140,-0.230,0.269,0.000,+1.380,1,70.228,669.613,4
70.300,012,+56.5997487,+23.6909955,31.730,0.00,+0.00,+0.000,670.486,+0.200,-0.440,0.483,0.000,+1.980,1,70.328,670.486,4
70.400,012,+56.5997487,+23.6909809,32.470,0.00,+0.00,+0.000,671.378,+0.190,-0.670,0.696,0.000,+1.860,1,70.428,671.378,4
70.500,012,+56.5997481,+23.6909661,33.010,0.00,+0.00,+0.000,672.287,+0.130,-0.900,0.909,0.000,+1.260,1,70.528,672.287,4
70.600,012,+56.5997463,+23.6909515,33.330,0.00,+0.00,+0.000,673.208,+0.070,-1.070,1.072,0.000,+0.660,1,70.628,673.208,4
70.700,012,+56.5997431,+23.6909375,33.440,0.00,+0.00,+0.000,674.136,+0.010,-1.150,1.150,0.000,+0.060,1,70.728,674.136,4
70.800,012,+56.5997388,+23.6909247,33.400,0.00,+0.00,+0.000,675.064,-0.010,-1.140,1.140,0.010,-0.060,1,70.828,675.064,4
70.900,012,+56.5997334,+23.6909130,33.510,0.00,+0.00,+0.000,675.993,+0.060,-1.080,1.082,0.000,+0.540,1,70.928,675.993,4
71.000,012,+56.5997277,+23.6909019,33.830,0.00,+0.00,+0.000,676.929,+0.120,-0.970,0.977,0.000,+1.140,1,71.028,676.929,4
71.100,012,+56.5997214,+23.6908917,34.120,0.00,+0.00,+0.000,677.872,+0.060,-0.960,0.962,0.000,+0.540,1,71.128,677.872,4
71.200,012,+56.5997145,+23.6908824,34.180,0.00,+0.00,+0.000,678.821,-0.010,-0.980,0.980,0.010,-0.060,1,71.228,678.821,4
71.300,012,+56.5997073,+23.6908743,34.030,0.00,+0.00,+0.000,679.768,-0.070,-1.130,1.132,0.070,-0.660,1,71.328,679.768,4
71.400,012,+56.5996997,+23.6908678,33.660,0.00,+0.00,+0.000,680.709,-0.130,-1.070,1.078,0.130,-1.260,1,71.428,680.709,4
71.500,012,+56.5996917,+23.6908633,33.080,0.00,+0.00,+0.000,681.636,-0.190,-0.890,0.910,0.190,-1.860,1,71.528,681.636,4
71.600,012,+56.5996837,+23.6908608,32.380,0.00,+0.00,+0.000,682.545,-0.180,-0.760,0.781,0.180,-1.740,1,71.628,682.545,4
71.700,012,+56.5996757,+23.6908602,31.890,0.00,+0.00,+0.000,683.437,-0.120,-0.570,0.582,0.120,-1.140,1,71.728,683.437,4
71.800,012,+56.5996678,+23.6908602,31.610,0.00,+0.00,+0.000,684.319,-0.050,-0.430,0.433,0.050,-0.540,1,71.828,684.319,4
71.900,012,+56.5996599,+23.6908602,31.540,0.00,+0.00,+0.000,685.196,+0.010,-0.320,0.320,0.000,+0.060,1,71.928,685.196,4
72.000,012,+56.5996520,+23.6908602,31.690,0.00,+0.00,+0.000,686.075,+0.070,-0.260,0.269,0.000,+0.660,1,72.028,686.075,4
72.100,012,+56.5996441,+23.6908602,32.060,0.00,+0.00,+0.000,686.960,+0.130,-0.240,0.273,0.000,+1.260,1,72.128,686.960,4
72.200,012,+56.5996360,+23.6908604,32.630,0.00,+0.00,+0.000,687.858,+0.170,-0.320,0.362,0.000,+1.620,1,72.228,687.858,4
72.300,012,+56.5996278,+23.6908615,33.080,0.00,+0.00,+0.000,688.771,+0.100,-0.470,0.481,0.000,+1.020,1,72.328,688.771,4
72.400,012,+56.5996196,+23.6908637,33.320,0.00,+0.00,+0.000,689.693,+0.040,-0.550,0.551,0.000,+0.420,1,72.428,689.693,4
72.500,012,+56.5996115,+23.6908668,33.340,0.00,+0.00,+0.000,690.619,-0.020,-0.590,0.590,0.020,-0.180,1,72.528,690.619,4
72.600,012,+56.5996035,+23.6908710,33.150,0.00,+0.00,+0.000,691.543,-0.080,-0.660,0.665,0.080,-0.780,1,72.628,691.543,4
72.700,012,+56.5995958,+23.6908761,32.910,0.00,+0.00,+0.000,692.460,-0.040,-0.670,0.671,0.040,-0.420,1,72.728,692.460,4
72.800,012,+56.5995883,+23.6908821,32.890,0.00,+0.00,+0.000,693.374,+0.020,-0.620,0.620,0.000,+0.180,1,72.828,693.374,4
72.900,012,+56.5995810,+23.6908890,33.080,0.00,+0.00,+0.000,694.290,+0.080,-0.740,0.744,0.000,+0.780,1,72.928,694.290,4
73.000,012,+56.5995739,+23.6908970,33.490,0.00,+0.00,+0.000,695.215,+0.140,-0.780,0.792,0.000,+1.380,1,73.028,695.215,4
73.100,012,+56.5995672,+23.6909061,34.120,0.00,+0.00,+0.000,696.154,+0.200,-0.850,0.873,0.000,+1.980,1,73.128,696.154,4
73.200,012,+56.5995608,+23.6909166,34.700,0.00,+0.00,+0.000,697.110,+0.140,-0.910,0.921,0.000,+1.380,1,73.228,697.110,4
73.300,012,+56.5995549,+23.6909282,35.070,0.00,+0.00,+0.000,698.079,+0.080,-0.840,0.844,0.000,+0.780,1,73.328,698.079,4
73.400,012,+56.5995496,+23.6909409,35.220,0.00,+0.00,+0.000,699.055,+0.020,-0.790,0.790,0.000,+0.180,1,73.428,699.055,4
73.500,012,+56.5995450,+23.6909544,35.160,0.00,+0.00,+0.000,700.032,-0.040,-0.680,0.681,0.040,-0.420,1,73.528,700.032,4
73.600,012,+56.5995410,+23.6909686,34.940,0.00,+0.00,+0.000,701.006,-0.060,-0.460,0.464,0.060,-0.610,1,73.628,701.006,4
73.700,012,+56.5995374,+23.6909829,34.780,0.00,+0.00,+0.000,701.974,-0.020,-0.350,0.351,0.020,-0.190,1,73.728,701.974,4
73.800,012,+56.5995339,+23.6909972,34.840,0.00,+0.00,+0.000,702.941,+0.040,-0.150,0.155,0.000,+0.410,1,73.828,702.941,4
73.900,012,+56.5995303,+23.6910117,35.120,0.00,+0.00,+0.000,703.913,+0.100,-0.050,0.112,0.000,+1.010,1,73.928,703.913,4
74.000,012,+56.5995266,+23.6910262,35.560,0.00,+0.00,+0.000,704.895,+0.110,+0.000,0.110,0.000,+1.130,1,74.028,704.895,4
74.100,012,+56.5995229,+23.6910410,35.940,0.00,+0.00,+0.000,705.888,+0.100,+0.000,0.100,0.000,+1.010,1,74.128,705.888,4
74.200,012,+56.5995192,+23.6910559,36.210,0.00,+0.00,+0.000,706.890,+0.070,+0.000,0.070,0.000,+0.650,1,74.228,706.890,4
74.300,012,+56.5995155,+23.6910708,36.430,0.00,+0.00,+0.000,707.899,+0.050,+0.000,0.050,0.000,+0.530,1,74.328,707.899,4
74.400,012,+56.5995117,+23.6910859,36.580,0.00,+0.00,+0.000,708.913,+0.020,+0.000,0.020,0.000,+0.170,1,74.428,708.913,4
74.500,012,+56.5995079,+23.6911010,36.540,0.00,+0.00,+0.000,709.928,-0.020,+0.000,0.020,0.020,-0.190,1,74.528,709.928,4
74.600,012,+56.5995042,+23.6911160,36.460,0.00,+0.00,+0.000,710.942,-0.030,+0.000,0.030,0.030,-0.310,1,74.628,710.942,4
74.700,012,+56.5995004,+23.6911310,36.400,0.00,+0.00,+0.000,711.954,-0.020,+0.000,0.020,0.020,-0.150,1,74.728,711.954,4
74.800,012,+56.5994967,+23.6911460,36.390,0.00,+0.00,+0.000,712.965,+0.000,+0.000,0.000,0.000,-0.030,1,74.828,712.965,4
74.900,012,+56.5994929,+23.6911609,36.250,0.00,+0.00,+0.000,713.974,-0.060,+0.000,0.060,0.060,-0.630,1,74.928,713.974,4
75.000,012,+56.5994892,+23.6911758,35.890,0.00,+0.00,+0.000,714.976,-0.130,+0.000,0.130,0.130,-1.230,1,75.028,714.976,4
75.100,012,+56.5994856,+23.6911905,35.320,0.00,+0.00,+0.000,715.965,-0.190,+0.000,0.190,0.190,-1.830,1,75.128,715.965,4
75.200,012,+56.5994820,+23.6912048,34.530,0.00,+0.00,+0.000,716.935,-0.250,+0.000,0.250,0.250,-2.430,1,75.228,716.935,4
75.300,012,+56.5994785,+23.6912188,33.570,0.00,+0.00,+0.000,717.881,-0.270,+0.000,0.270,0.270,-2.630,1,75.328,717.881,4
75.400,012,+56.5994751,+23.6912324,32.750,0.00,+0.00,+0.000,718.802,-0.210,+0.000,0.210,0.210,-2.030,1,75.428,718.802,4
75.500,012,+56.5994717,+23.6912458,32.150,0.00,+0.00,+0.000,719.703,-0.150,+0.000,0.150,0.150,-1.430,1,75.528,719.703,4
75.600,012,+56.5994684,+23.6912589,31.760,0.00,+0.00,+0.000,720.591,-0.080,+0.000,0.080,0.080,-0.830,1,75.628,720.591,4
75.700,012,+56.5994652,+23.6912719,31.590,0.00,+0.00,+0.000,721.471,-0.020,+0.000,0.020,0.020,-0.230,1,75.728,721.471,4
75.800,012,+56.5994619,+23.6912850,31.640,0.00,+0.00,+0.000,722.349,+0.040,+0.000,0.040,0.000,+0.370,1,75.828,722.349,4
75.900,012,+56.5994587,+23.6912981,31.900,0.00,+0.00,+0.000,723.232,+0.100,+0.000,0.100,0.000,+0.970,1,75.928,723.232,4
76.000,012,+56.5994553,+23.6913113,32.380,0.00,+0.00,+0.000,724.124,+0.160,+0.000,0.160,0.000,+1.570,1,76.028,724.124,4
76.100,012,+56.5994520,+23.6913248,32.870,0.00,+0.00,+0.000,725.031,+0.120,+0.000,0.120,0.000,+1.210,1,76.128,725.031,4
76.200,012,+56.5994486,+23.6913384,33.330,0.00,+0.00,+0.000,725.950,+0.110,+0.000,0.110,0.000,+1.090,1,76.228,725.950,4
76.300,012,+56.5994451,+23.6913522,33.600,0.00,+0.00,+0.000,726.880,+0.050,+0.000,0.050,0.000,+0.490,1,76.328,726.880,4
76.400,012,+56.5994416,+23.6913661,33.640,0.00,+0.00,+0.000,727.814,-0.010,+0.000,0.010,0.010,-0.110,1,76.428,727.814,4
76.500,012,+56.5994382,+23.6913799,33.470,0.00,+0.00,+0.000,728.746,-0.070,+0.000,0.070,0.070,-0.710,1,76.528,728.746,4
76.600,012,+56.5994348,+23.6913936,33.110,0.00,+0.00,+0.000,729.670,-0.110,+0.000,0.110,0.110,-1.070,1,76.628,729.670,4
76.700,012,+56.5994314,+23.6914072,32.750,0.00,+0.00,+0.000,730.585,-0.100,+0.000,0.100,0.100,-0.950,1,76.728,730.585,4
76.800,012,+56.5994280,+23.6914206,32.430,0.00,+0.00,+0.000,731.490,-0.080,+0.000,0.080,0.080,-0.830,1,76.828,731.490,4
76.900,012,+56.5994247,+23.6914339,32.090,0.00,+0.00,+0.000,732.387,-0.090,+0.000,0.090,0.090,-0.830,1,76.928,732.387,4
77.000,012,+56.5994214,+23.6914470,31.840,0.00,+0.00,+0.000,733.274,-0.050,+0.000,0.050,0.050,-0.470,1,77.028,733.274,4
77.100,012,+56.5994181,+23.6914601,31.800,0.00,+0.00,+0.000,734.158,+0.010,+0.000,0.010,0.000,+0.130,1,77.128,734.158,4
77.200,012,+56.5994148,+23.6914733,31.980,0.00,+0.00,+0.000,735.044,+0.070,+0.000,0.070,0.000,+0.730,1,77.228,735.044,4
77.300,012,+56.5994115,+23.6914865,32.370,0.00,+0.00,+0.000,735.938,+0.140,+0.000,0.140,0.000,+1.330,1,77.328,735.938,4
77.400,012,+56.5994082,+23.6915000,32.980,0.00,+0.00,+0.000,736.846,+0.200,+0.130,0.239,0.000,+1.930,1,77.428,736.846,4
77.500,012,+56.5994047,+23.6915138,33.810,0.00,+0.00,+0.000,737.773,+0.260,+0.230,0.347,0.000,+2.530,1,77.528,737.773,4
77.600,012,+56.5994012,+23.6915280,34.850,0.00,+0.00,+0.000,738.727,+0.320,+0.350,0.474,0.000,+3.130,1,77.628,738.727,4
77.700,012,+56.5993972,+23.6915424,36.000,0.00,+0.00,+0.000,739.711,+0.310,+0.600,0.675,0.000,+3.010,1,77.728,739.711,4
77.800,012,+56.5993925,+23.6915565,36.950,0.00,+0.00,+0.000,740.724,+0.250,+0.750,0.791,0.000,+2.410,1,77.828,740.724,4
77.900,012,+56.5993869,+23.6915700,37.760,0.00,+0.00,+0.000,741.762,+0.210,+1.030,1.051,0.000,+2.050,1,77.928,741.762,4
78.000,012,+56.5993804,+23.6915827,38.370,0.00,+0.00,+0.000,742.819,+0.150,+1.000,1.011,0.000,+1.450,1,78.028,742.819,4
78.100,012,+56.5993731,+23.6915941,38.760,0.00,+0.00,+0.000,743.890,+0.090,+1.000,1.004,0.000,+0.850,1,78.128,743.890,4
78.200,012,+56.5993652,+23.6916043,38.970,0.00,+0.00,+0.000,744.970,+0.050,+0.950,0.951,0.000,+0.490,1,78.228,744.970,4
78.300,012,+56.5993568,+23.6916132,39.020,0.00,+0.00,+0.000,746.053,-0.010,+1.030,1.030,0.010,-0.110,1,78.328,746.053,4
78.400,012,+56.5993481,+23.6916210,38.850,0.00,+0.00,+0.000,747.135,-0.070,+0.960,0.963,0.070,-0.710,1,78.428,747.135,4
78.500,012,+56.5993392,+23.6916274,38.530,0.00,+0.00,+0.000,748.209,-0.110,+0.900,0.907,0.110,-1.070,1,78.528,748.209,4
78.600,012,+56.5993300,+23.6916324,38.170,0.00,+0.00,+0.000,749.275,-0.100,+0.920,0.925,0.100,-1.010,1,78.628,749.275,4
78.700,012,+56.5993207,+23.6916357,37.880,0.00,+0.00,+0.000,750.331,-0.070,+0.880,0.883,0.070,-0.650,1,78.728,750.331,4
78.800,012,+56.5993113,+23.6916375,37.690,0.00,+0.00,+0.000,751.380,-0.030,+0.980,0.980,0.030,-0.290,1,78.828,751.380,4
78.900,012,+56.5993020,+23.6916379,37.530,0.00,+0.00,+0.000,752.425,-0.060,+1.270,1.271,0.060,-0.640,1,78.928,752.425,4
79.000,012,+56.5992926,+23.6916376,37.170,0.00,+0.00,+0.000,753.463,-0.130,+1.470,1.476,0.130,-1.240,1,79.028,753.463,4
79.100,012,+56.5992836,+23.6916345,36.590,0.00,+0.00,+0.000,754.487,-0.190,+1.530,1.542,0.190,-1.840,1,79.128,754.487,4
79.200,012,+56.5992753,+23.6916284,35.800,0.00,+0.00,+0.000,755.492,-0.250,+1.700,1.718,0.250,-2.440,1,79.228,755.492,4
79.300,012,+56.5992680,+23.6916196,34.800,0.00,+0.00,+0.000,756.473,-0.310,+1.790,1.817,0.310,-3.040,1,79.328,756.473,4
79.400,012,+56.5992619,+23.6916088,33.570,0.00,+0.00,+0.000,757.423,-0.370,+1.650,1.691,0.370,-3.640,1,79.428,757.423,4
79.500,012,+56.5992570,+23.6915970,32.130,0.00,+0.00,+0.000,758.335,-0.430,+1.360,1.426,0.430,-4.240,1,79.528,758.335,4
79.600,012,+56.5992533,+23.6915847,30.480,0.00,+0.00,+0.000,759.205,-0.490,+1.150,1.250,0.490,-4.840,1,79.628,759.205,4
79.700,012,+56.5992507,+23.6915722,28.700,0.00,+0.00,+0.000,760.027,-0.510,+0.960,1.087,0.510,-4.960,1,79.728,760.027,4
79.800,012,+56.5992493,+23.6915600,27.040,0.00,+0.00,+0.000,760.801,-0.440,+0.760,0.878,0.440,-4.360,1,79.828,760.801,4
79.900,012,+56.5992487,+23.6915482,25.600,0.00,+0.00,+0.000,761.532,-0.380,+0.580,0.693,0.380,-3.760,1,79.928,761.532,4
80.000,012,+56.5992487,+23.6915370,24.380,0.00,+0.00,+0.000,762.226,-0.320,+0.510,0.602,0.320,-3.160,1,80.028,762.226,4
80.100,012,+56.5992489,+23.6915262,23.370,0.00,+0.00,+0.000,762.889,-0.260,+0.370,0.452,0.260,-2.560,1,80.128,762.889,4
80.200,012,+56.5992492,+23.6915159,22.580,0.00,+0.00,+0.000,763.527,-0.200,+0.310,0.369,0.200,-1.960,1,80.228,763.527,4
80.300,012,+56.5992497,+23.6915059,22.010,0.00,+0.00,+0.000,764.147,-0.140,+0.220,0.261,0.140,-1.360,1,80.328,764.147,4
80.400,012,+56.5992504,+23.6914961,21.650,0.00,+0.00,+0.000,764.753,-0.080,+0.180,0.197,0.080,-0.760,1,80.428,764.753,4
80.500,012,+56.5992512,+23.6914865,21.500,0.00,+0.00,+0.000,765.352,-0.020,+0.150,0.151,0.020,-0.160,1,80.528,765.352,4
80.600,012,+56.5992522,+23.6914769,21.580,0.00,+0.00,+0.000,765.951,+0.050,+0.130,0.139,0.000,+0.440,1,80.628,765.951,4
80.700,012,+56.5992533,+23.6914673,21.870,0.00,+0.00,+0.000,766.554,+0.110,+0.120,0.163,0.000,+1.040,1,80.728,766.554,4
80.800,012,+56.5992546,+23.6914575,22.320,0.00,+0.00,+0.000,767.168,+0.120,+0.090,0.150,0.000,+1.160,1,80.828,767.168,4
80.900,012,+56.5992560,+23.6914476,22.870,0.00,+0.00,+0.000,767.796,+0.180,+0.080,0.197,0.000,+1.760,1,80.928,767.796,4
81.000,012,+56.5992575,+23.6914374,23.630,0.00,+0.00,+0.000,768.442,+0.240,+0.070,0.250,0.000,+2.360,1,81.028,768.442,4
81.100,012,+56.5992590,+23.6914268,24.610,0.00,+0.00,+0.000,769.112,+0.300,+0.080,0.310,0.000,+2.960,1,81.128,769.112,4
81.200,012,+56.5992606,+23.6914157,25.810,0.00,+0.00,+0.000,769.812,+0.360,+0.040,0.362,0.000,+3.560,1,81.228,769.812,4
81.300,012,+56.5992622,+23.6914041,27.010,0.00,+0.00,+0.000,770.545,+0.330,+0.050,0.334,0.000,+3.200,1,81.328,770.545,4
81.400,012,+56.5992640,+23.6913920,28.120,0.00,+0.00,+0.000,771.311,+0.290,+0.060,0.296,0.000,+2.840,1,81.428,771.311,4
81.500,012,+56.5992659,+23.6913795,29.020,0.00,+0.00,+0.000,772.105,+0.230,+0.080,0.244,0.000,+2.240,1,81.528,772.105,4
81.600,012,+56.5992680,+23.6913667,29.830,0.00,+0.00,+0.000,772.922,+0.240,+0.110,0.264,0.000,+2.360,1,81.628,772.922,4
81.700,012,+56.5992703,+23.6913536,30.810,0.00,+0.00,+0.000,773.764,+0.300,+0.120,0.323,0.000,+2.960,1,81.728,773.764,4
81.800,012,+56.5992727,+23.6913400,32.010,0.00,+0.00,+0.000,774.637,+0.360,+0.140,0.386,0.000,+3.560,1,81.828,774.637,4
81.900,012,+56.5992753,+23.6913260,33.340,0.00,+0.00,+0.000,775.544,+0.380,+0.160,0.412,0.000,+3.680,1,81.928,775.544,4
82.000,012,+56.5992782,+23.6913115,34.580,0.00,+0.00,+0.000,776.488,+0.340,+0.170,0.380,0.000,+3.320,1,82.028,776.488,4
82.100,012,+56.5992813,+23.6912966,35.650,0.00,+0.00,+0.000,777.463,+0.280,+0.180,0.333,0.000,+2.720,1,82.128,777.463,4
82.200,012,+56.5992847,+23.6912814,36.500,0.00,+0.00,+0.000,778.465,+0.220,+0.190,0.291,0.000,+2.120,1,82.228,778.465,4
82.300,012,+56.5992882,+23.6912660,37.140,0.00,+0.00,+0.000,779.488,+0.160,+0.190,0.248,0.000,+1.520,1,82.328,779.488,4
82.400,012,+56.5992920,+23.6912505,37.560,0.00,+0.00,+0.000,780.526,+0.090,+0.180,0.201,0.000,+0.920,1,82.428,780.526,4
82.500,012,+56.5992960,+23.6912350,37.910,0.00,+0.00,+0.000,781.574,+0.080,+0.140,0.161,0.000,+0.800,1,82.528,781.574,4
82.600,012,+56.5993001,+23.6912195,38.070,0.00,+0.00,+0.000,782.629,+0.020,+0.100,0.102,0.000,+0.200,1,82.628,782.629,4
82.700,012,+56.5993044,+23.6912041,38.020,0.00,+0.00,+0.000,783.686,-0.040,+0.100,0.108,0.040,-0.400,1,82.728,783.686,4
82.800,012,+56.5993086,+23.6911888,37.760,0.00,+0.00,+0.000,784.738,-0.080,+0.060,0.100,0.080,-0.760,1,82.828,784.738,4
82.900,012,+56.5993128,+23.6911736,37.570,0.00,+0.00,+0.000,785.785,-0.060,+0.020,0.063,0.060,-0.640,1,82.928,785.785,4
83.000,012,+56.5993170,+23.6911585,37.210,0.00,+0.00,+0.000,786.823,-0.130,+0.000,0.130,0.130,-1.240,1,83.028,786.823,4
83.100,012,+56.5993212,+23.6911436,36.630,0.00,+0.00,+0.000,787.849,-0.190,+0.000,0.190,0.190,-1.840,1,83.128,787.849,4
83.200,012,+56.5993252,+23.6911290,35.840,0.00,+0.00,+0.000,788.855,-0.250,+0.000,0.250,0.250,-2.440,1,83.228,788.855,4
83.300,012,+56.5993292,+23.6911147,35.010,0.00,+0.00,+0.000,789.839,-0.210,+0.000,0.210,0.210,-2.080,1,83.328,789.839,4
83.400,012,+56.5993331,+23.6911008,34.390,0.00,+0.00,+0.000,790.803,-0.150,+0.000,0.150,0.150,-1.480,1,83.428,790.803,4
83.500,012,+56.5993369,+23.6910870,33.980,0.00,+0.00,+0.000,791.753,-0.090,+0.000,0.090,0.090,-0.880,1,83.528,791.753,4
83.600,012,+56.5993407,+23.6910733,33.790,0.00,+0.00,+0.000,792.694,-0.030,+0.000,0.030,0.030,-0.280,1,83.628,792.694,4
83.700,012,+56.5993445,+23.6910596,33.820,0.00,+0.00,+0.000,793.633,+0.030,+0.000,0.030,0.000,+0.320,1,83.728,793.633,4
83.800,012,+56.5993483,+23.6910459,34.070,0.00,+0.00,+0.000,794.576,+0.090,+0.000,0.090,0.000,+0.920,1,83.828,794.576,4
83.900,012,+56.5993522,+23.6910321,34.270,0.00,+0.00,+0.000,795.525,+0.030,+0.000,0.030,0.000,+0.320,1,83.928,795.525,4
84.000,012,+56.5993560,+23.6910183,34.280,0.00,+0.00,+0.000,796.477,+0.000,+0.000,0.000,0.000,-0.020,1,84.028,796.477,4
84.100,012,+56.5993599,+23.6910044,34.410,0.00,+0.00,+0.000,797.431,+0.060,+0.000,0.060,0.000,+0.580,1,84.128,797.431,4
84.200,012,+56.5993637,+23.6909904,34.750,0.00,+0.00,+0.000,798.392,+0.120,+0.000,0.120,0.000,+1.180,1,84.228,798.392,4
84.300,012,+56.5993677,+23.6909762,35.290,0.00,+0.00,+0.000,799.365,+0.160,+0.000,0.160,0.000,+1.540,1,84.328,799.365,4
84.400,012,+56.5993717,+23.6909619,35.710,0.00,+0.00,+0.000,800.351,+0.100,+0.000,0.100,0.000,+0.940,1,84.428,800.351,4
84.500,012,+56.5993757,+23.6909474,35.920,0.00,+0.00,+0.000,801.346,+0.040,-0.040,0.057,0.000,+0.340,1,84.528,801.346,4
84.600,012,+56.5993797,+23.6909329,35.920,0.00,+0.00,+0.000,802.343,-0.030,-0.040,0.050,0.030,-0.260,1,84.628,802.343,4
84.700,012,+56.5993837,+23.6909184,35.750,0.00,+0.00,+0.000,803.339,-0.040,-0.110,0.117,0.040,-0.380,1,84.728,803.339,4
84.800,012,+56.5993876,+23.6909039,35.650,0.00,+0.00,+0.000,804.330,+0.000,-0.190,0.190,0.000,-0.020,1,84.828,804.330,4
84.900,012,+56.5993914,+23.6908893,35.660,0.00,+0.00,+0.000,805.321,+0.010,-0.270,0.270,0.000,+0.100,1,84.928,805.321,4
85.000,012,+56.5993948,+23.6908744,35.740,0.00,+0.00,+0.000,806.312,+0.020,-0.270,0.271,0.000,+0.220,1,85.028,806.312,4
85.100,012,+56.5993980,+23.6908593,35.860,0.00,+0.00,+0.000,807.307,+0.040,-0.320,0.322,0.000,+0.340,1,85.128,807.307,4
85.200,012,+56.5994010,+23.6908439,36.030,0.00,+0.00,+0.000,808.305,+0.050,-0.400,0.403,0.000,+0.460,1,85.228,808.305,4
85.300,012,+56.5994037,+23.6908283,36.270,0.00,+0.00,+0.000,809.310,+0.080,-0.330,0.340,0.000,+0.820,1,85.328,809.310,4
85.400,012,+56.5994062,+23.6908124,36.700,0.00,+0.00,+0.000,810.323,+0.150,-0.330,0.362,0.000,+1.420,1,85.428,810.323,4
85.500,012,+56.5994084,+23.6907962,37.200,0.00,+0.00,+0.000,811.349,+0.130,-0.340,0.364,0.000,+1.300,1,85.528,811.349,4
85.600,012,+56.5994103,+23.6907796,37.540,0.00,+0.00,+0.000,812.387,+0.070,-0.350,0.357,0.000,+0.700,1,85.628,812.387,4
85.700,012,+56.5994119,+23.6907628,37.670,0.00,+0.00,+0.000,813.432,+0.010,-0.350,0.350,0.000,+0.100,1,85.728,813.432,4
85.800,012,+56.5994132,+23.6907460,37.580,0.00,+0.00,+0.000,814.477,-0.050,-0.350,0.354,0.050,-0.500,1,85.828,814.477,4
85.900,012,+56.5994142,+23.6907292,37.270,0.00,+0.00,+0.000,815.517,-0.110,-0.340,0.357,0.110,-1.100,1,85.928,815.517,4
86.000,012,+56.5994148,+23.6907125,36.740,0.00,+0.00,+0.000,816.545,-0.170,-0.290,0.336,0.170,-1.700,1,86.028,816.545,4
86.100,012,+56.5994152,+23.6906961,36.050,0.00,+0.00,+0.000,817.556,-0.190,-0.200,0.276,0.190,-1.910,1,86.128,817.556,4
86.200,012,+56.5994153,+23.6906799,35.450,0.00,+0.00,+0.000,818.549,-0.150,-0.190,0.242,0.150,-1.430,1,86.228,818.549,4
86.300,012,+56.5994153,+23.6906640,35.070,0.00,+0.00,+0.000,819.528,-0.080,-0.110,0.136,0.080,-0.830,1,86.328,819.528,4
86.400,012,+56.5994153,+23.6906482,34.900,0.00,+0.00,+0.000,820.500,-0.020,-0.040,0.045,0.020,-0.230,1,86.428,820.500,4
86.500,012,+56.5994153,+23.6906324,34.950,0.00,+0.00,+0.000,821.470,+0.040,-0.040,0.057,0.000,+0.370,1,86.528,821.470,4
86.600,012,+56.5994153,+23.6906165,35.210,0.00,+0.00,+0.000,822.445,+0.100,-0.040,0.108,0.000,+0.970,1,86.628,822.445,4
86.700,012,+56.5994153,+23.6906005,35.690,0.00,+0.00,+0.000,823.429,+0.160,-0.220,0.272,0.000,+1.570,1,86.728,823.429,4
86.800,012,+56.5994153,+23.6905842,36.220,0.00,+0.00,+0.000,824.428,+0.120,-0.320,0.342,0.000,+1.210,1,86.828,824.428,4
86.900,012,+56.5994152,+23.6905677,36.520,0.00,+0.00,+0.000,825.438,+0.060,-0.520,0.523,0.000,+0.610,1,86.928,825.438,4
87.000,012,+56.5994144,+23.6905512,36.610,0.00,+0.00,+0.000,826.454,+0.000,-0.720,0.720,0.000,+0.010,1,87.028,826.454,4
87.100,012,+56.5994128,+23.6905350,36.490,0.00,+0.00,+0.000,827.469,-0.060,-0.900,0.902,0.060,-0.590,1,87.128,827.469,4
87.200,012,+56.5994103,+23.6905192,36.180,0.00,+0.00,+0.000,828.479,-0.100,-0.930,0.935,0.100,-0.950,1,87.228,828.479,4
87.300,012,+56.5994069,+23.6905041,35.820,0.00,+0.00,+0.000,829.479,-0.110,-0.910,0.917,0.110,-1.070,1,87.328,829.479,4
87.400,012,+56.5994029,+23.6904898,35.430,0.00,+0.00,+0.000,830.468,-0.100,-0.970,0.975,0.100,-1.020,1,87.428,830.468,4
87.500,012,+56.5993983,+23.6904762,35.120,0.00,+0.00,+0.000,831.448,-0.090,-0.860,0.865,0.090,-0.860,1,87.528,831.448,4
87.600,012,+56.5993930,+23.6904636,34.890,0.00,+0.00,+0.000,832.420,-0.050,-0.840,0.841,0.050,-0.500,1,87.628,832.420,4
87.700,012,+56.5993872,+23.6904519,34.720,0.00,+0.00,+0.000,833.387,-0.040,-0.910,0.911,0.040,-0.380,1,87.728,833.387,4
87.800,012,+56.5993809,+23.6904411,34.630,0.00,+0.00,+0.000,834.350,-0.030,-0.780,0.781,0.030,-0.260,1,87.828,834.350,4
87.900,012,+56.5993741,+23.6904315,34.670,0.00,+0.00,+0.000,835.313,+0.040,-0.700,0.701,0.000,+0.340,1,87.928,835.313,4
88.000,012,+56.5993668,+23.6904230,34.920,0.00,+0.00,+0.000,836.279,+0.100,-0.670,0.677,0.000,+0.940,1,88.028,836.279,4
88.100,012,+56.5993592,+23.6904152,35.390,0.00,+0.00,+0.000,837.256,+0.160,-0.620,0.640,0.000,+1.540,1,88.128,837.256,4
88.200,012,+56.5993513,+23.6904078,35.820,0.00,+0.00,+0.000,838.245,+0.100,-0.510,0.520,0.000,+0.940,1,88.228,838.245,4
88.300,012,+56.5993432,+23.6904009,36.030,0.00,+0.00,+0.000,839.243,+0.040,-0.400,0.402,0.000,+0.340,1,88.328,839.243,4
88.400,012,+56.5993348,+23.6903948,36.020,0.00,+0.00,+0.000,840.244,-0.030,-0.470,0.471,0.030,-0.260,1,88.428,840.244,4
88.500,012,+56.5993264,+23.6903894,35.870,0.00,+0.00,+0.000,841.242,-0.060,-0.440,0.444,0.060,-0.570,1,88.528,841.242,4
88.600,012,+56.5993178,+23.6903847,35.750,0.00,+0.00,+0.000,842.237,-0.020,-0.410,0.410,0.020,-0.170,1,88.628,842.237,4
88.700,012,+56.5993092,+23.6903807,35.780,0.00,+0.00,+0.000,843.230,+0.030,-0.310,0.311,0.000,+0.320,1,88.728,843.230,4
88.800,012,+56.5993004,+23.6903774,36.030,0.00,+0.00,+0.000,844.228,+0.090,-0.280,0.294,0.000,+0.920,1,88.828,844.228,4
88.900,012,+56.5992915,+23.6903745,36.310,0.00,+0.00,+0.000,845.232,+0.060,-0.260,0.267,0.000,+0.560,1,88.928,845.232,4
89.000,012,+56.5992826,+23.6903716,36.430,0.00,+0.00,+0.000,846.243,+0.020,-0.170,0.171,0.000,+0.200,1,89.028,846.243,4
89.100,012,+56.5992736,+23.6903689,36.480,0.00,+0.00,+0.000,847.255,+0.010,-0.140,0.140,0.000,+0.080,1,89.128,847.255,4
89.200,012,+56.5992646,+23.6903665,36.380,0.00,+0.00,+0.000,848.267,-0.050,-0.160,0.168,0.050,-0.520,1,89.228,848.267,4
89.300,012,+56.5992556,+23.6903644,36.130,0.00,+0.00,+0.000,849.274,-0.090,-0.170,0.192,0.090,-0.880,1,89.328,849.274,4
89.400,012,+56.5992467,+23.6903626,35.710,0.00,+0.00,+0.000,850.272,-0.130,-0.170,0.214,0.130,-1.240,1,89.428,850.272,4
89.500,012,+56.5992379,+23.6903610,35.190,0.00,+0.00,+0.000,851.257,-0.170,-0.160,0.233,0.170,-1.690,1,89.528,851.257,4
89.600,012,+56.5992293,+23.6903596,34.450,0.00,+0.00,+0.000,852.224,-0.230,-0.140,0.269,0.230,-2.290,1,89.628,852.224,4
89.700,012,+56.5992209,+23.6903585,33.510,0.00,+0.00,+0.000,853.168,-0.270,-0.120,0.295,0.270,-2.650,1,89.728,853.168,4
89.800,012,+56.5992127,+23.6903577,32.580,0.00,+0.00,+0.000,854.086,-0.240,-0.090,0.256,0.240,-2.400,1,89.828,854.086,4
89.900,012,+56.5992047,+23.6903570,31.840,0.00,+0.00,+0.000,854.981,-0.190,-0.070,0.202,0.190,-1.850,1,89.928,854.981,4
90.000,012,+56.5991968,+23.6903565,31.210,0.00,+0.00,+0.000,855.856,-0.160,-0.050,0.168,0.160,-1.560,1,90.028,855.856,4
90.100,012,+56.5991891,+23.6903559,30.620,0.00,+0.00,+0.000,856.715,-0.160,-0.030,0.163,0.160,-1.560,1,90.128,856.715,4
90.200,012,+56.5991816,+23.6903554,30.070,0.00,+0.00,+0.000,857.558,-0.140,-0.010,0.140,0.140,-1.390,1,90.228,857.558,4
90.300,012,+56.5991741,+23.6903548,29.660,0.00,+0.00,+0.000,858.388,-0.090,+0.000,0.090,0.090,-0.920,1,90.328,858.388,4
90.400,012,+56.5991668,+23.6903543,29.450,0.00,+0.00,+0.000,859.208,-0.030,+0.000,0.030,0.030,-0.320,1,90.428,859.208,4
90.500,012,+56.5991594,+23.6903538,29.470,0.00,+0.00,+0.000,860.027,+0.030,+0.000,0.030,0.000,+0.280,1,90.528,860.027,4
90.600,012,+56.5991521,+23.6903533,29.700,0.00,+0.00,+0.000,860.849,+0.090,+0.000,0.090,0.000,+0.880,1,90.628,860.849,4
90.700,012,+56.5991446,+23.6903527,30.140,0.00,+0.00,+0.000,861.680,+0.150,+0.000,0.150,0.000,+1.480,1,90.728,861.680,4
90.800,012,+56.5991370,+23.6903522,30.540,0.00,+0.00,+0.000,862.523,+0.090,+0.000,0.090,0.000,+0.880,1,90.828,862.523,4
90.900,012,+56.5991294,+23.6903516,30.730,0.00,+0.00,+0.000,863.373,+0.030,+0.000,0.030,0.000,+0.280,1,90.928,863.373,4
91.000,012,+56.5991217,+23.6903511,30.700,0.00,+0.00,+0.000,864.227,-0.030,+0.000,0.030,0.030,-0.320,1,91.028,864.227,4
91.100,012,+56.5991141,+23.6903506,30.460,0.00,+0.00,+0.000,865.076,-0.090,+0.000,0.090,0.090,-0.920,1,91.128,865.076,4
91.200,012,+56.5991066,+23.6903500,30.110,0.00,+0.00,+0.000,865.917,-0.110,+0.000,0.110,0.110,-1.070,1,91.228,865.917,4
91.300,012,+56.5990991,+23.6903495,29.810,0.00,+0.00,+0.000,866.750,-0.070,+0.000,0.070,0.070,-0.660,1,91.328,866.750,4
91.400,012,+56.5990917,+23.6903490,29.710,0.00,+0.00,+0.000,867.576,-0.010,+0.000,0.010,0.010,-0.060,1,91.428,867.576,4
91.500,012,+56.5990843,+23.6903484,29.820,0.00,+0.00,+0.000,868.403,+0.060,+0.000,0.060,0.000,+0.540,1,91.528,868.403,4
91.600,012,+56.5990768,+23.6903479,30.140,0.00,+0.00,+0.000,869.236,+0.120,+0.000,0.120,0.000,+1.140,1,91.628,869.236,4
91.700,012,+56.5990692,+23.6903474,30.680,0.00,+0.00,+0.000,870.081,+0.180,+0.000,0.180,0.000,+1.740,1,91.728,870.081,4
91.800,012,+56.5990614,+23.6903468,31.440,0.00,+0.00,+0.000,870.943,+0.240,+0.000,0.240,0.000,+2.340,1,91.828,870.943,4
91.900,012,+56.5990535,+23.6903462,32.410,0.00,+0.00,+0.000,871.830,+0.300,+0.000,0.300,0.000,+2.940,1,91.928,871.830,4
92.000,012,+56.5990452,+23.6903456,33.600,0.00,+0.00,+0.000,872.747,+0.360,+0.000,0.360,0.000,+3.540,1,92.028,872.747,4
92.100,012,+56.5990366,+23.6903450,35.000,0.00,+0.00,+0.000,873.700,+0.420,+0.000,0.420,0.000,+4.140,1,92.128,873.700,4
92.200,012,+56.5990276,+23.6903444,36.620,0.00,+0.00,+0.000,874.694,+0.480,+0.000,0.480,0.000,+4.740,1,92.228,874.694,4
92.300,012,+56.5990183,+23.6903437,38.390,0.00,+0.00,+0.000,875.736,+0.500,+0.000,0.500,0.000,+4.910,1,92.328,875.736,4
92.400,012,+56.5990084,+23.6903430,40.100,0.00,+0.00,+0.000,876.826,+0.460,+0.000,0.460,0.000,+4.550,1,92.428,876.826,4
92.500,012,+56.5989982,+23.6903423,41.610,0.00,+0.00,+0.000,877.961,+0.400,+0.000,0.400,0.000,+3.940,1,92.528,877.961,4
92.600,012,+56.5989876,+23.6903415,42.900,0.00,+0.00,+0.000,879.135,+0.340,+0.000,0.340,0.000,+3.340,1,92.628,879.135,4
92.700,012,+56.5989768,+23.6903407,43.970,0.00,+0.00,+0.000,880.341,+0.280,+0.000,0.280,0.000,+2.740,1,92.728,880.341,4
92.800,012,+56.5989657,+23.6903400,44.830,0.00,+0.00,+0.000,881.575,+0.220,+0.000,0.220,0.000,+2.140,1,92.828,881.575,4
92.900,012,+56.5989544,+23.6903392,45.470,0.00,+0.00,+0.000,882.829,+0.160,+0.000,0.160,0.000,+1.540,1,92.928,882.829,4
93.000,012,+56.5989430,+23.6903383,45.900,0.00,+0.00,+0.000,884.098,+0.100,+0.000,0.100,0.000,+0.940,1,93.028,884.098,4
93.100,012,+56.5989315,+23.6903375,46.110,0.00,+0.00,+0.000,885.376,+0.040,+0.000,0.040,0.000,+0.340,1,93.128,885.376,4
93.200,012,+56.5989200,+23.6903367,46.110,0.00,+0.00,+0.000,886.657,-0.030,+0.000,0.030,0.030,-0.260,1,93.228,886.657,4
93.300,012,+56.5989085,+23.6903359,46.040,0.00,+0.00,+0.000,887.937,-0.040,+0.030,0.050,0.040,-0.380,1,93.328,887.937,4
93.400,012,+56.5988971,+23.6903351,45.780,0.00,+0.00,+0.000,889.212,-0.100,+0.160,0.189,0.100,-0.980,1,93.428,889.212,4
93.500,012,+56.5988857,+23.6903342,45.290,0.00,+0.00,+0.000,890.477,-0.160,+0.280,0.322,0.160,-1.580,1,93.528,890.477,4
93.600,012,+56.5988746,+23.6903327,44.600,0.00,+0.00,+0.000,891.725,-0.220,+0.390,0.448,0.220,-2.180,1,93.628,891.725,4
93.700,012,+56.5988636,+23.6903304,43.790,0.00,+0.00,+0.000,892.953,-0.210,+0.490,0.533,0.210,-2.060,1,93.728,892.953,4
93.800,012,+56.5988530,+23.6903272,43.110,0.00,+0.00,+0.000,894.160,-0.170,+0.450,0.481,0.170,-1.700,1,93.828,894.160,4
93.900,012,+56.5988425,+23.6903233,42.560,0.00,+0.00,+0.000,895.350,-0.140,+0.240,0.278,0.140,-1.340,1,93.928,895.350,4
94.000,012,+56.5988323,+23.6903186,42.210,0.00,+0.00,+0.000,896.527,-0.070,+0.090,0.114,0.070,-0.740,1,94.028,896.527,4
94.200,012,+56.5988119,+23.6903098,41.650,0.00,+0.00,+0.000,896.527,-0.120,-0.250,0.277,0.120,-1.220,2,0.098,0.000,4
94.300,012,+56.5988018,+23.6903064,41.090,0.00,+0.00,+0.000,897.676,-0.190,-0.390,0.434,0.190,-1.820,2,0.198,1.149,4
94.400,012,+56.5987917,+23.6903037,40.340,0.00,+0.00,+0.000,898.807,-0.220,-0.310,0.380,0.220,-2.130,2,0.298,2.280,4
94.500,012,+56.5987818,+23.6903017,39.700,0.00,+0.00,+0.000,899.919,-0.160,-0.260,0.305,0.160,-1.530,2,0.398,3.392,4
94.600,012,+56.5987720,+23.6903002,39.190,0.00,+0.00,+0.000,901.015,-0.140,-0.180,0.228,0.140,-1.410,2,0.498,4.488,4
94.700,012,+56.5987624,+23.6902989,38.760,0.00,+0.00,+0.000,902.097,-0.110,-0.100,0.149,0.110,-1.050,2,0.598,5.570,4
94.800,012,+56.5987528,+23.6902976,38.310,0.00,+0.00,+0.000,903.168,-0.140,-0.060,0.152,0.140,-1.410,2,0.698,6.641,4
94.900,012,+56.5987433,+23.6902963,37.760,0.00,+0.00,+0.000,904.224,-0.160,+0.000,0.160,0.160,-1.530,2,0.798,7.697,4
95.000,012,+56.5987340,+23.6902950,37.110,0.00,+0.00,+0.000,905.264,-0.190,+0.000,0.190,0.190,-1.890,2,0.898,8.737,4
95.100,012,+56.5987249,+23.6902938,36.370,0.00,+0.00,+0.000,906.285,-0.230,+0.000,0.230,0.230,-2.250,2,0.998,9.758,4
95.200,012,+56.5987160,+23.6902926,35.640,0.00,+0.00,+0.000,907.285,-0.190,+0.000,0.190,0.190,-1.850,2,1.098,10.758,4
95.300,012,+56.5987072,+23.6902914,35.100,0.00,+0.00,+0.000,908.267,-0.130,+0.000,0.130,0.130,-1.250,2,1.198,11.740,4
95.400,012,+56.5986985,+23.6902902,34.680,0.00,+0.00,+0.000,909.236,-0.120,+0.000,0.120,0.120,-1.220,2,1.298,12.709,4
95.500,012,+56.5986899,+23.6902890,34.250,0.00,+0.00,+0.000,910.194,-0.120,+0.000,0.120,0.120,-1.200,2,1.398,13.667,4
95.600,012,+56.5986815,+23.6902879,33.830,0.00,+0.00,+0.000,911.139,-0.110,+0.000,0.110,0.110,-1.120,2,1.498,14.612,4
95.700,012,+56.5986731,+23.6902867,33.290,0.00,+0.00,+0.000,912.072,-0.180,+0.000,0.180,0.180,-1.720,2,1.598,15.544,4
95.800,012,+56.5986650,+23.6902856,32.540,0.00,+0.00,+0.000,912.986,-0.240,+0.000,0.240,0.240,-2.320,2,1.698,16.459,4
95.900,012,+56.5986570,+23.6902845,31.580,0.00,+0.00,+0.000,913.876,-0.300,+0.000,0.300,0.300,-2.920,2,1.798,17.349,4
96.000,012,+56.5986493,+23.6902835,30.460,0.00,+0.00,+0.000,914.738,-0.300,+0.000,0.300,0.300,-2.990,2,1.898,18.211,4
96.100,012,+56.5986419,+23.6902825,29.520,0.00,+0.00,+0.000,915.571,-0.240,+0.000,0.240,0.240,-2.390,2,1.998,19.044,4
96.200,012,+56.5986347,+23.6902815,28.790,0.00,+0.00,+0.000,916.381,-0.180,+0.000,0.180,0.180,-1.790,2,2.098,19.854,4
96.300,012,+56.5986276,+23.6902805,28.270,0.00,+0.00,+0.000,917.173,-0.120,+0.000,0.120,0.120,-1.190,2,2.198,20.646,4
96.400,012,+56.5986206,+23.6902796,27.970,0.00,+0.00,+0.000,917.955,-0.060,+0.000,0.060,0.060,-0.590,2,2.298,21.428,4
96.500,012,+56.5986136,+23.6902786,27.890,0.00,+0.00,+0.000,918.730,+0.000,+0.000,0.000,0.000,+0.010,2,2.398,22.203,4
96.600,012,+56.5986067,+23.6902777,28.020,0.00,+0.00,+0.000,919.507,+0.060,+0.000,0.060,0.000,+0.610,2,2.498,22.980,4
96.700,012,+56.5985997,+23.6902767,28.370,0.00,+0.00,+0.000,920.290,+0.120,+0.000,0.120,0.000,+1.210,2,2.598,23.763,4
96.800,012,+56.5985925,+23.6902757,28.940,0.00,+0.00,+0.000,921.086,+0.180,+0.000,0.180,0.000,+1.810,2,2.698,24.559,4
96.900,012,+56.5985852,+23.6902747,29.720,0.00,+0.00,+0.000,921.901,+0.250,+0.000,0.250,0.000,+2.410,2,2.798,25.374,4
97.000,012,+56.5985777,+23.6902737,30.720,0.00,+0.00,+0.000,922.740,+0.310,+0.000,0.310,0.000,+3.010,2,2.898,26.213,4
97.100,012,+56.5985699,+23.6902727,31.830,0.00,+0.00,+0.000,923.609,+0.290,+0.000,0.290,0.000,+2.890,2,2.998,27.082,4
97.200,012,+56.5985618,+23.6902716,32.740,0.00,+0.00,+0.000,924.506,+0.230,+0.000,0.230,0.000,+2.290,2,3.098,27.979,4
97.300,012,+56.5985536,+23.6902704,33.430,0.00,+0.00,+0.000,925.425,+0.170,+0.000,0.170,0.000,+1.690,2,3.198,28.898,4
97.400,012,+56.5985452,+23.6902693,33.910,0.00,+0.00,+0.000,926.360,+0.110,+0.000,0.110,0.000,+1.090,2,3.298,29.833,4
97.500,012,+56.5985367,+23.6902681,34.170,0.00,+0.00,+0.000,927.306,+0.050,+0.000,0.050,0.000,+0.490,2,3.398,30.779,4
97.600,012,+56.5985282,+23.6902670,34.220,0.00,+0.00,+0.000,928.256,-0.010,+0.000,0.010,0.010,-0.110,2,3.498,31.728,4
97.700,012,+56.5985197,+23.6902658,34.070,0.00,+0.00,+0.000,929.204,-0.050,+0.000,0.050,0.050,-0.530,2,3.598,32.677,4
97.800,012,+56.5985112,+23.6902647,33.830,0.00,+0.00,+0.000,930.147,-0.070,+0.000,0.070,0.070,-0.650,2,3.698,33.620,4
97.900,012,+56.5985028,+23.6902635,33.590,0.00,+0.00,+0.000,931.083,-0.050,+0.000,0.050,0.050,-0.530,2,3.798,34.556,4
98.000,012,+56.5984945,+23.6902624,33.530,0.00,+0.00,+0.000,932.016,+0.010,+0.000,0.010,0.000,+0.070,2,3.898,35.489,4
98.100,012,+56.5984861,+23.6902612,33.680,0.00,+0.00,+0.000,932.949,+0.070,+0.000,0.070,0.000,+0.670,2,3.998,36.422,4
98.200,012,+56.5984777,+23.6902601,34.050,0.00,+0.00,+0.000,933.890,+0.130,+0.000,0.130,0.000,+1.270,2,4.098,37.363,4
98.300,012,+56.5984692,+23.6902589,34.640,0.00,+0.00,+0.000,934.844,+0.190,+0.000,0.190,0.000,+1.870,2,4.198,38.317,4
98.400,012,+56.5984604,+23.6902577,35.440,0.00,+0.00,+0.000,935.817,+0.250,+0.000,0.250,0.000,+2.470,2,4.298,39.290,4
98.500,012,+56.5984515,+23.6902565,36.460,0.00,+0.00,+0.000,936.816,+0.310,+0.000,0.310,0.000,+3.070,2,4.398,40.289,4
98.600,012,+56.5984422,+23.6902552,37.510,0.00,+0.00,+0.000,937.843,+0.280,+0.000,0.280,0.000,+2.710,2,4.498,41.316,4
98.700,012,+56.5984327,+23.6902540,38.470,0.00,+0.00,+0.000,938.898,+0.260,+0.000,0.260,0.000,+2.590,2,4.598,42.371,4
98.800,012,+56.5984230,+23.6902526,39.330,0.00,+0.00,+0.000,939.979,+0.230,+0.000,0.230,0.000,+2.230,2,4.698,43.452,4
98.900,012,+56.5984131,+23.6902513,40.090,0.00,+0.00,+0.000,941.082,+0.190,+0.000,0.190,0.000,+1.870,2,4.798,44.555,4
99.000,012,+56.5984031,+23.6902499,40.630,0.00,+0.00,+0.000,942.203,+0.130,+0.000,0.130,0.000,+1.270,2,4.898,45.676,4
99.100,012,+56.5983929,+23.6902485,40.960,0.00,+0.00,+0.000,943.336,+0.070,+0.000,0.070,0.000,+0.670,2,4.998,46.809,4
99.200,012,+56.5983827,+23.6902471,41.070,0.00,+0.00,+0.000,944.476,+0.010,+0.000,0.010,0.000,+0.070,2,5.098,47.949,4
99.300,012,+56.5983725,+23.6902457,40.970,0.00,+0.00,+0.000,945.615,-0.050,+0.000,0.050,0.050,-0.520,2,5.198,49.088,4
99.400,012,+56.5983623,+23.6902444,40.660,0.00,+0.00,+0.000,946.749,-0.100,+0.000,0.100,0.100,-0.970,2,5.298,50.222,4
99.500,012,+56.5983523,+23.6902430,40.380,0.00,+0.00,+0.000,947.874,-0.060,+0.000,0.060,0.060,-0.570,2,5.398,51.347,4
99.600,012,+56.5983423,+23.6902416,40.200,0.00,+0.00,+0.000,948.994,-0.050,+0.000,0.050,0.050,-0.450,2,5.498,52.467,4
99.700,012,+56.5983323,+23.6902403,40.010,0.00,+0.00,+0.000,950.108,-0.060,+0.000,0.060,0.060,-0.570,2,5.598,53.581,4
99.800,012,+56.5983224,+23.6902389,39.830,0.00,+0.00,+0.000,951.217,-0.050,+0.000,0.050,0.050,-0.450,2,5.698,54.689,4
99.900,012,+56.5983125,+23.6902376,39.800,0.00,+0.00,+0.000,952.322,+0.020,+0.000,0.020,0.000,+0.150,2,5.798,55.795,4
100.000,012,+56.5983025,+23.6902362,39.870,0.00,+0.00,+0.000,953.429,+0.000,+0.000,0.000,0.000,+0.030,2,5.898,56.902,4
100.100,012,+56.5982926,+23.6902349,39.760,0.00,+0.00,+0.000,954.535,-0.060,+0.000,0.060,0.060,-0.570,2,5.998,58.008,4
100.200,012,+56.5982828,+23.6902335,39.440,0.00,+0.00,+0.000,955.635,-0.100,+0.000,0.100,0.100,-0.930,2,6.098,59.108,4
100.300,012,+56.5982730,+23.6902322,39.020,0.00,+0.00,+0.000,956.725,-0.110,-0.020,0.112,0.110,-1.050,2,6.198,60.198,4
100.400,012,+56.5982634,+23.6902309,38.770,0.00,+0.00,+0.000,957.805,-0.050,-0.020,0.054,0.050,-0.450,2,6.298,61.278,4
100.500,012,+56.5982537,+23.6902295,38.740,0.00,+0.00,+0.000,958.882,+0.020,-0.060,0.063,0.000,+0.150,2,6.398,62.355,4
100.600,012,+56.5982441,+23.6902283,38.920,0.00,+0.00,+0.000,959.960,+0.080,-0.110,0.136,0.000,+0.750,2,6.498,63.433,4
100.700,012,+56.5982343,+23.6902273,39.320,0.00,+0.00,+0.000,961.047,+0.140,-0.150,0.205,0.000,+1.350,2,6.598,64.520,4
100.800,012,+56.5982244,+23.6902266,39.680,0.00,+0.00,+0.000,962.144,+0.080,-0.200,0.215,0.000,+0.750,2,6.698,65.617,4
100.900,012,+56.5982145,+23.6902263,39.820,0.00,+0.00,+0.000,963.248,+0.020,-0.220,0.221,0.000,+0.150,2,6.798,66.721,4
101.000,012,+56.5982046,+23.6902262,39.740,0.00,+0.00,+0.000,964.353,-0.050,-0.220,0.226,0.050,-0.450,2,6.898,67.826,4
101.100,012,+56.5981947,+23.6902266,39.450,0.00,+0.00,+0.000,965.453,-0.110,-0.220,0.246,0.110,-1.050,2,6.998,68.926,4
101.200,012,+56.5981850,+23.6902273,38.950,0.00,+0.00,+0.000,966.542,-0.160,-0.170,0.233,0.160,-1.530,2,7.098,70.015,4
101.300,012,+56.5981754,+23.6902283,38.270,0.00,+0.00,+0.000,967.615,-0.220,-0.160,0.272,0.220,-2.130,2,7.198,71.087,4
101.400,012,+56.5981660,+23.6902295,37.370,0.00,+0.00,+0.000,968.665,-0.280,-0.190,0.338,0.280,-2.730,2,7.298,72.138,4
101.500,012,+56.5981568,+23.6902310,36.260,0.00,+0.00,+0.000,969.688,-0.340,-0.160,0.376,0.340,-3.330,2,7.398,73.161,4
101.600,012,+56.5981480,+23.6902328,35.110,0.00,+0.00,+0.000,970.679,-0.300,-0.140,0.331,0.300,-2.970,2,7.498,74.152,4
101.700,012,+56.5981395,+23.6902347,34.170,0.00,+0.00,+0.000,971.641,-0.240,-0.130,0.273,0.240,-2.370,2,7.598,75.114,4
101.800,012,+56.5981311,+23.6902368,33.440,0.00,+0.00,+0.000,972.580,-0.180,-0.130,0.222,0.180,-1.770,2,7.698,76.053,4
101.900,012,+56.5981230,+23.6902389,32.940,0.00,+0.00,+0.000,973.502,-0.120,-0.150,0.192,0.120,-1.170,2,7.798,76.975,4
102.000,012,+56.5981149,+23.6902412,32.650,0.00,+0.00,+0.000,974.413,-0.060,-0.150,0.162,0.060,-0.570,2,7.898,77.886,4
102.100,012,+56.5981069,+23.6902437,32.390,0.00,+0.00,+0.000,975.317,-0.090,-0.160,0.184,0.090,-0.840,2,7.998,78.789,4
102.200,012,+56.5980990,+23.6902465,32.100,0.00,+0.00,+0.000,976.212,-0.100,-0.160,0.189,0.100,-0.960,2,8.098,79.685,4
102.300,012,+56.5980912,+23.6902495,31.630,0.00,+0.00,+0.000,977.097,-0.160,-0.170,0.233,0.160,-1.560,2,8.198,80.570,4
102.400,012,+56.5980836,+23.6902528,31.200,0.00,+0.00,+0.000,977.970,-0.100,-0.170,0.197,0.100,-0.960,2,8.298,81.443,4
102.500,012,+56.5980761,+23.6902563,30.980,0.00,+0.00,+0.000,978.834,-0.040,-0.160,0.165,0.040,-0.360,2,8.398,82.307,4
102.600,012,+56.5980687,+23.6902601,30.980,0.00,+0.00,+0.000,979.694,+0.020,-0.160,0.161,0.000,+0.240,2,8.498,83.167,4
102.700,012,+56.5980613,+23.6902641,31.150,0.00,+0.00,+0.000,980.557,+0.060,-0.150,0.162,0.000,+0.600,2,8.598,84.030,4
102.800,012,+56.5980538,+23.6902684,31.490,0.00,+0.00,+0.000,981.427,+0.120,-0.130,0.177,0.000,+1.200,2,8.698,84.900,4
102.900,012,+56.5980463,+23.6902730,32.060,0.00,+0.00,+0.000,982.310,+0.180,-0.130,0.222,0.000,+1.800,2,8.798,85.783,4
103.000,012,+56.5980387,+23.6902780,32.830,0.00,+0.00,+0.000,983.211,+0.240,-0.160,0.288,0.000,+2.400,2,8.898,86.684,4
103.100,012,+56.5980308,+23.6902832,33.730,0.00,+0.00,+0.000,984.135,+0.230,-0.160,0.280,0.000,+2.280,2,8.998,87.608,4
103.200,012,+56.5980229,+23.6902886,34.420,0.00,+0.00,+0.000,985.082,+0.170,-0.160,0.233,0.000,+1.680,2,9.098,88.555,4
103.300,012,+56.5980148,+23.6902944,34.890,0.00,+0.00,+0.000,986.045,+0.110,-0.170,0.202,0.000,+1.080,2,9.198,89.517,4
103.400,012,+56.5980067,+23.6903005,35.150,0.00,+0.00,+0.000,987.017,+0.050,-0.180,0.187,0.000,+0.480,2,9.298,90.490,4
103.500,012,+56.5979987,+23.6903070,35.230,0.00,+0.00,+0.000,987.995,+0.010,-0.220,0.220,0.000,+0.120,2,9.398,91.468,4
103.600,012,+56.5979907,+23.6903138,35.410,0.00,+0.00,+0.000,988.976,+0.070,-0.220,0.231,0.000,+0.720,2,9.498,92.449,4
103.700,012,+56.5979828,+23.6903210,35.780,0.00,+0.00,+0.000,989.965,+0.110,-0.190,0.220,0.000,+1.080,2,9.598,93.438,4
103.800,012,+56.5979748,+23.6903285,36.120,0.00,+0.00,+0.000,990.963,+0.070,-0.200,0.212,0.000,+0.720,2,9.698,94.436,4
103.900,012,+56.5979669,+23.6903364,36.250,0.00,+0.00,+0.000,991.968,+0.010,-0.170,0.170,0.000,+0.120,2,9.798,95.441,4
104.000,012,+56.5979591,+23.6903445,36.170,0.00,+0.00,+0.000,992.974,-0.050,-0.180,0.187,0.050,-0.480,2,9.898,96.447,4
104.100,012,+56.5979513,+23.6903528,35.920,0.00,+0.00,+0.000,993.976,-0.080,-0.140,0.161,0.080,-0.790,2,9.998,97.448,4
104.200,012,+56.5979437,+23.6903612,35.710,0.00,+0.00,+0.000,994.970,-0.040,-0.130,0.136,0.040,-0.420,2,10.098,98.443,4
104.300,012,+56.5979361,+23.6903698,35.690,0.00,+0.00,+0.000,995.962,+0.020,-0.140,0.141,0.000,+0.180,2,10.198,99.435,4
104.400,012,+56.5979287,+23.6903786,35.890,0.00,+0.00,+0.000,996.956,+0.080,-0.110,0.136,0.000,+0.780,2,10.298,100.429,4
104.500,012,+56.5979212,+23.6903877,36.040,0.00,+0.00,+0.000,997.955,+0.020,-0.090,0.092,0.000,+0.180,2,10.398,101.428,4
104.600,012,+56.5979138,+23.6903969,35.980,0.00,+0.00,+0.000,998.956,-0.040,-0.060,0.072,0.040,-0.420,2,10.498,102.428,4
104.700,012,+56.5979064,+23.6904061,35.700,0.00,+0.00,+0.000,999.951,-0.100,-0.060,0.117,0.100,-1.020,2,10.598,103.424,4
104.800,012,+56.5978991,+23.6904152,35.260,0.00,+0.00,+0.000,1000.937,-0.120,-0.040,0.126,0.120,-1.140,2,10.698,104.410,4
104.900,012,+56.5978919,+23.6904242,34.970,0.00,+0.00,+0.000,1001.912,-0.070,-0.060,0.092,0.070,-0.670,2,10.798,105.385,4
105.000,012,+56.5978848,+23.6904332,34.740,0.00,+0.00,+0.000,1002.880,-0.070,-0.090,0.114,0.070,-0.680,2,10.898,106.353,4
105.100,012,+56.5978777,+23.6904422,34.540,0.00,+0.00,+0.000,1003.842,-0.060,-0.090,0.108,0.060,-0.540,2,10.998,107.315,4
105.200,012,+56.5978708,+23.6904514,34.370,0.00,+0.00,+0.000,1004.800,-0.040,-0.120,0.126,0.040,-0.380,2,11.098,108.272,4
105.300,012,+56.5978640,+23.6904607,34.210,0.00,+0.00,+0.000,1005.752,-0.040,-0.140,0.146,0.040,-0.420,2,11.198,109.225,4
105.400,012,+56.5978573,+23.6904702,34.120,0.00,+0.00,+0.000,1006.701,-0.020,-0.140,0.141,0.020,-0.160,2,11.298,110.174,4
105.500,012,+56.5978506,+23.6904799,34.190,0.00,+0.00,+0.000,1007.650,+0.040,-0.140,0.146,0.000,+0.440,2,11.398,111.123,4
105.600,012,+56.5978440,+23.6904897,34.420,0.00,+0.00,+0.000,1008.603,+0.080,-0.140,0.161,0.000,+0.800,2,11.498,112.076,4
105.700,012,+56.5978374,+23.6904999,34.580,0.00,+0.00,+0.000,1009.561,+0.020,-0.150,0.151,0.000,+0.200,2,11.598,113.034,4
105.800,012,+56.5978310,+23.6905102,34.520,0.00,+0.00,+0.000,1010.521,-0.040,-0.140,0.146,0.040,-0.400,2,11.698,113.994,4
105.900,012,+56.5978246,+23.6905206,34.250,0.00,+0.00,+0.000,1011.476,-0.100,-0.140,0.172,0.100,-1.000,2,11.798,114.949,4
106.000,012,+56.5978184,+23.6905311,33.760,0.00,+0.00,+0.000,1012.421,-0.160,-0.140,0.213,0.160,-1.560,2,11.898,115.893,4
106.100,012,+56.5978124,+23.6905415,33.210,0.00,+0.00,+0.000,1013.351,-0.150,-0.130,0.198,0.150,-1.440,2,11.998,116.824,4
106.200,012,+56.5978065,+23.6905520,32.730,0.00,+0.00,+0.000,1014.267,-0.130,-0.130,0.184,0.130,-1.320,2,12.098,117.739,4
106.300,012,+56.5978009,+23.6905624,32.180,0.00,+0.00,+0.000,1015.168,-0.150,-0.110,0.186,0.150,-1.440,2,12.198,118.641,4
106.400,012,+56.5977953,+23.6905728,31.790,0.00,+0.00,+0.000,1016.057,-0.090,-0.110,0.142,0.090,-0.840,2,12.298,119.529,4
106.500,012,+56.5977899,+23.6905833,31.610,0.00,+0.00,+0.000,1016.937,-0.020,-0.080,0.082,0.020,-0.240,2,12.398,120.410,4
106.600,012,+56.5977846,+23.6905939,31.650,0.00,+0.00,+0.000,1017.816,+0.040,-0.050,0.064,0.000,+0.360,2,12.498,121.289,4
106.700,012,+56.5977793,+23.6906045,31.910,0.00,+0.00,+0.000,1018.698,+0.100,-0.050,0.112,0.000,+0.960,2,12.598,122.171,4
106.800,012,+56.5977739,+23.6906153,32.380,0.00,+0.00,+0.000,1019.591,+0.160,-0.020,0.161,0.000,+1.560,2,12.698,123.064,4
106.900,012,+56.5977684,+23.6906263,33.070,0.00,+0.00,+0.000,1020.500,+0.220,-0.020,0.221,0.000,+2.160,2,12.798,123.973,4
107.000,012,+56.5977628,+23.6906375,33.960,0.00,+0.00,+0.000,1021.431,+0.260,+0.000,0.260,0.000,+2.520,2,12.898,124.904,4
107.100,012,+56.5977570,+23.6906491,34.740,0.00,+0.00,+0.000,1022.386,+0.200,+0.000,0.200,0.000,+1.920,2,12.998,125.858,4
107.200,012,+56.5977511,+23.6906609,35.300,0.00,+0.00,+0.000,1023.358,+0.130,+0.000,0.130,0.000,+1.320,2,13.098,126.831,4
107.300,012,+56.5977452,+23.6906728,35.640,0.00,+0.00,+0.000,1024.344,+0.070,-0.040,0.081,0.000,+0.720,2,13.198,127.817,4
107.400,012,+56.5977392,+23.6906847,35.770,0.00,+0.00,+0.000,1025.335,+0.010,-0.120,0.120,0.000,+0.120,2,13.298,128.808,4
107.500,012,+56.5977332,+23.6906967,35.680,0.00,+0.00,+0.000,1026.328,-0.050,-0.120,0.130,0.050,-0.480,2,13.398,129.801,4
107.600,012,+56.5977273,+23.6907088,35.490,0.00,+0.00,+0.000,1027.316,-0.050,-0.200,0.206,0.050,-0.500,2,13.498,130.789,4
107.700,012,+56.5977216,+23.6907210,35.300,0.00,+0.00,+0.000,1028.299,-0.050,-0.270,0.275,0.050,-0.470,2,13.598,131.772,4
107.800,012,+56.5977162,+23.6907335,35.120,0.00,+0.00,+0.000,1029.277,-0.040,-0.350,0.352,0.040,-0.350,2,13.698,132.750,4
107.900,012,+56.5977111,+23.6907465,35.130,0.00,+0.00,+0.000,1030.253,+0.030,-0.390,0.391,0.000,+0.250,2,13.798,133.726,4
108.000,012,+56.5977063,+23.6907598,35.350,0.00,+0.00,+0.000,1031.232,+0.090,-0.320,0.332,0.000,+0.850,2,13.898,134.705,4
108.100,012,+56.5977018,+23.6907736,35.780,0.00,+0.00,+0.000,1032.220,+0.150,-0.410,0.437,0.000,+1.450,2,13.998,135.693,4
108.200,012,+56.5976974,+23.6907880,36.440,0.00,+0.00,+0.000,1033.223,+0.210,-0.430,0.479,0.000,+2.050,2,14.098,136.696,4
108.300,012,+56.5976933,+23.6908029,37.300,0.00,+0.00,+0.000,1034.247,+0.270,-0.450,0.525,0.000,+2.650,2,14.198,137.720,4
108.400,012,+56.5976895,+23.6908186,38.340,0.00,+0.00,+0.000,1035.298,+0.280,-0.470,0.547,0.000,+2.770,2,14.298,138.771,4
108.500,012,+56.5976860,+23.6908350,39.200,0.00,+0.00,+0.000,1036.375,+0.220,-0.450,0.501,0.000,+2.170,2,14.398,139.848,4
108.600,012,+56.5976828,+23.6908519,39.860,0.00,+0.00,+0.000,1037.473,+0.160,-0.400,0.431,0.000,+1.570,2,14.498,140.946,4
108.700,012,+56.5976800,+23.6908694,40.290,0.00,+0.00,+0.000,1038.586,+0.100,-0.340,0.354,0.000,+0.970,2,14.598,142.059,4
108.800,012,+56.5976774,+23.6908871,40.510,0.00,+0.00,+0.000,1039.708,+0.040,-0.240,0.243,0.000,+0.370,2,14.698,143.181,4
108.900,012,+56.5976751,+23.6909049,40.520,0.00,+0.00,+0.000,1040.834,-0.020,-0.270,0.271,0.020,-0.230,2,14.798,144.307,4
109.000,012,+56.5976729,+23.6909227,40.320,0.00,+0.00,+0.000,1041.956,-0.060,-0.200,0.209,0.060,-0.590,2,14.898,145.429,4
109.100,012,+56.5976708,+23.6909405,39.980,0.00,+0.00,+0.000,1043.072,-0.120,-0.170,0.208,0.120,-1.190,2,14.998,146.545,4
109.200,012,+56.5976689,+23.6909581,39.510,0.00,+0.00,+0.000,1044.176,-0.130,-0.160,0.206,0.130,-1.310,2,15.098,147.649,4
109.300,012,+56.5976672,+23.6909756,38.960,0.00,+0.00,+0.000,1045.266,-0.170,-0.160,0.233,0.170,-1.670,2,15.198,148.738,4
109.400,012,+56.5976656,+23.6909927,38.250,0.00,+0.00,+0.000,1046.338,-0.210,-0.150,0.258,0.210,-2.030,2,15.298,149.811,4
109.500,012,+56.5976642,+23.6910096,37.440,0.00,+0.00,+0.000,1047.389,-0.240,-0.150,0.283,0.240,-2.390,2,15.398,150.862,4
109.600,012,+56.5976629,+23.6910262,36.500,0.00,+0.00,+0.000,1048.416,-0.280,-0.120,0.305,0.280,-2.750,2,15.498,151.889,4
109.700,012,+56.5976618,+23.6910423,35.380,0.00,+0.00,+0.000,1049.414,-0.340,-0.120,0.361,0.340,-3.350,2,15.598,152.887,4
109.800,012,+56.5976609,+23.6910578,34.060,0.00,+0.00,+0.000,1050.379,-0.380,-0.080,0.388,0.380,-3.710,2,15.698,153.852,4
109.900,012,+56.5976600,+23.6910728,32.730,0.00,+0.00,+0.000,1051.307,-0.360,-0.060,0.365,0.360,-3.520,2,15.798,154.779,4
110.000,012,+56.5976592,+23.6910872,31.600,0.00,+0.00,+0.000,1052.200,-0.300,-0.030,0.301,0.300,-2.920,2,15.898,155.673,4
110.100,012,+56.5976585,+23.6911012,30.680,0.00,+0.00,+0.000,1053.065,-0.240,-0.030,0.242,0.240,-2.320,2,15.998,156.538,4
110.200,012,+56.5976578,+23.6911148,29.960,0.00,+0.00,+0.000,1053.907,-0.180,-0.010,0.180,0.180,-1.810,2,16.098,157.380,4
110.300,012,+56.5976571,+23.6911281,29.320,0.00,+0.00,+0.000,1054.731,-0.170,+0.000,0.170,0.170,-1.640,2,16.198,158.203,4
110.400,012,+56.5976564,+23.6911411,28.780,0.00,+0.00,+0.000,1055.538,-0.140,+0.000,0.140,0.140,-1.330,2,16.298,159.010,4
110.500,012,+56.5976557,+23.6911540,28.430,0.00,+0.00,+0.000,1056.332,-0.070,+0.000,0.070,0.070,-0.730,2,16.398,159.805,4
110.600,012,+56.5976551,+23.6911667,28.290,0.00,+0.00,+0.000,1057.120,-0.010,+0.000,0.010,0.010,-0.130,2,16.498,160.593,4
110.700,012,+56.5976544,+23.6911795,28.370,0.00,+0.00,+0.000,1057.907,+0.050,+0.000,0.050,0.000,+0.470,2,16.598,161.380,4
110.800,012,+56.5976537,+23.6911923,28.670,0.00,+0.00,+0.000,1058.699,+0.110,+0.000,0.110,0.000,+1.070,2,16.698,162.172,4
110.900,012,+56.5976530,+23.6912054,29.180,0.00,+0.00,+0.000,1059.503,+0.170,+0.000,0.170,0.000,+1.670,2,16.798,162.975,4
111.000,012,+56.5976523,+23.6912187,29.810,0.00,+0.00,+0.000,1060.322,+0.160,+0.000,0.160,0.000,+1.550,2,16.898,163.795,4
111.100,012,+56.5976516,+23.6912322,30.240,0.00,+0.00,+0.000,1061.156,+0.100,+0.000,0.100,0.000,+0.950,2,16.998,164.629,4
111.200,012,+56.5976509,+23.6912459,30.450,0.00,+0.00,+0.000,1061.999,+0.040,+0.000,0.040,0.000,+0.350,2,17.098,165.472,4
111.300,012,+56.5976502,+23.6912596,30.440,0.00,+0.00,+0.000,1062.844,-0.030,+0.000,0.030,0.030,-0.250,2,17.198,166.317,4
111.400,012,+56.5976494,+23.6912733,30.230,0.00,+0.00,+0.000,1063.687,-0.080,+0.000,0.080,0.080,-0.810,2,17.298,167.160,4
111.500,012,+56.5976487,+23.6912868,29.960,0.00,+0.00,+0.000,1064.523,-0.060,+0.000,0.060,0.060,-0.560,2,17.398,167.996,4
111.600,012,+56.5976480,+23.6913003,29.870,0.00,+0.00,+0.000,1065.354,-0.020,+0.000,0.020,0.020,-0.200,2,17.498,168.827,4
111.700,012,+56.5976473,+23.6913137,29.730,0.00,+0.00,+0.000,1066.182,-0.050,+0.000,0.050,0.050,-0.480,2,17.598,169.655,4
111.800,012,+56.5976466,+23.6913270,29.520,0.00,+0.00,+0.000,1067.005,-0.060,+0.000,0.060,0.060,-0.600,2,17.698,170.478,4
111.900,012,+56.5976459,+23.6913403,29.280,0.00,+0.00,+0.000,1067.821,-0.060,+0.000,0.060,0.060,-0.570,2,17.798,171.294,4
112.000,012,+56.5976452,+23.6913534,29.170,0.00,+0.00,+0.000,1068.633,-0.010,+0.000,0.010,0.010,-0.090,2,17.898,172.106,4
112.100,012,+56.5976445,+23.6913666,29.270,0.00,+0.00,+0.000,1069.445,+0.050,+0.000,0.050,0.000,+0.510,2,17.998,172.918,4
112.200,012,+56.5976438,+23.6913798,29.590,0.00,+0.00,+0.000,1070.262,+0.110,+0.000,0.110,0.000,+1.110,2,18.098,173.735,4
112.300,012,+56.5976431,+23.6913933,30.120,0.00,+0.00,+0.000,1071.092,+0.170,+0.000,0.170,0.000,+1.710,2,18.198,174.565,4
112.400,012,+56.5976424,+23.6914070,30.860,0.00,+0.00,+0.000,1071.939,+0.240,-0.040,0.243,0.000,+2.310,2,18.298,175.412,4
112.500,012,+56.5976417,+23.6914212,31.810,0.00,+0.00,+0.000,1072.809,+0.270,-0.120,0.295,0.000,+2.670,2,18.398,176.282,4
112.600,012,+56.5976409,+23.6914358,32.730,0.00,+0.00,+0.000,1073.705,+0.240,-0.310,0.392,0.000,+2.310,2,18.498,177.178,4
112.700,012,+56.5976401,+23.6914507,33.430,0.00,+0.00,+0.000,1074.624,+0.170,-0.420,0.453,0.000,+1.710,2,18.598,178.097,4
112.800,012,+56.5976398,+23.6914659,33.920,0.00,+0.00,+0.000,1075.560,+0.110,-0.630,0.640,0.000,+1.110,2,18.698,179.033,4
112.900,012,+56.5976402,+23.6914813,34.240,0.00,+0.00,+0.000,1076.506,+0.080,-0.840,0.844,0.000,+0.750,2,18.798,179.979,4
113.000,012,+56.5976416,+23.6914967,34.390,0.00,+0.00,+0.000,1077.460,+0.020,-0.940,0.940,0.000,+0.150,2,18.898,180.933,4
113.100,012,+56.5976440,+23.6915116,34.330,0.00,+0.00,+0.000,1078.414,-0.020,-0.800,0.800,0.020,-0.210,2,18.998,181.887,4
113.200,012,+56.5976471,+23.6915260,34.230,0.00,+0.00,+0.000,1079.366,-0.010,-0.540,0.540,0.010,-0.090,2,19.098,182.839,4
113.300,012,+56.5976511,+23.6915397,34.330,0.00,+0.00,+0.000,1080.318,+0.050,-0.170,0.177,0.000,+0.510,2,19.198,183.791,4
113.400,012,+56.5976555,+23.6915531,34.590,0.00,+0.00,+0.000,1081.276,+0.060,+0.210,0.218,0.000,+0.630,2,19.298,184.749,4
113.500,012,+56.5976592,+23.6915673,34.690,0.00,+0.00,+0.000,1082.238,+0.000,+0.490,0.490,0.000,+0.030,2,19.398,185.711,4
113.600,012,+56.5976621,+23.6915821,34.570,0.00,+0.00,+0.000,1083.200,-0.060,+0.730,0.732,0.060,-0.570,2,19.498,186.673,4
113.700,012,+56.5976640,+23.6915972,34.260,0.00,+0.00,+0.000,1084.156,-0.090,+0.350,0.361,0.090,-0.930,2,19.598,187.629,4
113.800,012,+56.5976651,+23.6916125,34.040,0.00,+0.00,+0.000,1085.104,-0.060,-0.250,0.257,0.060,-0.570,2,19.698,188.577,4
113.900,012,+56.5976654,+23.6916278,33.710,0.00,+0.00,+0.000,1086.045,-0.120,-0.860,0.868,0.120,-1.170,2,19.798,189.518,4
114.000,012,+56.5976667,+23.6916426,33.160,0.00,+0.00,+0.000,1086.974,-0.180,-1.450,1.461,0.180,-1.770,2,19.898,190.447,4
114.100,012,+56.5976701,+23.6916560,32.390,0.00,+0.00,+0.000,1087.885,-0.240,-1.610,1.628,0.240,-2.370,2,19.998,191.357,4
114.200,012,+56.5976756,+23.6916664,31.410,0.00,+0.00,+0.000,1088.771,-0.300,-1.700,1.726,0.300,-2.970,2,20.098,192.244,4
114.300,012,+56.5976822,+23.6916734,30.230,0.00,+0.00,+0.000,1089.627,-0.340,-1.440,1.480,0.340,-3.330,2,20.198,193.100,4
114.400,012,+56.5976892,+23.6916776,29.160,0.00,+0.00,+0.000,1090.452,-0.280,-1.070,1.106,0.280,-2.730,2,20.298,193.925,4
114.500,012,+56.5976960,+23.6916810,28.310,0.00,+0.00,+0.000,1091.250,-0.220,-0.720,0.753,0.220,-2.130,2,20.398,194.723,4
114.600,012,+56.5977028,+23.6916841,27.680,0.00,+0.00,+0.000,1092.027,-0.160,-0.580,0.602,0.160,-1.530,2,20.498,195.500,4
114.700,012,+56.5977095,+23.6916867,27.260,0.00,+0.00,+0.000,1092.791,-0.090,-0.330,0.342,0.090,-0.930,2,20.598,196.263,4
114.800,012,+56.5977161,+23.6916890,27.050,0.00,+0.00,+0.000,1093.545,-0.030,-0.190,0.192,0.030,-0.330,2,20.698,197.018,4
114.900,012,+56.5977228,+23.6916909,27.070,0.00,+0.00,+0.000,1094.297,+0.030,-0.200,0.202,0.000,+0.270,2,20.798,197.769,4
115.000,012,+56.5977295,+23.6916925,27.290,0.00,+0.00,+0.000,1095.052,+0.090,-0.200,0.219,0.000,+0.870,2,20.898,198.524,4
115.100,012,+56.5977364,+23.6916938,27.740,0.00,+0.00,+0.000,1095.816,+0.150,-0.180,0.234,0.000,+1.470,2,20.998,199.289,4
115.200,012,+56.5977434,+23.6916947,28.380,0.00,+0.00,+0.000,1096.595,+0.190,-0.160,0.248,0.000,+1.830,2,21.098,200.068,4
115.300,012,+56.5977505,+23.6916954,29.030,0.00,+0.00,+0.000,1097.393,+0.170,-0.120,0.208,0.000,+1.710,2,21.198,200.866,4
115.400,012,+56.5977579,+23.6916958,29.640,0.00,+0.00,+0.000,1098.208,+0.190,-0.090,0.210,0.000,+1.830,2,21.298,201.680,4
115.500,012,+56.5977654,+23.6916963,30.350,0.00,+0.00,+0.000,1099.041,+0.220,-0.070,0.231,0.000,+2.190,2,21.398,202.514,4
115.600,012,+56.5977731,+23.6916968,31.270,0.00,+0.00,+0.000,1099.897,+0.280,-0.010,0.280,0.000,+2.790,2,21.498,203.369,4
115.700,012,+56.5977810,+23.6916973,32.400,0.00,+0.00,+0.000,1100.781,+0.350,+0.000,0.350,0.000,+3.390,2,21.598,204.254,4
115.800,012,+56.5977893,+23.6916978,33.750,0.00,+0.00,+0.000,1101.700,+0.410,+0.000,0.410,0.000,+3.990,2,21.698,205.172,4
115.900,012,+56.5977979,+23.6916983,35.320,0.00,+0.00,+0.000,1102.659,+0.470,+0.000,0.470,0.000,+4.590,2,21.798,206.132,4
116.000,012,+56.5978070,+23.6916989,36.930,0.00,+0.00,+0.000,1103.662,+0.430,+0.000,0.430,0.000,+4.230,2,21.898,207.135,4
116.100,012,+56.5978164,+23.6916995,38.380,0.00,+0.00,+0.000,1104.708,+0.400,+0.000,0.400,0.000,+3.870,2,21.998,208.181,4
116.200,012,+56.5978262,+23.6917001,39.650,0.00,+0.00,+0.000,1105.792,+0.330,+0.000,0.330,0.000,+3.270,2,22.098,209.265,4
116.300,012,+56.5978362,+23.6917007,40.690,0.00,+0.00,+0.000,1106.908,+0.270,+0.000,0.270,0.000,+2.670,2,22.198,210.381,4
116.400,012,+56.5978465,+23.6917014,41.530,0.00,+0.00,+0.000,1108.050,+0.210,+0.000,0.210,0.000,+2.070,2,22.298,211.523,4
116.500,012,+56.5978570,+23.6917020,42.150,0.00,+0.00,+0.000,1109.212,+0.150,+0.000,0.150,0.000,+1.470,2,22.398,212.685,4
116.600,012,+56.5978675,+23.6917027,42.550,0.00,+0.00,+0.000,1110.388,+0.090,+0.000,0.090,0.000,+0.870,2,22.498,213.861,4
116.700,012,+56.5978782,+23.6917033,42.730,0.00,+0.00,+0.000,1111.573,+0.030,+0.000,0.030,0.000,+0.270,2,22.598,215.046,4
116.800,012,+56.5978888,+23.6917040,42.700,0.00,+0.00,+0.000,1112.759,-0.030,+0.000,0.030,0.030,-0.330,2,22.698,216.232,4
116.900,012,+56.5978995,+23.6917047,42.460,0.00,+0.00,+0.000,1113.942,-0.090,+0.000,0.090,0.090,-0.930,2,22.798,217.415,4
117.000,012,+56.5979100,+23.6917053,41.990,0.00,+0.00,+0.000,1115.115,-0.160,+0.000,0.160,0.160,-1.530,2,22.898,218.588,4
117.100,012,+56.5979203,+23.6917060,41.310,0.00,+0.00,+0.000,1116.272,-0.220,+0.000,0.220,0.220,-2.130,2,22.998,219.745,4
117.200,012,+56.5979305,+23.6917066,40.680,0.00,+0.00,+0.000,1117.411,-0.160,+0.000,0.160,0.160,-1.530,2,23.098,220.884,4
117.300,012,+56.5979406,+23.6917072,40.260,0.00,+0.00,+0.000,1118.535,-0.090,+0.000,0.090,0.090,-0.930,2,23.198,222.008,4
117.400,012,+56.5979506,+23.6917079,40.060,0.00,+0.00,+0.000,1119.651,-0.030,+0.000,0.030,0.030,-0.330,2,23.298,223.123,4
117.500,012,+56.5979606,+23.6917085,40.050,0.00,+0.00,+0.000,1120.763,+0.000,+0.000,0.000,0.000,+0.030,2,23.398,224.236,4
117.600,012,+56.5979706,+23.6917091,39.930,0.00,+0.00,+0.000,1121.874,-0.060,+0.000,0.060,0.060,-0.570,2,23.498,225.347,4
117.700,012,+56.5979805,+23.6917097,39.600,0.00,+0.00,+0.000,1122.979,-0.120,+0.000,0.120,0.120,-1.170,2,23.598,226.452,4
117.800,012,+56.5979903,+23.6917103,39.050,0.00,+0.00,+0.000,1124.071,-0.180,+0.000,0.180,0.180,-1.770,2,23.698,227.544,4
117.900,012,+56.5979999,+23.6917109,38.290,0.00,+0.00,+0.000,1125.145,-0.240,+0.000,0.240,0.240,-2.370,2,23.798,228.618,4
118.000,012,+56.5980093,+23.6917115,37.310,0.00,+0.00,+0.000,1126.195,-0.300,+0.000,0.300,0.300,-2.970,2,23.898,229.668,4
118.100,012,+56.5980185,+23.6917121,36.110,0.00,+0.00,+0.000,1127.215,-0.360,+0.000,0.360,0.360,-3.570,2,23.998,230.688,4
118.200,012,+56.5980273,+23.6917127,34.770,0.00,+0.00,+0.000,1128.199,-0.380,+0.000,0.380,0.380,-3.690,2,24.098,231.672,4
118.300,012,+56.5980357,+23.6917132,33.380,0.00,+0.00,+0.000,1129.146,-0.390,+0.000,0.390,0.390,-3.810,2,24.198,232.619,4
118.400,012,+56.5980438,+23.6917137,32.050,0.00,+0.00,+0.000,1130.055,-0.350,+0.000,0.350,0.350,-3.450,2,24.298,233.528,4
118.500,012,+56.5980517,+23.6917142,30.940,0.00,+0.00,+0.000,1130.929,-0.290,+0.000,0.290,0.290,-2.850,2,24.398,234.402,4
118.600,012,+56.5980592,+23.6917147,30.050,0.00,+0.00,+0.000,1131.777,-0.230,+0.000,0.230,0.230,-2.250,2,24.498,235.249,4
118.700,012,+56.5980666,+23.6917151,29.370,0.00,+0.00,+0.000,1132.602,-0.170,+0.000,0.170,0.170,-1.650,2,24.598,236.075,4
118.800,012,+56.5980739,+23.6917156,28.910,0.00,+0.00,+0.000,1133.411,-0.110,+0.000,0.110,0.110,-1.050,2,24.698,236.884,4
118.900,012,+56.5980810,+23.6917160,28.660,0.00,+0.00,+0.000,1134.211,-0.050,+0.000,0.050,0.050,-0.450,2,24.798,237.684,4
119.000,012,+56.5980882,+23.6917165,28.630,0.00,+0.00,+0.000,1135.007,+0.020,+0.000,0.020,0.000,+0.150,2,24.898,238.479,4
119.100,012,+56.5980953,+23.6917169,28.810,0.00,+0.00,+0.000,1135.804,+0.080,+0.000,0.080,0.000,+0.750,2,24.998,239.277,4
119.200,012,+56.5981026,+23.6917174,29.210,0.00,+0.00,+0.000,1136.610,+0.140,+0.000,0.140,0.000,+1.350,2,25.098,240.083,4
119.300,012,+56.5981100,+23.6917178,29.830,0.00,+0.00,+0.000,1137.430,+0.200,-0.030,0.202,0.000,+1.950,2,25.198,240.903,4
119.400,012,+56.5981175,+23.6917183,30.670,0.00,+0.00,+0.000,1138.270,+0.260,-0.100,0.279,0.000,+2.550,2,25.298,241.743,4
119.500,012,+56.5981253,+23.6917188,31.720,0.00,+0.00,+0.000,1139.137,+0.320,-0.170,0.362,0.000,+3.150,2,25.398,242.610,4
119.600,012,+56.5981334,+23.6917193,32.980,0.00,+0.00,+0.000,1140.036,+0.380,-0.340,0.510,0.000,+3.750,2,25.498,243.508,4
119.700,012,+56.5981419,+23.6917192,34.430,0.00,+0.00,+0.000,1140.972,+0.420,-0.460,0.623,0.000,+4.110,2,25.598,244.445,4
119.800,012,+56.5981506,+23.6917181,35.830,0.00,+0.00,+0.000,1141.948,+0.380,-0.590,0.702,0.000,+3.750,2,25.698,245.421,4
119.900,012,+56.5981597,+23.6917156,37.120,0.00,+0.00,+0.000,1142.961,+0.350,-0.830,0.901,0.000,+3.390,2,25.798,246.434,4
120.000,012,+56.5981688,+23.6917117,38.210,0.00,+0.00,+0.000,1144.007,+0.280,-0.830,0.876,0.000,+2.790,2,25.898,247.480,4
120.100,012,+56.5981780,+23.6917062,39.090,0.00,+0.00,+0.000,1145.081,+0.220,-0.810,0.839,0.000,+2.190,2,25.998,248.554,4
120.200,012,+56.5981871,+23.6916991,39.790,0.00,+0.00,+0.000,1146.176,+0.190,-0.720,0.745,0.000,+1.830,2,26.098,249.649,4
120.300,012,+56.5981959,+23.6916907,40.320,0.00,+0.00,+0.000,1147.289,+0.130,-0.830,0.840,0.000,+1.230,2,26.198,250.762,4
120.400,012,+56.5982048,+23.6916818,40.630,0.00,+0.00,+0.000,1148.413,+0.060,-0.750,0.752,0.000,+0.630,2,26.298,251.886,4
120.500,012,+56.5982134,+23.6916720,40.730,0.00,+0.00,+0.000,1149.543,+0.000,-0.740,0.740,0.000,+0.030,2,26.398,253.016,4
120.600,012,+56.5982215,+23.6916609,40.610,0.00,+0.00,+0.000,1150.673,-0.060,-0.680,0.683,0.060,-0.570,2,26.498,254.146,4
120.700,012,+56.5982290,+23.6916488,40.280,0.00,+0.00,+0.000,1151.796,-0.120,-0.420,0.437,0.120,-1.170,2,26.598,255.269,4
120.800,012,+56.5982359,+23.6916357,39.730,0.00,+0.00,+0.000,1152.908,-0.180,+0.000,0.180,0.180,-1.770,2,26.698,256.381,4
120.900,012,+56.5982426,+23.6916229,38.980,0.00,+0.00,+0.000,1154.001,-0.230,+0.390,0.453,0.230,-2.240,2,26.798,257.474,4
121.000,012,+56.5982499,+23.6916114,38.240,0.00,+0.00,+0.000,1155.073,-0.220,+0.700,0.734,0.220,-2.120,2,26.898,258.546,4
121.100,012,+56.5982576,+23.6916016,37.450,0.00,+0.00,+0.000,1156.125,-0.230,+0.890,0.919,0.230,-2.240,2,26.998,259.597,4
121.200,012,+56.5982656,+23.6915933,36.770,0.00,+0.00,+0.000,1157.155,-0.170,+0.890,0.906,0.170,-1.640,2,27.098,260.628,4
121.300,012,+56.5982738,+23.6915862,36.310,0.00,+0.00,+0.000,1158.170,-0.110,+0.720,0.728,0.110,-1.040,2,27.198,261.643,4
121.400,012,+56.5982822,+23.6915802,36.060,0.00,+0.00,+0.000,1159.176,-0.050,+0.620,0.622,0.050,-0.440,2,27.298,262.648,4
121.500,012,+56.5982908,+23.6915752,36.030,0.00,+0.00,+0.000,1160.177,+0.020,+0.810,0.810,0.000,+0.160,2,27.398,263.650,4
121.600,012,+56.5982995,+23.6915709,36.200,0.00,+0.00,+0.000,1161.180,+0.050,+0.900,0.901,0.000,+0.520,2,27.498,264.653,4
121.700,012,+56.5983082,+23.6915669,36.260,0.00,+0.00,+0.000,1162.186,-0.010,+1.200,1.200,0.010,-0.080,2,27.598,265.659,4
121.800,012,+56.5983172,+23.6915650,36.100,0.00,+0.00,+0.000,1163.191,-0.070,+1.470,1.472,0.070,-0.680,2,27.698,266.664,4
121.900,012,+56.5983261,+23.6915662,35.720,0.00,+0.00,+0.000,1164.189,-0.130,+1.770,1.775,0.130,-1.280,2,27.798,267.662,4
122.000,012,+56.5983345,+23.6915708,35.130,0.00,+0.00,+0.000,1165.173,-0.190,+1.710,1.721,0.190,-1.880,2,27.898,268.646,4
122.100,012,+56.5983421,+23.6915785,34.320,0.00,+0.00,+0.000,1166.137,-0.250,+1.460,1.481,0.250,-2.480,2,27.998,269.610,4
122.200,012,+56.5983485,+23.6915882,33.460,0.00,+0.00,+0.000,1167.079,-0.220,+1.010,1.034,0.220,-2.180,2,28.098,270.552,4
122.300,012,+56.5983542,+23.6915990,32.550,0.00,+0.00,+0.000,1167.996,-0.280,+0.570,0.635,0.280,-2.780,2,28.198,271.469,4
122.400,012,+56.5983595,+23.6916097,31.490,0.00,+0.00,+0.000,1168.885,-0.300,+0.330,0.446,0.300,-2.990,2,28.298,272.358,4
122.500,012,+56.5983648,+23.6916199,30.410,0.00,+0.00,+0.000,1169.745,-0.290,+0.040,0.293,0.290,-2.870,2,28.398,273.218,4
122.600,012,+56.5983700,+23.6916295,29.510,0.00,+0.00,+0.000,1170.577,-0.230,-0.120,0.259,0.230,-2.270,2,28.498,274.050,4
122.700,012,+56.5983753,+23.6916385,28.820,0.00,+0.00,+0.000,1171.387,-0.170,-0.200,0.262,0.170,-1.670,2,28.598,274.860,4
122.800,012,+56.5983806,+23.6916471,28.350,0.00,+0.00,+0.000,1172.181,-0.110,-0.210,0.237,0.110,-1.070,2,28.698,275.654,4
122.900,012,+56.5983860,+23.6916554,28.090,0.00,+0.00,+0.000,1172.965,-0.050,-0.240,0.245,0.050,-0.470,2,28.798,276.438,4
123.000,012,+56.5983914,+23.6916633,28.050,0.00,+0.00,+0.000,1173.745,+0.010,-0.240,0.240,0.000,+0.130,2,28.898,277.218,4
123.100,012,+56.5983970,+23.6916710,28.230,0.00,+0.00,+0.000,1174.527,+0.070,-0.240,0.250,0.000,+0.730,2,28.998,277.999,4
123.200,012,+56.5984028,+23.6916785,28.620,0.00,+0.00,+0.000,1175.316,+0.140,-0.230,0.269,0.000,+1.330,2,29.098,278.789,4
123.300,012,+56.5984088,+23.6916857,29.120,0.00,+0.00,+0.000,1176.118,+0.150,-0.200,0.250,0.000,+1.450,2,29.198,279.591,4
123.400,012,+56.5984150,+23.6916927,29.510,0.00,+0.00,+0.000,1176.932,+0.090,-0.190,0.210,0.000,+0.850,2,29.298,280.405,4
123.500,012,+56.5984214,+23.6916995,29.740,0.00,+0.00,+0.000,1177.755,+0.070,-0.190,0.202,0.000,+0.730,2,29.398,281.228,4
123.600,012,+56.5984279,+23.6917061,30.140,0.00,+0.00,+0.000,1178.587,+0.140,-0.190,0.236,0.000,+1.330,2,29.498,282.060,4
123.700,012,+56.5984346,+23.6917127,30.740,0.00,+0.00,+0.000,1179.432,+0.200,-0.200,0.283,0.000,+1.930,2,29.598,282.905,4
123.800,012,+56.5984415,+23.6917193,31.570,0.00,+0.00,+0.000,1180.298,+0.260,-0.250,0.361,0.000,+2.530,2,29.698,283.771,4
123.900,012,+56.5984487,+23.6917258,32.560,0.00,+0.00,+0.000,1181.189,+0.270,-0.270,0.382,0.000,+2.650,2,29.798,284.662,4
124.000,012,+56.5984562,+23.6917319,33.380,0.00,+0.00,+0.000,1182.104,+0.210,-0.260,0.334,0.000,+2.050,2,29.898,285.577,4
124.100,012,+56.5984640,+23.6917378,34.250,0.00,+0.00,+0.000,1183.044,+0.270,-0.300,0.404,0.000,+2.650,2,29.998,286.517,4
124.200,012,+56.5984721,+23.6917433,35.070,0.00,+0.00,+0.000,1184.007,+0.210,-0.370,0.425,0.000,+2.050,2,30.098,287.479,4
124.300,012,+56.5984805,+23.6917484,35.680,0.00,+0.00,+0.000,1184.989,+0.150,-0.380,0.409,0.000,+1.450,2,30.198,288.462,4
124.400,012,+56.5984891,+23.6917531,36.070,0.00,+0.00,+0.000,1185.986,+0.090,-0.360,0.371,0.000,+0.850,2,30.298,289.459,4
124.500,012,+56.5984979,+23.6917572,36.250,0.00,+0.00,+0.000,1186.990,+0.030,-0.310,0.311,0.000,+0.250,2,30.398,290.463,4
124.600,012,+56.5985067,+23.6917608,36.240,0.00,+0.00,+0.000,1187.997,-0.010,-0.290,0.290,0.010,-0.110,2,30.498,291.470,4
124.700,012,+56.5985156,+23.6917639,36.330,0.00,+0.00,+0.000,1189.005,+0.050,-0.390,0.393,0.000,+0.490,2,30.598,292.478,4
124.800,012,+56.5985245,+23.6917669,36.530,0.00,+0.00,+0.000,1190.017,+0.040,-0.440,0.442,0.000,+0.370,2,30.698,293.490,4
124.900,012,+56.5985335,+23.6917695,36.540,0.00,+0.00,+0.000,1191.032,-0.020,-0.460,0.460,0.020,-0.230,2,30.798,294.505,4
125.000,012,+56.5985426,+23.6917709,36.330,0.00,+0.00,+0.000,1192.044,-0.080,-0.590,0.595,0.080,-0.830,2,30.898,295.517,4
125.100,012,+56.5985516,+23.6917711,35.900,0.00,+0.00,+0.000,1193.047,-0.140,-0.730,0.743,0.140,-1.340,2,30.998,296.520,4
125.200,012,+56.5985604,+23.6917702,35.510,0.00,+0.00,+0.000,1194.039,-0.090,-0.640,0.646,0.090,-0.900,2,31.098,297.512,4
125.300,012,+56.5985692,+23.6917681,35.300,0.00,+0.00,+0.000,1195.022,-0.040,-0.600,0.601,0.040,-0.400,2,31.198,298.495,4
125.400,012,+56.5985778,+23.6917649,35.290,0.00,+0.00,+0.000,1196.003,+0.020,-0.730,0.730,0.000,+0.200,2,31.298,299.476,4
125.500,012,+56.5985863,+23.6917608,35.470,0.00,+0.00,+0.000,1196.985,+0.060,-0.850,0.852,0.000,+0.560,2,31.398,300.458,4
125.600,012,+56.5985948,+23.6917562,35.540,0.00,+0.00,+0.000,1197.972,+0.000,-0.890,0.890,0.000,-0.040,2,31.498,301.445,4
125.700,012,+56.5986030,+23.6917499,35.400,0.00,+0.00,+0.000,1198.957,-0.070,-0.990,0.992,0.070,-0.640,2,31.598,302.430,4
125.800,012,+56.5986106,+23.6917419,35.040,0.00,+0.00,+0.000,1199.935,-0.130,-0.970,0.979,0.130,-1.240,2,31.698,303.408,4
125.900,012,+56.5986174,+23.6917324,34.480,0.00,+0.00,+0.000,1200.901,-0.160,-1.020,1.032,0.160,-1.600,2,31.798,304.374,4
126.000,012,+56.5986235,+23.6917215,34.040,0.00,+0.00,+0.000,1201.853,-0.100,-0.900,0.906,0.100,-1.000,2,31.898,305.325,4
126.100,012,+56.5986291,+23.6917099,33.790,0.00,+0.00,+0.000,1202.795,-0.060,-0.800,0.802,0.060,-0.580,2,31.998,306.267,4
126.200,012,+56.5986342,+23.6916979,33.590,0.00,+0.00,+0.000,1203.730,-0.060,-0.590,0.593,0.060,-0.550,2,32.098,307.203,4
126.300,012,+56.5986390,+23.6916854,33.430,0.00,+0.00,+0.000,1204.661,-0.040,-0.420,0.422,0.040,-0.380,2,32.198,308.134,4
126.400,012,+56.5986433,+23.6916726,33.290,0.00,+0.00,+0.000,1205.588,-0.030,-0.320,0.321,0.030,-0.310,2,32.298,309.061,4
126.500,012,+56.5986473,+23.6916594,33.230,0.00,+0.00,+0.000,1206.512,+0.010,-0.240,0.240,0.000,+0.060,2,32.398,309.985,4
126.600,012,+56.5986511,+23.6916460,33.380,0.00,+0.00,+0.000,1207.437,+0.070,-0.170,0.184,0.000,+0.660,2,32.498,310.910,4
126.700,012,+56.5986550,+23.6916326,33.720,0.00,+0.00,+0.000,1208.369,+0.100,-0.140,0.172,0.000,+1.020,2,32.598,311.842,4
126.800,012,+56.5986589,+23.6916189,34.040,0.00,+0.00,+0.000,1209.310,+0.070,-0.060,0.092,0.000,+0.660,2,32.698,312.783,4
126.900,012,+56.5986628,+23.6916052,34.150,0.00,+0.00,+0.000,1210.257,+0.010,-0.140,0.140,0.000,+0.060,2,32.798,313.730,4
127.000,012,+56.5986666,+23.6915914,34.040,0.00,+0.00,+0.000,1211.204,-0.060,-0.230,0.238,0.060,-0.540,2,32.898,314.677,4
127.100,012,+56.5986703,+23.6915776,33.710,0.00,+0.00,+0.000,1212.145,-0.120,-0.320,0.342,0.120,-1.140,2,32.998,315.618,4
127.200,012,+56.5986735,+23.6915637,33.180,0.00,+0.00,+0.000,1213.074,-0.170,-0.310,0.354,0.170,-1.630,2,33.098,316.547,4
127.300,012,+56.5986764,+23.6915498,32.650,0.00,+0.00,+0.000,1213.988,-0.160,-0.390,0.422,0.160,-1.620,2,33.198,317.461,4
127.400,012,+56.5986789,+23.6915359,31.940,0.00,+0.00,+0.000,1214.886,-0.230,-0.420,0.479,0.230,-2.220,2,33.298,318.358,4
127.500,012,+56.5986810,+23.6915222,31.270,0.00,+0.00,+0.000,1215.763,-0.160,-0.320,0.358,0.160,-1.620,2,33.398,319.236,4
127.600,012,+56.5986827,+23.6915085,30.820,0.00,+0.00,+0.000,1216.626,-0.100,-0.390,0.403,0.100,-1.020,2,33.498,320.099,4
127.700,012,+56.5986842,+23.6914949,30.580,0.00,+0.00,+0.000,1217.479,-0.040,-0.390,0.392,0.040,-0.420,2,33.598,320.952,4
127.800,012,+56.5986852,+23.6914813,30.560,0.00,+0.00,+0.000,1218.328,+0.020,-0.310,0.311,0.000,+0.180,2,33.698,321.801,4
127.900,012,+56.5986860,+23.6914675,30.760,0.00,+0.00,+0.000,1219.179,+0.080,-0.390,0.398,0.000,+0.780,2,33.798,322.652,4
128.000,012,+56.5986865,+23.6914535,31.170,0.00,+0.00,+0.000,1220.040,+0.140,-0.400,0.424,0.000,+1.380,2,33.898,323.512,4
128.100,012,+56.5986866,+23.6914392,31.800,0.00,+0.00,+0.000,1220.914,+0.200,-0.330,0.386,0.000,+1.980,2,33.998,324.387,4
128.200,012,+56.5986864,+23.6914247,32.470,0.00,+0.00,+0.000,1221.807,+0.170,-0.380,0.416,0.000,+1.620,2,34.098,325.280,4
128.300,012,+56.5986859,+23.6914099,32.920,0.00,+0.00,+0.000,1222.715,+0.100,-0.300,0.316,0.000,+1.020,2,34.198,326.188,4
128.400,012,+56.5986850,+23.6913950,33.160,0.00,+0.00,+0.000,1223.633,+0.040,-0.220,0.224,0.000,+0.420,2,34.298,327.106,4
128.500,012,+56.5986840,+23.6913801,33.180,0.00,+0.00,+0.000,1224.554,-0.020,-0.130,0.132,0.020,-0.180,2,34.398,328.027,4
128.600,012,+56.5986828,+23.6913653,33.010,0.00,+0.00,+0.000,1225.473,-0.050,-0.130,0.139,0.050,-0.540,2,34.498,328.946,4
128.700,012,+56.5986817,+23.6913505,32.840,0.00,+0.00,+0.000,1226.388,-0.040,-0.040,0.057,0.040,-0.420,2,34.598,329.861,4
128.800,012,+56.5986806,+23.6913359,32.630,0.00,+0.00,+0.000,1227.297,-0.050,+0.000,0.050,0.050,-0.540,2,34.698,330.770,4
128.900,012,+56.5986795,+23.6913213,32.450,0.00,+0.00,+0.000,1228.201,-0.040,+0.000,0.040,0.040,-0.420,2,34.798,331.674,4
129.000,012,+56.5986783,+23.6913068,32.340,0.00,+0.00,+0.000,1229.101,-0.010,+0.000,0.010,0.010,-0.060,2,34.898,332.574,4
129.100,012,+56.5986772,+23.6912923,32.450,0.00,+0.00,+0.000,1230.001,+0.060,+0.000,0.060,0.000,+0.540,2,34.998,333.474,4
129.200,012,+56.5986761,+23.6912777,32.780,0.00,+0.00,+0.000,1230.907,+0.120,+0.000,0.120,0.000,+1.140,2,35.098,334.380,4
129.300,012,+56.5986750,+23.6912629,33.320,0.00,+0.00,+0.000,1231.825,+0.180,+0.000,0.180,0.000,+1.740,2,35.198,335.298,4
129.400,012,+56.5986738,+23.6912477,34.080,0.00,+0.00,+0.000,1232.761,+0.240,+0.000,0.240,0.000,+2.340,2,35.298,336.234,4
129.500,012,+56.5986726,+23.6912322,35.050,0.00,+0.00,+0.000,1233.721,+0.300,+0.040,0.303,0.000,+2.940,2,35.398,337.194,4
129.600,012,+56.5986714,+23.6912162,36.240,0.00,+0.00,+0.000,1234.711,+0.360,+0.240,0.433,0.000,+3.540,2,35.498,338.184,4
129.700,012,+56.5986701,+23.6911997,37.380,0.00,+0.00,+0.000,1235.734,+0.300,+0.360,0.469,0.000,+2.940,2,35.598,339.207,4
129.800,012,+56.5986691,+23.6911826,38.320,0.00,+0.00,+0.000,1236.785,+0.240,+0.600,0.646,0.000,+2.340,2,35.698,340.258,4
129.900,012,+56.5986689,+23.6911651,39.030,0.00,+0.00,+0.000,1237.860,+0.180,+0.740,0.762,0.000,+1.740,2,35.798,341.333,4
130.000,012,+56.5986695,+23.6911473,39.530,0.00,+0.00,+0.000,1238.951,+0.120,+0.990,0.997,0.000,+1.140,2,35.898,342.424,4
130.100,012,+56.5986709,+23.6911296,39.810,0.00,+0.00,+0.000,1240.053,+0.060,+0.950,0.952,0.000,+0.540,2,35.998,343.526,4
130.200,012,+56.5986732,+23.6911120,39.880,0.00,+0.00,+0.000,1241.159,-0.010,+1.100,1.100,0.010,-0.060,2,36.098,344.632,4
130.300,012,+56.5986764,+23.6910949,39.730,0.00,+0.00,+0.000,1242.265,-0.070,+0.990,0.992,0.070,-0.660,2,36.198,345.738,4
130.400,012,+56.5986803,+23.6910785,39.380,0.00,+0.00,+0.000,1243.364,-0.100,+1.150,1.154,0.100,-1.020,2,36.298,346.837,4
130.500,012,+56.5986849,+23.6910630,38.880,0.00,+0.00,+0.000,1244.451,-0.160,+1.040,1.052,0.160,-1.620,2,36.398,347.924,4
130.600,012,+56.5986904,+23.6910486,38.260,0.00,+0.00,+0.000,1245.522,-0.180,+1.170,1.184,0.180,-1.740,2,36.498,348.995,4
130.700,012,+56.5986965,+23.6910356,37.500,0.00,+0.00,+0.000,1246.574,-0.240,+1.040,1.067,0.240,-2.340,2,36.598,350.047,4
130.800,012,+56.5987032,+23.6910242,36.600,0.00,+0.00,+0.000,1247.604,-0.270,+1.050,1.084,0.270,-2.700,2,36.698,351.077,4
130.900,012,+56.5987103,+23.6910143,35.510,0.00,+0.00,+0.000,1248.605,-0.330,+0.750,0.819,0.330,-3.260,2,36.798,352.078,4
131.000,012,+56.5987176,+23.6910059,34.210,0.00,+0.00,+0.000,1249.573,-0.390,+0.590,0.707,0.390,-3.860,2,36.898,353.046,4
131.100,012,+56.5987250,+23.6909990,32.690,0.00,+0.00,+0.000,1250.503,-0.450,+0.440,0.629,0.450,-4.460,2,36.998,353.976,4
131.200,012,+56.5987321,+23.6909927,31.030,0.00,+0.00,+0.000,1251.388,-0.450,+0.210,0.497,0.450,-4.440,2,37.098,354.861,4
131.300,012,+56.5987389,+23.6909868,29.560,0.00,+0.00,+0.000,1252.229,-0.390,+0.110,0.405,0.390,-3.840,2,37.198,355.702,4
131.400,012,+56.5987453,+23.6909811,28.310,0.00,+0.00,+0.000,1253.033,-0.330,+0.030,0.331,0.330,-3.240,2,37.298,356.506,4
131.500,012,+56.5987516,+23.6909757,27.270,0.00,+0.00,+0.000,1253.805,-0.270,+0.000,0.270,0.270,-2.640,2,37.398,357.278,4
131.600,012,+56.5987576,+23.6909704,26.450,0.00,+0.00,+0.000,1254.551,-0.210,+0.000,0.210,0.210,-2.040,2,37.498,358.024,4
131.700,012,+56.5987634,+23.6909653,25.840,0.00,+0.00,+0.000,1255.277,-0.150,+0.000,0.150,0.150,-1.440,2,37.598,358.750,4
131.800,012,+56.5987692,+23.6909603,25.450,0.00,+0.00,+0.000,1255.990,-0.090,+0.000,0.090,0.090,-0.840,2,37.698,359.463,4
131.900,012,+56.5987749,+23.6909553,25.280,0.00,+0.00,+0.000,1256.694,-0.020,+0.000,0.020,0.020,-0.240,2,37.798,360.167,4
132.000,012,+56.5987806,+23.6909503,25.320,0.00,+0.00,+0.000,1257.397,+0.040,+0.000,0.040,0.000,+0.360,2,37.898,360.870,4
132.100,012,+56.5987863,+23.6909453,25.580,0.00,+0.00,+0.000,1258.104,+0.100,+0.000,0.100,0.000,+0.960,2,37.998,361.577,4
132.200,012,+56.5987921,+23.6909402,26.050,0.00,+0.00,+0.000,1258.821,+0.160,+0.000,0.160,0.000,+1.560,2,38.098,362.294,4
132.300,012,+56.5987980,+23.6909350,26.740,0.00,+0.00,+0.000,1259.554,+0.220,+0.000,0.220,0.000,+2.160,2,38.198,363.027,4
132.400,012,+56.5988042,+23.6909297,27.540,0.00,+0.00,+0.000,1260.308,+0.210,+0.000,0.210,0.000,+2.040,2,38.298,363.781,4
132.500,012,+56.5988104,+23.6909242,28.150,0.00,+0.00,+0.000,1261.082,+0.150,+0.000,0.150,0.000,+1.440,2,38.398,364.554,4
132.600,012,+56.5988168,+23.6909186,28.530,0.00,+0.00,+0.000,1261.869,+0.090,+0.000,0.090,0.000,+0.840,2,38.498,365.342,4
132.700,012,+56.5988232,+23.6909130,28.710,0.00,+0.00,+0.000,1262.664,+0.020,+0.000,0.020,0.000,+0.240,2,38.598,366.137,4
132.800,012,+56.5988297,+23.6909073,28.660,0.00,+0.00,+0.000,1263.461,-0.040,+0.000,0.040,0.040,-0.360,2,38.698,366.933,4
132.900,012,+56.5988361,+23.6909017,28.470,0.00,+0.00,+0.000,1264.254,-0.040,+0.000,0.040,0.040,-0.420,2,38.798,367.727,4
133.000,012,+56.5988425,+23.6908961,28.450,0.00,+0.00,+0.000,1265.045,+0.020,+0.000,0.020,0.000,+0.180,2,38.898,368.517,4
133.100,012,+56.5988489,+23.6908905,28.470,0.00,+0.00,+0.000,1265.835,-0.020,+0.000,0.020,0.020,-0.180,2,38.998,369.308,4
133.200,012,+56.5988553,+23.6908849,28.360,0.00,+0.00,+0.000,1266.624,-0.040,+0.000,0.040,0.040,-0.410,2,39.098,370.097,4
133.300,012,+56.5988616,+23.6908794,28.170,0.00,+0.00,+0.000,1267.410,-0.050,+0.000,0.050,0.050,-0.510,2,39.198,370.883,4
133.400,012,+56.5988679,+23.6908739,28.040,0.00,+0.00,+0.000,1268.190,-0.020,+0.000,0.020,0.020,-0.180,2,39.298,371.663,4
133.500,012,+56.5988742,+23.6908684,28.100,0.00,+0.00,+0.000,1268.970,+0.040,+0.000,0.040,0.000,+0.420,2,39.398,372.443,4
133.600,012,+56.5988806,+23.6908628,28.380,0.00,+0.00,+0.000,1269.754,+0.100,+0.000,0.100,0.000,+1.020,2,39.498,373.227,4
133.700,012,+56.5988870,+23.6908572,28.880,0.00,+0.00,+0.000,1270.550,+0.160,+0.000,0.160,0.000,+1.620,2,39.598,374.023,4
133.800,012,+56.5988936,+23.6908514,29.590,0.00,+0.00,+0.000,1271.362,+0.230,+0.000,0.230,0.000,+2.220,2,39.698,374.835,4
133.900,012,+56.5989004,+23.6908455,30.520,0.00,+0.00,+0.000,1272.197,+0.290,+0.000,0.290,0.000,+2.820,2,39.798,375.670,4
134.000,012,+56.5989074,+23.6908394,31.560,0.00,+0.00,+0.000,1273.059,+0.280,+0.000,0.280,0.000,+2.700,2,39.898,376.532,4
134.100,012,+56.5989146,+23.6908330,32.400,0.00,+0.00,+0.000,1273.947,+0.210,+0.000,0.210,0.000,+2.100,2,39.998,377.420,4
134.200,012,+56.5989220,+23.6908266,33.020,0.00,+0.00,+0.000,1274.856,+0.150,+0.000,0.150,0.000,+1.500,2,40.098,378.329,4
134.300,012,+56.5989294,+23.6908201,33.430,0.00,+0.00,+0.000,1275.779,+0.090,+0.000,0.090,0.000,+0.900,2,40.198,379.252,4
134.400,012,+56.5989370,+23.6908134,33.800,0.00,+0.00,+0.000,1276.713,+0.130,+0.000,0.130,0.000,+1.260,2,40.298,380.185,4
134.500,012,+56.5989447,+23.6908067,34.380,0.00,+0.00,+0.000,1277.659,+0.190,+0.000,0.190,0.000,+1.860,2,40.398,381.132,4
134.600,012,+56.5989525,+23.6907999,35.180,0.00,+0.00,+0.000,1278.626,+0.250,+0.000,0.250,0.000,+2.460,2,40.498,382.098,4
134.700,012,+56.5989605,+23.6907928,36.190,0.00,+0.00,+0.000,1279.617,+0.310,+0.000,0.310,0.000,+3.060,2,40.598,383.090,4
134.800,012,+56.5989688,+23.6907856,37.300,0.00,+0.00,+0.000,1280.638,+0.320,+0.000,0.320,0.000,+3.180,2,40.698,384.110,4
134.900,012,+56.5989774,+23.6907781,38.580,0.00,+0.00,+0.000,1281.691,+0.390,+0.000,0.390,0.000,+3.780,2,40.798,385.164,4
135.000,012,+56.5989862,+23.6907704,39.960,0.00,+0.00,+0.000,1282.782,+0.370,+0.000,0.370,0.000,+3.660,2,40.898,386.255,4
135.100,012,+56.5989954,+23.6907624,41.150,0.00,+0.00,+0.000,1283.909,+0.310,+0.000,0.310,0.000,+3.060,2,40.998,387.382,4
135.200,012,+56.5990048,+23.6907542,42.120,0.00,+0.00,+0.000,1285.065,+0.250,+0.000,0.250,0.000,+2.460,2,41.098,388.538,4
135.300,012,+56.5990143,+23.6907458,42.890,0.00,+0.00,+0.000,1286.246,+0.210,+0.000,0.210,0.000,+2.100,2,41.198,389.719,4
135.400,012,+56.5990241,+23.6907373,43.570,0.00,+0.00,+0.000,1287.447,+0.180,+0.000,0.180,0.000,+1.740,2,41.298,390.920,4
135.500,012,+56.5990339,+23.6907286,44.150,0.00,+0.00,+0.000,1288.665,+0.140,+0.000,0.140,0.000,+1.380,2,41.398,392.138,4
135.600,012,+56.5990439,+23.6907199,44.520,0.00,+0.00,+0.000,1289.897,+0.080,+0.000,0.080,0.000,+0.780,2,41.498,393.370,4
135.700,012,+56.5990539,+23.6907111,44.670,0.00,+0.00,+0.000,1291.135,+0.020,+0.000,0.020,0.000,+0.180,2,41.598,394.608,4
135.800,012,+56.5990640,+23.6907023,44.610,0.00,+0.00,+0.000,1292.375,-0.040,+0.000,0.040,0.040,-0.420,2,41.698,395.848,4
135.900,012,+56.5990740,+23.6906936,44.380,0.00,+0.00,+0.000,1293.611,-0.080,+0.000,0.080,0.080,-0.780,2,41.798,397.084,4
136.000,012,+56.5990839,+23.6906849,44.210,0.00,+0.00,+0.000,1294.842,-0.040,+0.000,0.040,0.040,-0.420,2,41.898,398.315,4
136.100,012,+56.5990938,+23.6906762,43.930,0.00,+0.00,+0.000,1296.066,-0.100,+0.060,0.117,0.100,-1.020,2,41.998,399.539,4
136.200,012,+56.5991036,+23.6906677,43.430,0.00,+0.00,+0.000,1297.279,-0.170,+0.270,0.319,0.170,-1.620,2,42.098,400.752,4
136.300,012,+56.5991133,+23.6906592,42.710,0.00,+0.00,+0.000,1298.476,-0.230,+0.480,0.532,0.230,-2.220,2,42.198,401.949,4
136.400,012,+56.5991230,+23.6906518,41.840,0.00,+0.00,+0.000,1299.650,-0.240,+0.670,0.712,0.240,-2.340,2,42.298,403.123,4
136.500,012,+56.5991328,+23.6906460,40.990,0.00,+0.00,+0.000,1300.800,-0.230,+0.840,0.871,0.230,-2.220,2,42.398,404.273,4
136.600,012,+56.5991426,+23.6906418,40.180,0.00,+0.00,+0.000,1301.928,-0.210,+0.960,0.983,0.210,-2.100,2,42.498,405.401,4
136.700,012,+56.5991524,+23.6906392,39.340,0.00,+0.00,+0.000,1303.032,-0.250,+0.940,0.973,0.250,-2.460,2,42.598,406.505,4
136.800,012,+56.5991620,+23.6906381,38.340,0.00,+0.00,+0.000,1304.111,-0.290,+0.810,0.860,0.290,-2.820,2,42.698,407.584,4
136.900,012,+56.5991715,+23.6906383,37.320,0.00,+0.00,+0.000,1305.162,-0.300,+0.880,0.930,0.300,-2.940,2,42.798,408.635,4
137.000,012,+56.5991805,+23.6906399,36.130,0.00,+0.00,+0.000,1306.182,-0.360,+0.840,0.914,0.360,-3.540,2,42.898,409.655,4
137.100,012,+56.5991892,+23.6906428,34.810,0.00,+0.00,+0.000,1307.167,-0.370,+0.800,0.881,0.370,-3.660,2,42.998,410.640,4
137.200,012,+56.5991974,+23.6906467,33.600,0.00,+0.00,+0.000,1308.117,-0.320,+0.710,0.779,0.320,-3.140,2,43.098,411.590,4
137.300,012,+56.5992052,+23.6906518,32.600,0.00,+0.00,+0.000,1309.037,-0.260,+0.730,0.775,0.260,-2.540,2,43.198,412.510,4
137.400,012,+56.5992125,+23.6906576,31.820,0.00,+0.00,+0.000,1309.932,-0.200,+0.760,0.786,0.200,-1.940,2,43.298,413.405,4
137.500,012,+56.5992194,+23.6906643,31.250,0.00,+0.00,+0.000,1310.808,-0.140,+0.900,0.911,0.140,-1.340,2,43.398,414.281,4
137.600,012,+56.5992261,+23.6906715,30.730,0.00,+0.00,+0.000,1311.668,-0.170,+0.950,0.965,0.170,-1.700,2,43.498,415.141,4
137.700,012,+56.5992320,+23.6906799,29.990,0.00,+0.00,+0.000,1312.512,-0.230,+0.920,0.948,0.230,-2.300,2,43.598,415.985,4
137.800,012,+56.5992371,+23.6906894,29.030,0.00,+0.00,+0.000,1313.332,-0.300,+1.050,1.092,0.300,-2.900,2,43.698,416.804,4
137.900,012,+56.5992413,+23.6906998,27.860,0.00,+0.00,+0.000,1314.122,-0.360,+1.040,1.101,0.360,-3.500,2,43.798,417.595,4
138.000,012,+56.5992444,+23.6907106,26.640,0.00,+0.00,+0.000,1314.879,-0.320,+0.860,0.918,0.320,-3.140,2,43.898,418.352,4
138.100,012,+56.5992465,+23.6907218,25.640,0.00,+0.00,+0.000,1315.605,-0.260,+0.710,0.756,0.260,-2.540,2,43.998,419.078,4
138.200,012,+56.5992479,+23.6907329,24.860,0.00,+0.00,+0.000,1316.306,-0.200,+0.570,0.604,0.200,-1.940,2,44.098,419.779,4
138.300,012,+56.5992485,+23.6907439,24.290,0.00,+0.00,+0.000,1316.989,-0.140,+0.460,0.481,0.140,-1.340,2,44.198,420.462,4
138.400,012,+56.5992487,+23.6907547,23.940,0.00,+0.00,+0.000,1317.659,-0.080,+0.360,0.369,0.080,-0.740,2,44.298,421.132,4
138.500,012,+56.5992487,+23.6907655,23.810,0.00,+0.00,+0.000,1318.322,-0.010,+0.270,0.270,0.010,-0.140,2,44.398,421.795,4
138.600,012,+56.5992487,+23.6907763,23.890,0.00,+0.00,+0.000,1318.984,+0.050,+0.180,0.187,0.000,+0.460,2,44.498,422.457,4
138.700,012,+56.5992487,+23.6907872,24.180,0.00,+0.00,+0.000,1319.652,+0.110,+0.110,0.156,0.000,+1.060,2,44.598,423.125,4
138.800,012,+56.5992487,+23.6907983,24.700,0.00,+0.00,+0.000,1320.331,+0.170,+0.040,0.175,0.000,+1.660,2,44.698,423.804,4
138.900,012,+56.5992487,+23.6908096,25.420,0.00,+0.00,+0.000,1321.027,+0.230,+0.030,0.232,0.000,+2.260,2,44.798,424.500,4
139.000,012,+56.5992487,+23.6908214,26.370,0.00,+0.00,+0.000,1321.746,+0.290,+0.160,0.331,0.000,+2.860,2,44.898,425.219,4
139.100,012,+56.5992487,+23.6908336,27.530,0.00,+0.00,+0.000,1322.495,+0.350,+0.330,0.481,0.000,+3.460,2,44.998,425.968,4
139.200,012,+56.5992487,+23.6908464,28.910,0.00,+0.00,+0.000,1323.279,+0.410,+0.450,0.609,0.000,+4.060,2,45.098,426.752,4
139.300,012,+56.5992484,+23.6908599,30.330,0.00,+0.00,+0.000,1324.102,+0.380,+0.670,0.770,0.000,+3.700,2,45.198,427.574,4
139.400,012,+56.5992472,+23.6908737,31.530,0.00,+0.00,+0.000,1324.961,+0.320,+0.920,0.974,0.000,+3.100,2,45.298,428.434,4
139.500,012,+56.5992447,+23.6908876,32.520,0.00,+0.00,+0.000,1325.850,+0.260,+1.120,1.150,0.000,+2.500,2,45.398,429.323,4
139.600,012,+56.5992410,+23.6909008,33.290,0.00,+0.00,+0.000,1326.764,+0.190,+1.280,1.294,0.000,+1.900,2,45.498,430.237,4
139.700,012,+56.5992360,+23.6909131,33.850,0.00,+0.00,+0.000,1327.697,+0.130,+1.260,1.267,0.000,+1.300,2,45.598,431.170,4
139.800,012,+56.5992302,+23.6909242,34.180,0.00,+0.00,+0.000,1328.642,+0.070,+1.210,1.212,0.000,+0.700,2,45.698,432.115,4
139.900,012,+56.5992236,+23.6909342,34.310,0.00,+0.00,+0.000,1329.593,+0.010,+1.140,1.140,0.000,+0.100,2,45.798,433.066,4
140.000,012,+56.5992165,+23.6909429,34.220,0.00,+0.00,+0.000,1330.545,-0.050,+0.940,0.941,0.050,-0.500,2,45.898,434.018,4
140.100,012,+56.5992090,+23.6909500,34.080,0.00,+0.00,+0.000,1331.493,-0.010,+0.740,0.740,0.010,-0.140,2,45.998,434.966,4
140.200,012,+56.5992011,+23.6909557,34.160,0.00,+0.00,+0.000,1332.441,+0.050,+0.590,0.592,0.000,+0.460,2,46.098,435.914,4
140.300,012,+56.5991930,+23.6909607,34.460,0.00,+0.00,+0.000,1333.394,+0.110,+0.350,0.367,0.000,+1.060,2,46.198,436.867,4
140.400,012,+56.5991848,+23.6909657,34.800,0.00,+0.00,+0.000,1334.356,+0.070,+0.200,0.212,0.000,+0.700,2,46.298,437.829,4
140.500,012,+56.5991765,+23.6909708,34.920,0.00,+0.00,+0.000,1335.324,+0.010,+0.040,0.041,0.000,+0.100,2,46.398,438.797,4
140.600,012,+56.5991683,+23.6909759,34.870,0.00,+0.00,+0.000,1336.294,-0.020,+0.000,0.020,0.020,-0.190,2,46.498,439.767,4
140.700,012,+56.5991601,+23.6909809,34.830,0.00,+0.00,+0.000,1337.262,-0.010,+0.000,0.010,0.010,-0.050,2,46.598,440.735,4
140.800,012,+56.5991518,+23.6909860,34.860,0.00,+0.00,+0.000,1338.230,+0.030,+0.000,0.030,0.000,+0.310,2,46.698,441.703,4
140.900,012,+56.5991436,+23.6909911,35.100,0.00,+0.00,+0.000,1339.201,+0.090,+0.000,0.090,0.000,+0.910,2,46.798,442.674,4
141.000,012,+56.5991352,+23.6909962,35.560,0.00,+0.00,+0.000,1340.183,+0.150,+0.000,0.150,0.000,+1.510,2,46.898,443.656,4
141.100,012,+56.5991268,+23.6910014,35.970,0.00,+0.00,+0.000,1341.176,+0.090,+0.000,0.090,0.000,+0.910,2,46.998,444.649,4
141.200,012,+56.5991182,+23.6910067,36.240,0.00,+0.00,+0.000,1342.179,+0.060,+0.000,0.060,0.000,+0.550,2,47.098,445.652,4
141.300,012,+56.5991096,+23.6910120,36.340,0.00,+0.00,+0.000,1343.187,+0.020,+0.000,0.020,0.000,+0.190,2,47.198,446.660,4
141.400,012,+56.5991011,+23.6910173,36.280,0.00,+0.00,+0.000,1344.196,-0.040,+0.000,0.040,0.040,-0.410,2,47.298,447.669,4
141.500,012,+56.5990925,+23.6910225,36.110,0.00,+0.00,+0.000,1345.201,-0.050,+0.000,0.050,0.050,-0.530,2,47.398,448.674,4
141.600,012,+56.5990840,+23.6910277,35.840,0.00,+0.00,+0.000,1346.201,-0.090,+0.000,0.090,0.090,-0.850,2,47.498,449.673,4
141.700,012,+56.5990756,+23.6910329,35.440,0.00,+0.00,+0.000,1347.191,-0.140,+0.000,0.140,0.140,-1.350,2,47.598,450.663,4
141.800,012,+56.5990673,+23.6910380,34.830,0.00,+0.00,+0.000,1348.167,-0.200,+0.000,0.200,0.200,-1.950,2,47.698,451.639,4
141.900,012,+56.5990592,+23.6910430,34.100,0.00,+0.00,+0.000,1349.124,-0.210,+0.000,0.210,0.210,-2.040,2,47.798,452.597,4
142.000,012,+56.5990512,+23.6910479,33.440,0.00,+0.00,+0.000,1350.062,-0.180,+0.000,0.180,0.180,-1.730,2,47.898,453.535,4
142.100,012,+56.5990434,+23.6910527,32.880,0.00,+0.00,+0.000,1350.983,-0.150,+0.000,0.150,0.150,-1.510,2,47.998,454.456,4
142.200,012,+56.5990357,+23.6910575,32.380,0.00,+0.00,+0.000,1351.889,-0.140,+0.000,0.140,0.140,-1.420,2,48.098,455.362,4
142.300,012,+56.5990281,+23.6910621,31.890,0.00,+0.00,+0.000,1352.782,-0.140,+0.000,0.140,0.140,-1.360,2,48.198,456.255,4
142.400,012,+56.5990206,+23.6910667,31.450,0.00,+0.00,+0.000,1353.662,-0.110,+0.000,0.110,0.110,-1.120,2,48.298,457.135,4
142.500,012,+56.5990133,+23.6910713,31.160,0.00,+0.00,+0.000,1354.531,-0.060,+0.000,0.060,0.060,-0.570,2,48.398,458.004,4
142.600,012,+56.5990059,+23.6910758,31.080,0.00,+0.00,+0.000,1355.396,+0.000,+0.000,0.000,0.000,+0.030,2,48.498,458.869,4
142.700,012,+56.5989986,+23.6910803,31.220,0.00,+0.00,+0.000,1356.261,+0.060,+0.000,0.060,0.000,+0.630,2,48.598,459.734,4
142.800,012,+56.5989911,+23.6910849,31.570,0.00,+0.00,+0.000,1357.133,+0.130,+0.000,0.130,0.000,+1.230,2,48.698,460.606,4
142.900,012,+56.5989836,+23.6910895,32.150,0.00,+0.00,+0.000,1358.018,+0.190,+0.000,0.190,0.000,+1.830,2,48.798,461.491,4
143.000,012,+56.5989759,+23.6910943,32.930,0.00,+0.00,+0.000,1358.922,+0.250,+0.000,0.250,0.000,+2.430,2,48.898,462.395,4
143.100,012,+56.5989680,+23.6910992,33.940,0.00,+0.00,+0.000,1359.851,+0.310,+0.000,0.310,0.000,+3.030,2,48.998,463.324,4
143.200,012,+56.5989598,+23.6911042,35.160,0.00,+0.00,+0.000,1360.811,+0.370,+0.000,0.370,0.000,+3.630,2,49.098,464.283,4
143.300,012,+56.5989513,+23.6911094,36.590,0.00,+0.00,+0.000,1361.807,+0.430,+0.000,0.430,0.000,+4.230,2,49.198,465.280,4
143.400,012,+56.5989424,+23.6911149,38.240,0.00,+0.00,+0.000,1362.846,+0.490,+0.000,0.490,0.000,+4.830,2,49.298,466.319,4
143.500,012,+56.5989331,+23.6911206,40.010,0.00,+0.00,+0.000,1363.933,+0.500,+0.000,0.500,0.000,+4.910,2,49.398,467.406,4
143.600,012,+56.5989234,+23.6911266,41.770,0.00,+0.00,+0.000,1365.069,+0.500,+0.000,0.500,0.000,+4.910,2,49.498,468.542,4
143.700,012,+56.5989133,+23.6911328,43.530,0.00,+0.00,+0.000,1366.254,+0.490,-0.040,0.492,0.000,+4.790,2,49.598,469.727,4
143.800,012,+56.5989028,+23.6911393,45.120,0.00,+0.00,+0.000,1367.485,+0.430,-0.240,0.492,0.000,+4.180,2,49.698,470.958,4
143.900,012,+56.5988919,+23.6911460,46.500,0.00,+0.00,+0.000,1368.758,+0.370,-0.360,0.516,0.000,+3.580,2,49.798,472.230,4
144.000,012,+56.5988809,+23.6911537,47.660,0.00,+0.00,+0.000,1370.065,+0.300,-0.600,0.671,0.000,+2.980,2,49.898,473.538,4
144.100,012,+56.5988700,+23.6911627,48.610,0.00,+0.00,+0.000,1371.402,+0.240,-0.850,0.883,0.000,+2.380,2,49.998,474.875,4
144.200,012,+56.5988592,+23.6911732,49.330,0.00,+0.00,+0.000,1372.763,+0.180,-0.820,0.840,0.000,+1.780,2,50.098,476.236,4
144.300,012,+56.5988487,+23.6911850,49.850,0.00,+0.00,+0.000,1374.140,+0.120,-0.980,0.987,0.000,+1.180,2,50.198,477.613,4
144.400,012,+56.5988385,+23.6911981,50.140,0.00,+0.00,+0.000,1375.529,+0.060,-1.130,1.132,0.000,+0.580,2,50.298,479.002,4
144.500,012,+56.5988288,+23.6912125,50.230,0.00,+0.00,+0.000,1376.923,+0.000,-1.290,1.290,0.000,-0.020,2,50.398,480.396,4
144.600,012,+56.5988199,+23.6912284,50.090,0.00,+0.00,+0.000,1378.316,-0.060,-1.240,1.241,0.060,-0.620,2,50.498,481.789,4
144.700,012,+56.5988119,+23.6912457,49.740,0.00,+0.00,+0.000,1379.703,-0.120,-1.490,1.495,0.120,-1.220,2,50.598,483.176,4
144.800,012,+56.5988051,+23.6912643,49.170,0.00,+0.00,+0.000,1381.077,-0.190,-1.500,1.512,0.190,-1.820,2,50.698,484.549,4
144.900,012,+56.5987996,+23.6912839,48.390,0.00,+0.00,+0.000,1382.432,-0.250,-1.180,1.206,0.250,-2.420,2,50.798,485.904,4
145.000,012,+56.5987952,+23.6913040,47.390,0.00,+0.00,+0.000,1383.762,-0.310,-0.820,0.877,0.310,-3.020,2,50.898,487.235,4
145.100,012,+56.5987917,+23.6913242,46.180,0.00,+0.00,+0.000,1385.061,-0.370,-0.770,0.854,0.370,-3.620,2,50.998,488.534,4
145.200,012,+56.5987885,+23.6913439,44.740,0.00,+0.00,+0.000,1386.324,-0.430,-0.490,0.652,0.430,-4.220,2,51.098,489.797,4
145.300,012,+56.5987857,+23.6913630,43.100,0.00,+0.00,+0.000,1387.544,-0.490,-0.320,0.585,0.490,-4.820,2,51.198,491.017,4
145.400,012,+56.5987834,+23.6913816,41.410,0.00,+0.00,+0.000,1388.718,-0.480,-0.360,0.600,0.480,-4.700,2,51.298,492.191,4
145.500,012,+56.5987815,+23.6913995,39.590,0.00,+0.00,+0.000,1389.843,-0.540,-0.360,0.649,0.540,-5.300,2,51.398,493.316,4
145.600,012,+56.5987799,+23.6914166,37.600,0.00,+0.00,+0.000,1390.915,-0.550,-0.330,0.641,0.550,-5.420,2,51.498,494.388,4
145.700,012,+56.5987787,+23.6914330,35.780,0.00,+0.00,+0.000,1391.934,-0.490,-0.300,0.575,0.490,-4.820,2,51.598,495.407,4
145.800,012,+56.5987778,+23.6914486,34.180,0.00,+0.00,+0.000,1392.906,-0.430,-0.270,0.508,0.430,-4.220,2,51.698,496.379,4
145.900,012,+56.5987772,+23.6914637,32.790,0.00,+0.00,+0.000,1393.836,-0.370,-0.230,0.436,0.370,-3.620,2,51.798,497.309,4
146.000,012,+56.5987768,+23.6914781,31.620,0.00,+0.00,+0.000,1394.731,-0.310,-0.170,0.354,0.310,-3.020,2,51.898,498.203,4
146.100,012,+56.5987765,+23.6914922,30.670,0.00,+0.00,+0.000,1395.596,-0.250,-0.130,0.282,0.250,-2.420,2,51.998,499.069,4
146.200,012,+56.5987765,+23.6915058,29.930,0.00,+0.00,+0.000,1396.437,-0.190,-0.090,0.210,0.190,-1.820,2,52.098,499.910,4
146.300,012,+56.5987765,+23.6915192,29.400,0.00,+0.00,+0.000,1397.261,-0.120,-0.080,0.144,0.120,-1.220,2,52.198,500.734,4
146.400,012,+56.5987765,+23.6915324,29.090,0.00,+0.00,+0.000,1398.074,-0.060,-0.050,0.078,0.060,-0.620,2,52.298,501.547,4
146.500,012,+56.5987765,+23.6915455,29.000,0.00,+0.00,+0.000,1398.881,+0.000,-0.020,0.020,0.000,-0.020,2,52.398,502.353,4
146.600,012,+56.5987765,+23.6915587,29.130,0.00,+0.00,+0.000,1399.688,+0.060,-0.020,0.063,0.000,+0.580,2,52.498,503.161,4
146.700,012,+56.5987765,+23.6915720,29.470,0.00,+0.00,+0.000,1400.502,+0.120,-0.070,0.139,0.000,+1.180,2,52.598,503.975,4
146.800,012,+56.5987765,+23.6915854,30.020,0.00,+0.00,+0.000,1401.328,+0.180,-0.120,0.216,0.000,+1.780,2,52.698,504.801,4
146.900,012,+56.5987765,+23.6915992,30.790,0.00,+0.00,+0.000,1402.173,+0.240,-0.180,0.300,0.000,+2.380,2,52.798,505.646,4
147.000,012,+56.5987766,+23.6916134,31.700,0.00,+0.00,+0.000,1403.041,+0.260,-0.250,0.361,0.000,+2.500,2,52.898,506.513,4
147.100,012,+56.5987770,+23.6916279,32.570,0.00,+0.00,+0.000,1403.933,+0.240,-0.330,0.408,0.000,+2.380,2,52.998,507.406,4
147.200,012,+56.5987779,+23.6916428,33.340,0.00,+0.00,+0.000,1404.849,+0.210,-0.470,0.515,0.000,+2.020,2,53.098,508.322,4
147.300,012,+56.5987792,+23.6916578,33.990,0.00,+0.00,+0.000,1405.784,+0.170,-0.520,0.547,0.000,+1.660,2,53.198,509.257,4
147.400,012,+56.5987811,+23.6916730,34.530,0.00,+0.00,+0.000,1406.735,+0.130,-0.530,0.546,0.000,+1.300,2,53.298,510.208,4
147.500,012,+56.5987834,+23.6916882,35.130,0.00,+0.00,+0.000,1407.703,+0.190,-0.590,0.620,0.000,+1.900,2,53.398,511.176,4
147.600,012,+56.5987863,+23.6917034,35.820,0.00,+0.00,+0.000,1408.688,+0.210,-0.770,0.798,0.000,+2.020,2,53.498,512.161,4
147.700,012,+56.5987897,+23.6917185,36.420,0.00,+0.00,+0.000,1409.692,+0.150,-0.900,0.912,0.000,+1.420,2,53.598,513.165,4
147.800,012,+56.5987938,+23.6917334,36.800,0.00,+0.00,+0.000,1410.709,+0.080,-1.210,1.213,0.000,+0.820,2,53.698,514.182,4
147.900,012,+56.5987990,+23.6917472,36.970,0.00,+0.00,+0.000,1411.733,+0.020,-1.250,1.250,0.000,+0.220,2,53.798,515.206,4
148.000,012,+56.5988051,+23.6917596,36.920,0.00,+0.00,+0.000,1412.759,-0.040,-1.530,1.531,0.040,-0.380,2,53.898,516.232,4
148.100,012,+56.5988123,+23.6917699,36.660,0.00,+0.00,+0.000,1413.781,-0.100,-1.550,1.553,0.100,-0.980,2,53.998,517.254,4
148.200,012,+56.5988202,+23.6917780,36.180,0.00,+0.00,+0.000,1414.793,-0.160,-1.270,1.280,0.160,-1.580,2,54.098,518.266,4
148.300,012,+56.5988285,+23.6917838,35.530,0.00,+0.00,+0.000,1415.789,-0.170,-1.060,1.074,0.170,-1.700,2,54.198,519.262,4
148.400,012,+56.5988370,+23.6917877,35.050,0.00,+0.00,+0.000,1416.769,-0.110,-0.690,0.699,0.110,-1.100,2,54.298,520.242,4
148.500,012,+56.5988456,+23.6917906,34.790,0.00,+0.00,+0.000,1417.739,-0.050,-0.520,0.522,0.050,-0.500,2,54.398,521.212,4
148.600,012,+56.5988541,+23.6917935,34.740,0.00,+0.00,+0.000,1418.705,+0.010,-0.210,0.210,0.000,+0.100,2,54.498,522.178,4
148.700,012,+56.5988626,+23.6917963,34.850,0.00,+0.00,+0.000,1419.672,+0.020,-0.070,0.073,0.000,+0.220,2,54.598,523.144,4
148.800,012,+56.5988712,+23.6917992,34.930,0.00,+0.00,+0.000,1420.641,+0.010,+0.000,0.010,0.000,+0.100,2,54.698,524.114,4
148.900,012,+56.5988798,+23.6918020,34.900,0.00,+0.00,+0.000,1421.611,-0.030,+0.000,0.030,0.030,-0.260,2,54.798,525.083,4
149.000,012,+56.5988883,+23.6918049,34.680,0.00,+0.00,+0.000,1422.577,-0.090,-0.010,0.091,0.090,-0.860,2,54.898,526.050,4
149.100,012,+56.5988968,+23.6918077,34.240,0.00,+0.00,+0.000,1423.534,-0.150,-0.030,0.153,0.150,-1.460,2,54.998,527.007,4
149.200,012,+56.5989051,+23.6918104,33.590,0.00,+0.00,+0.000,1424.476,-0.210,-0.030,0.212,0.210,-2.060,2,55.098,527.949,4
149.300,012,+56.5989132,+23.6918131,32.920,0.00,+0.00,+0.000,1425.400,-0.170,-0.040,0.175,0.170,-1.660,2,55.198,528.873,4
149.400,012,+56.5989212,+23.6918156,32.450,0.00,+0.00,+0.000,1426.308,-0.110,-0.050,0.121,0.110,-1.060,2,55.298,529.781,4
149.500,012,+56.5989292,+23.6918180,32.180,0.00,+0.00,+0.000,1427.206,-0.060,-0.050,0.078,0.060,-0.610,2,55.398,530.678,4
149.600,012,+56.5989371,+23.6918203,31.980,0.00,+0.00,+0.000,1428.097,-0.050,-0.060,0.078,0.050,-0.490,2,55.498,531.570,4
149.700,012,+56.5989450,+23.6918225,31.870,0.00,+0.00,+0.000,1428.983,-0.010,-0.060,0.061,0.010,-0.130,2,55.598,532.456,4
149.800,012,+56.5989528,+23.6918245,31.950,0.00,+0.00,+0.000,1429.870,+0.050,-0.060,0.078,0.000,+0.470,2,55.698,533.343,4
149.900,012,+56.5989608,+23.6918265,32.250,0.00,+0.00,+0.000,1430.762,+0.110,-0.060,0.125,0.000,+1.070,2,55.798,534.234,4
150.000,012,+56.5989688,+23.6918284,32.760,0.00,+0.00,+0.000,1431.664,+0.170,-0.060,0.180,0.000,+1.670,2,55.898,535.137,4
150.100,012,+56.5989770,+23.6918303,33.490,0.00,+0.00,+0.000,1432.585,+0.230,-0.070,0.240,0.000,+2.270,2,55.998,536.058,4
150.200,012,+56.5989855,+23.6918321,34.440,0.00,+0.00,+0.000,1433.528,+0.290,-0.070,0.298,0.000,+2.870,2,56.098,537.001,4
150.300,012,+56.5989942,+23.6918338,35.600,0.00,+0.00,+0.000,1434.501,+0.350,-0.080,0.359,0.000,+3.470,2,56.198,537.974,4
150.400,012,+56.5990032,+23.6918355,36.810,0.00,+0.00,+0.000,1435.507,+0.320,-0.080,0.330,0.000,+3.110,2,56.298,538.979,4
150.500,012,+56.5990125,+23.6918371,37.790,0.00,+0.00,+0.000,1436.543,+0.260,-0.080,0.272,0.000,+2.510,2,56.398,540.016,4
150.600,012,+56.5990220,+23.6918386,38.570,0.00,+0.00,+0.000,1437.603,+0.190,-0.080,0.206,0.000,+1.910,2,56.498,541.076,4
150.700,012,+56.5990317,+23.6918399,39.180,0.00,+0.00,+0.000,1438.683,+0.160,-0.060,0.171,0.000,+1.550,2,56.598,542.156,4
150.800,012,+56.5990415,+23.6918412,39.610,0.00,+0.00,+0.000,1439.777,+0.100,-0.030,0.104,0.000,+0.950,2,56.698,543.250,4
150.900,012,+56.5990514,+23.6918425,39.820,0.00,+0.00,+0.000,1440.881,+0.040,-0.040,0.057,0.000,+0.350,2,56.798,544.353,4
151.000,012,+56.5990613,+23.6918437,39.810,0.00,+0.00,+0.000,1441.987,-0.030,-0.010,0.032,0.030,-0.250,2,56.898,545.459,4
151.100,012,+56.5990712,+23.6918449,39.590,0.00,+0.00,+0.000,1443.089,-0.090,+0.000,0.090,0.090,-0.850,2,56.998,546.562,4
151.200,012,+56.5990810,+23.6918462,39.180,0.00,+0.00,+0.000,1444.183,-0.120,+0.000,0.120,0.120,-1.140,2,57.098,547.656,4
151.300,012,+56.5990907,+23.6918474,38.780,0.00,+0.00,+0.000,1445.266,-0.100,+0.000,0.100,0.100,-1.020,2,57.198,548.739,4
151.400,012,+56.5991003,+23.6918486,38.480,0.00,+0.00,+0.000,1446.339,-0.070,+0.000,0.070,0.070,-0.660,2,57.298,549.812,4
151.500,012,+56.5991099,+23.6918498,38.300,0.00,+0.00,+0.000,1447.406,-0.060,+0.000,0.060,0.060,-0.540,2,57.398,550.878,4
151.600,012,+56.5991194,+23.6918510,38.060,0.00,+0.00,+0.000,1448.466,-0.090,+0.000,0.090,0.090,-0.900,2,57.498,551.939,4
151.700,012,+56.5991288,+23.6918521,37.610,0.00,+0.00,+0.000,1449.517,-0.150,+0.000,0.150,0.150,-1.500,2,57.598,552.990,4
151.800,012,+56.5991380,+23.6918533,36.940,0.00,+0.00,+0.000,1450.553,-0.210,+0.000,0.210,0.210,-2.100,2,57.698,554.025,4
151.900,012,+56.5991471,+23.6918544,36.050,0.00,+0.00,+0.000,1451.566,-0.280,+0.000,0.280,0.280,-2.700,2,57.798,555.039,4
152.000,012,+56.5991559,+23.6918555,34.950,0.00,+0.00,+0.000,1452.552,-0.340,+0.000,0.340,0.340,-3.300,2,57.898,556.025,4
152.100,012,+56.5991644,+23.6918566,33.630,0.00,+0.00,+0.000,1453.505,-0.400,+0.000,0.400,0.400,-3.900,2,57.998,556.978,4
152.200,012,+56.5991726,+23.6918576,32.090,0.00,+0.00,+0.000,1454.418,-0.460,+0.000,0.460,0.460,-4.500,2,58.098,557.891,4
152.300,012,+56.5991803,+23.6918586,30.380,0.00,+0.00,+0.000,1455.285,-0.500,+0.000,0.500,0.500,-4.860,2,58.198,558.758,4
152.400,012,+56.5991876,+23.6918595,28.760,0.00,+0.00,+0.000,1456.107,-0.430,+0.000,0.430,0.430,-4.260,2,58.298,559.580,4
152.500,012,+56.5991946,+23.6918603,27.350,0.00,+0.00,+0.000,1456.886,-0.370,+0.000,0.370,0.370,-3.660,2,58.398,560.359,4
152.600,012,+56.5992012,+23.6918612,26.170,0.00,+0.00,+0.000,1457.629,-0.310,+0.000,0.310,0.310,-3.060,2,58.498,561.102,4
152.700,012,+56.5992075,+23.6918620,25.190,0.00,+0.00,+0.000,1458.343,-0.250,+0.000,0.250,0.250,-2.460,2,58.598,561.816,4
152.800,012,+56.5992137,+23.6918627,24.440,0.00,+0.00,+0.000,1459.032,-0.190,+0.000,0.190,0.190,-1.860,2,58.698,562.505,4
152.900,012,+56.5992197,+23.6918635,23.900,0.00,+0.00,+0.000,1459.703,-0.130,+0.000,0.130,0.130,-1.260,2,58.798,563.176,4
153.000,012,+56.5992256,+23.6918642,23.570,0.00,+0.00,+0.000,1460.363,-0.070,+0.000,0.070,0.070,-0.660,2,58.898,563.836,4
153.100,012,+56.5992314,+23.6918650,23.450,0.00,+0.00,+0.000,1461.016,-0.030,+0.000,0.030,0.030,-0.300,2,58.998,564.489,4
153.200,012,+56.5992373,+23.6918657,23.340,0.00,+0.00,+0.000,1461.666,-0.040,+0.000,0.040,0.040,-0.390,2,59.098,565.138,4
153.300,012,+56.5992431,+23.6918664,23.190,0.00,+0.00,+0.000,1462.312,-0.040,+0.000,0.040,0.040,-0.410,2,59.198,565.785,4
153.400,012,+56.5992488,+23.6918671,23.100,0.00,+0.00,+0.000,1462.955,-0.020,+0.000,0.020,0.020,-0.180,2,59.298,566.428,4
153.500,012,+56.5992546,+23.6918679,23.070,0.00,+0.00,+0.000,1463.596,+0.000,+0.000,0.000,0.000,+0.000,2,59.398,567.069,4
153.600,012,+56.5992603,+23.6918686,23.200,0.00,+0.00,+0.000,1464.239,+0.060,+0.000,0.060,0.000,+0.600,2,59.498,567.712,4
153.700,012,+56.5992661,+23.6918693,23.550,0.00,+0.00,+0.000,1464.888,+0.120,+0.000,0.120,0.000,+1.200,2,59.598,568.361,4
153.800,012,+56.5992721,+23.6918700,24.110,0.00,+0.00,+0.000,1465.550,+0.180,+0.000,0.180,0.000,+1.800,2,59.698,569.023,4
153.900,012,+56.5992782,+23.6918708,24.880,0.00,+0.00,+0.000,1466.230,+0.220,+0.000,0.220,0.000,+2.160,2,59.798,569.703,4
154.000,012,+56.5992845,+23.6918716,25.700,0.00,+0.00,+0.000,1466.933,+0.230,+0.000,0.230,0.000,+2.280,2,59.898,570.406,4
154.100,012,+56.5992910,+23.6918724,26.440,0.00,+0.00,+0.000,1467.657,+0.200,+0.000,0.200,0.000,+1.920,2,59.998,571.130,4
154.200,012,+56.5992977,+23.6918732,27.200,0.00,+0.00,+0.000,1468.402,+0.230,+0.000,0.230,0.000,+2.280,2,60.098,571.875,4
154.300,012,+56.5993046,+23.6918741,28.150,0.00,+0.00,+0.000,1469.171,+0.290,+0.000,0.290,0.000,+2.880,2,60.198,572.644,4
154.400,012,+56.5993118,+23.6918750,29.320,0.00,+0.00,+0.000,1469.969,+0.360,+0.000,0.360,0.000,+3.480,2,60.298,573.442,4
154.500,012,+56.5993193,+23.6918759,30.700,0.00,+0.00,+0.000,1470.802,+0.420,+0.000,0.420,0.000,+4.080,2,60.398,574.275,4
154.600,012,+56.5993272,+23.6918769,32.250,0.00,+0.00,+0.000,1471.677,+0.430,+0.000,0.430,0.000,+4.200,2,60.498,575.150,4
154.700,012,+56.5993354,+23.6918780,33.720,0.00,+0.00,+0.000,1472.593,+0.390,+0.000,0.390,0.000,+3.840,2,60.598,576.066,4
154.800,012,+56.5993440,+23.6918790,34.970,0.00,+0.00,+0.000,1473.547,+0.330,+0.000,0.330,0.000,+3.240,2,60.698,577.020,4
154.900,012,+56.5993529,+23.6918801,36.010,0.00,+0.00,+0.000,1474.533,+0.270,+0.000,0.270,0.000,+2.640,2,60.798,578.006,4
155.000,012,+56.5993620,+23.6918813,36.830,0.00,+0.00,+0.000,1475.545,+0.210,+0.000,0.210,0.000,+2.040,2,60.898,579.017,4
155.100,012,+56.5993712,+23.6918824,37.450,0.00,+0.00,+0.000,1476.576,+0.170,+0.000,0.170,0.000,+1.680,2,60.998,580.049,4
155.200,012,+56.5993806,+23.6918836,37.930,0.00,+0.00,+0.000,1477.623,+0.110,+0.000,0.110,0.000,+1.080,2,61.098,581.096,4
155.300,012,+56.5993901,+23.6918848,38.190,0.00,+0.00,+0.000,1478.680,+0.050,+0.000,0.050,0.000,+0.480,2,61.198,582.153,4
155.400,012,+56.5993996,+23.6918860,38.240,0.00,+0.00,+0.000,1479.742,-0.010,+0.000,0.010,0.010,-0.120,2,61.298,583.215,4
155.500,012,+56.5994091,+23.6918872,38.170,0.00,+0.00,+0.000,1480.803,+0.000,+0.000,0.000,0.000,+0.000,2,61.398,584.276,4
155.600,012,+56.5994186,+23.6918884,38.200,0.00,+0.00,+0.000,1481.864,-0.010,+0.000,0.010,0.010,-0.120,2,61.498,585.337,4
155.700,012,+56.5994281,+23.6918895,38.020,0.00,+0.00,+0.000,1482.922,-0.070,+0.000,0.070,0.070,-0.720,2,61.598,586.395,4
155.800,012,+56.5994375,+23.6918907,37.640,0.00,+0.00,+0.000,1483.973,-0.130,+0.000,0.130,0.130,-1.320,2,61.698,587.446,4
155.900,012,+56.5994468,+23.6918919,37.030,0.00,+0.00,+0.000,1485.010,-0.200,+0.000,0.200,0.200,-1.920,2,61.798,588.483,4
156.000,012,+56.5994559,+23.6918930,36.390,0.00,+0.00,+0.000,1486.030,-0.160,+0.000,0.160,0.160,-1.560,2,61.898,589.503,4
156.100,012,+56.5994649,+23.6918941,35.960,0.00,+0.00,+0.000,1487.035,-0.100,+0.000,0.100,0.100,-0.960,2,61.998,590.508,4
156.200,012,+56.5994738,+23.6918953,35.740,0.00,+0.00,+0.000,1488.031,-0.040,+0.000,0.040,0.040,-0.360,2,62.098,591.504,4
156.300,012,+56.5994827,+23.6918964,35.630,0.00,+0.00,+0.000,1489.022,-0.040,+0.000,0.040,0.040,-0.380,2,62.198,592.495,4
156.400,012,+56.5994916,+23.6918975,35.490,0.00,+0.00,+0.000,1490.010,-0.040,+0.000,0.040,0.040,-0.400,2,62.298,593.483,4
156.500,012,+56.5995004,+23.6918986,35.350,0.00,+0.00,+0.000,1490.994,-0.040,+0.000,0.040,0.040,-0.380,2,62.398,594.467,4
156.600,012,+56.5995092,+23.6918997,35.240,0.00,+0.00,+0.000,1491.974,-0.030,+0.000,0.030,0.030,-0.270,2,62.498,595.447,4
156.700,012,+56.5995179,+23.6919008,35.170,0.00,+0.00,+0.000,1492.952,-0.020,+0.000,0.020,0.020,-0.160,2,62.598,596.425,4
156.800,012,+56.5995267,+23.6919019,35.240,0.00,+0.00,+0.000,1493.930,+0.050,+0.000,0.050,0.000,+0.440,2,62.698,597.403,4
156.900,012,+56.5995355,+23.6919030,35.530,0.00,+0.00,+0.000,1494.913,+0.110,+0.000,0.110,0.000,+1.040,2,62.798,598.386,4
157.000,012,+56.5995444,+23.6919041,35.780,0.00,+0.00,+0.000,1495.903,+0.050,+0.000,0.050,0.000,+0.440,2,62.898,599.376,4
157.100,012,+56.5995533,+23.6919052,35.810,0.00,+0.00,+0.000,1496.898,-0.020,+0.000,0.020,0.020,-0.160,2,62.998,600.371,4
157.200,012,+56.5995622,+23.6919063,35.620,0.00,+0.00,+0.000,1497.890,-0.080,+0.000,0.080,0.080,-0.760,2,63.098,601.363,4
157.300,012,+56.5995710,+23.6919074,35.250,0.00,+0.00,+0.000,1498.874,-0.110,+0.000,0.110,0.110,-1.040,2,63.198,602.347,4
157.400,012,+56.5995797,+23.6919085,35.010,0.00,+0.00,+0.000,1499.850,-0.050,-0.060,0.078,0.050,-0.440,2,63.298,603.323,4
157.500,012,+56.5995884,+23.6919096,34.980,0.00,+0.00,+0.000,1500.822,+0.020,-0.170,0.171,0.000,+0.160,2,63.398,604.295,4
157.600,012,+56.5995972,+23.6919107,35.160,0.00,+0.00,+0.000,1501.796,+0.080,-0.300,0.310,0.000,+0.760,2,63.498,605.269,4
157.700,012,+56.5996060,+23.6919115,35.560,0.00,+0.00,+0.000,1502.778,+0.140,-0.560,0.577,0.000,+1.360,2,63.598,606.251,4
157.800,012,+56.5996149,+23.6919112,35.970,0.00,+0.00,+0.000,1503.772,+0.100,-0.710,0.717,0.000,+1.000,2,63.698,607.245,4
157.900,012,+56.5996239,+23.6919093,36.270,0.00,+0.00,+0.000,1504.775,+0.060,-0.860,0.862,0.000,+0.640,2,63.798,608.248,4
158.000,012,+56.5996327,+23.6919056,36.510,0.00,+0.00,+0.000,1505.786,+0.080,-1.080,1.083,0.000,+0.760,2,63.898,609.259,4
158.100,012,+56.5996414,+23.6919003,36.700,0.00,+0.00,+0.000,1506.803,+0.040,-1.090,1.091,0.000,+0.400,2,63.998,610.276,4
158.200,012,+56.5996497,+23.6918932,36.720,0.00,+0.00,+0.000,1507.822,-0.020,-0.930,0.930,0.020,-0.200,2,64.098,611.295,4
158.300,012,+56.5996575,+23.6918846,36.510,0.00,+0.00,+0.000,1508.840,-0.080,-0.950,0.953,0.080,-0.800,2,64.198,612.312,4
158.400,012,+56.5996648,+23.6918749,36.150,0.00,+0.00,+0.000,1509.849,-0.130,-0.880,0.890,0.130,-1.260,2,64.298,613.322,4
158.500,012,+56.5996715,+23.6918643,35.560,0.00,+0.00,+0.000,1510.845,-0.190,-0.670,0.696,0.190,-1.860,2,64.398,614.318,4
158.600,012,+56.5996777,+23.6918531,34.850,0.00,+0.00,+0.000,1511.823,-0.230,-0.610,0.652,0.230,-2.220,2,64.498,615.296,4
158.700,012,+56.5996835,+23.6918415,34.140,0.00,+0.00,+0.000,1512.781,-0.180,-0.630,0.655,0.180,-1.780,2,64.598,616.254,4
158.800,012,+56.5996887,+23.6918296,33.600,0.00,+0.00,+0.000,1513.722,-0.130,-0.590,0.604,0.130,-1.260,2,64.698,617.195,4
158.900,012,+56.5996935,+23.6918172,33.280,0.00,+0.00,+0.000,1514.651,-0.070,-0.580,0.584,0.070,-0.660,2,64.798,618.123,4
159.000,012,+56.5996978,+23.6918044,33.170,0.00,+0.00,+0.000,1515.573,-0.010,-0.470,0.470,0.010,-0.060,2,64.898,619.046,4
159.100,012,+56.5997017,+23.6917912,33.280,0.00,+0.00,+0.000,1516.496,+0.060,-0.400,0.404,0.000,+0.540,2,64.998,619.969,4
159.200,012,+56.5997052,+23.6917774,33.600,0.00,+0.00,+0.000,1517.425,+0.120,-0.330,0.351,0.000,+1.140,2,65.098,620.898,4
159.300,012,+56.5997085,+23.6917633,34.140,0.00,+0.00,+0.000,1518.366,+0.180,-0.260,0.316,0.000,+1.740,2,65.198,621.839,4
159.400,012,+56.5997117,+23.6917488,34.900,0.00,+0.00,+0.000,1519.325,+0.240,-0.200,0.312,0.000,+2.340,2,65.298,622.798,4
159.500,012,+56.5997150,+23.6917339,35.870,0.00,+0.00,+0.000,1520.308,+0.300,-0.070,0.308,0.000,+2.940,2,65.398,623.781,4
159.600,012,+56.5997184,+23.6917186,36.920,0.00,+0.00,+0.000,1521.319,+0.290,-0.030,0.292,0.000,+2.820,2,65.498,624.792,4
159.700,012,+56.5997219,+23.6917028,37.960,0.00,+0.00,+0.000,1522.359,+0.280,-0.110,0.301,0.000,+2.700,2,65.598,625.832,4
159.800,012,+56.5997254,+23.6916866,38.800,0.00,+0.00,+0.000,1523.425,+0.210,-0.190,0.283,0.000,+2.100,2,65.698,626.898,4
159.900,012,+56.5997288,+23.6916700,39.430,0.00,+0.00,+0.000,1524.511,+0.150,-0.270,0.309,0.000,+1.500,2,65.798,627.984,4
160.000,012,+56.5997320,+23.6916530,39.840,0.00,+0.00,+0.000,1525.613,+0.090,-0.280,0.294,0.000,+0.900,2,65.898,629.085,4
160.100,012,+56.5997349,+23.6916357,40.040,0.00,+0.00,+0.000,1526.722,+0.030,-0.320,0.321,0.000,+0.300,2,65.998,630.195,4
160.200,012,+56.5997376,+23.6916182,40.020,0.00,+0.00,+0.000,1527.834,-0.030,-0.320,0.321,0.030,-0.300,2,66.098,631.307,4
160.300,012,+56.5997400,+23.6916007,39.780,0.00,+0.00,+0.000,1528.942,-0.090,-0.400,0.410,0.090,-0.900,2,66.198,632.415,4
160.400,012,+56.5997420,+23.6915832,39.330,0.00,+0.00,+0.000,1530.041,-0.150,-0.310,0.344,0.150,-1.500,2,66.298,633.514,4
160.500,012,+56.5997438,+23.6915659,38.790,0.00,+0.00,+0.000,1531.126,-0.140,-0.310,0.340,0.140,-1.350,2,66.398,634.599,4
160.600,012,+56.5997452,+23.6915486,38.430,0.00,+0.00,+0.000,1532.198,-0.080,-0.300,0.310,0.080,-0.750,2,66.498,635.671,4
160.700,012,+56.5997465,+23.6915315,38.270,0.00,+0.00,+0.000,1533.264,-0.040,-0.300,0.303,0.040,-0.390,2,66.598,636.737,4
160.800,012,+56.5997474,+23.6915143,38.070,0.00,+0.00,+0.000,1534.324,-0.080,-0.290,0.301,0.080,-0.750,2,66.698,637.797,4
160.900,012,+56.5997480,+23.6914972,37.700,0.00,+0.00,+0.000,1535.376,-0.110,-0.250,0.273,0.110,-1.060,2,66.798,638.849,4
161.000,012,+56.5997485,+23.6914803,37.350,0.00,+0.00,+0.000,1536.419,-0.090,-0.170,0.192,0.090,-0.840,2,66.898,639.892,4
161.100,012,+56.5997486,+23.6914634,37.070,0.00,+0.00,+0.000,1537.452,-0.070,-0.170,0.184,0.070,-0.700,2,66.998,640.925,4
161.200,012,+56.5997487,+23.6914467,36.900,0.00,+0.00,+0.000,1538.480,-0.030,-0.100,0.104,0.030,-0.250,2,67.098,641.953,4
161.300,012,+56.5997487,+23.6914300,36.900,0.00,+0.00,+0.000,1539.505,+0.000,-0.030,0.030,0.000,-0.020,2,67.198,642.978,4
161.400,012,+56.5997487,+23.6914134,36.810,0.00,+0.00,+0.000,1540.528,-0.050,-0.030,0.058,0.050,-0.440,2,67.298,644.001,4
161.500,012,+56.5997487,+23.6913968,36.550,0.00,+0.00,+0.000,1541.547,-0.080,+0.000,0.080,0.080,-0.740,2,67.398,645.020,4
161.600,012,+56.5997487,+23.6913804,36.150,0.00,+0.00,+0.000,1542.557,-0.140,+0.000,0.140,0.140,-1.340,2,67.498,646.030,4
161.700,012,+56.5997487,+23.6913641,35.640,0.00,+0.00,+0.000,1543.554,-0.140,+0.000,0.140,0.140,-1.390,2,67.598,647.027,4
161.800,012,+56.5997487,+23.6913482,35.180,0.00,+0.00,+0.000,1544.538,-0.120,+0.000,0.120,0.120,-1.170,2,67.698,648.011,4
161.900,012,+56.5997487,+23.6913323,34.820,0.00,+0.00,+0.000,1545.510,-0.090,+0.000,0.090,0.090,-0.900,2,67.798,648.983,4
162.000,012,+56.5997487,+23.6913167,34.550,0.00,+0.00,+0.000,1546.473,-0.080,+0.000,0.080,0.080,-0.800,2,67.898,649.946,4
162.100,012,+56.5997487,+23.6913011,34.130,0.00,+0.00,+0.000,1547.427,-0.140,+0.000,0.140,0.140,-1.400,2,67.998,650.900,4
162.200,012,+56.5997487,+23.6912859,33.490,0.00,+0.00,+0.000,1548.367,-0.200,+0.000,0.200,0.200,-2.000,2,68.098,651.839,4
162.300,012,+56.5997487,+23.6912709,32.730,0.00,+0.00,+0.000,1549.286,-0.200,+0.000,0.200,0.200,-2.010,2,68.198,652.759,4
162.400,012,+56.5997487,+23.6912563,32.070,0.00,+0.00,+0.000,1550.186,-0.170,+0.000,0.170,0.170,-1.640,2,68.298,653.659,4
162.500,012,+56.5997487,+23.6912419,31.540,0.00,+0.00,+0.000,1551.070,-0.140,+0.000,0.140,0.140,-1.380,2,68.398,654.543,4
162.600,012,+56.5997487,+23.6912278,31.080,0.00,+0.00,+0.000,1551.939,-0.120,+0.000,0.120,0.120,-1.200,2,68.498,655.412,4
162.700,012,+56.5997487,+23.6912139,30.610,0.00,+0.00,+0.000,1552.796,-0.120,+0.000,0.120,0.120,-1.220,2,68.598,656.269,4
162.800,012,+56.5997487,+23.6912002,30.180,0.00,+0.00,+0.000,1553.641,-0.110,+0.000,0.110,0.110,-1.060,2,68.698,657.113,4
162.900,012,+56.5997487,+23.6911866,29.930,0.00,+0.00,+0.000,1554.475,-0.050,+0.000,0.050,0.050,-0.460,2,68.798,657.948,4
163.000,012,+56.5997487,+23.6911731,29.890,0.00,+0.00,+0.000,1555.306,+0.010,+0.000,0.010,0.000,+0.140,2,68.898,658.779,4
163.100,012,+56.5997487,+23.6911595,30.070,0.00,+0.00,+0.000,1556.139,+0.080,+0.000,0.080,0.000,+0.740,2,68.998,659.612,4
163.200,012,+56.5997487,+23.6911458,30.460,0.00,+0.00,+0.000,1556.980,+0.140,+0.000,0.140,0.000,+1.340,2,69.098,660.453,4
163.300,012,+56.5997487,+23.6911319,30.970,0.00,+0.00,+0.000,1557.833,+0.120,+0.000,0.120,0.000,+1.220,2,69.198,661.306,4
163.400,012,+56.5997487,+23.6911178,31.280,0.00,+0.00,+0.000,1558.697,+0.060,+0.000,0.060,0.000,+0.620,2,69.298,662.170,4
163.500,012,+56.5997487,+23.6911036,31.370,0.00,+0.00,+0.000,1559.568,+0.000,+0.000,0.000,0.000,+0.020,2,69.398,663.041,4
163.600,012,+56.5997487,+23.6910894,31.240,0.00,+0.00,+0.000,1560.437,-0.060,+0.000,0.060,0.060,-0.580,2,69.498,663.910,4
163.700,012,+56.5997487,+23.6910754,30.950,0.00,+0.00,+0.000,1561.301,-0.080,+0.000,0.080,0.080,-0.820,2,69.598,664.774,4
163.800,012,+56.5997487,+23.6910615,30.610,0.00,+0.00,+0.000,1562.156,-0.090,+0.000,0.090,0.090,-0.890,2,69.698,665.629,4
163.900,012,+56.5997487,+23.6910477,30.420,0.00,+0.00,+0.000,1563.004,-0.030,+0.000,0.030,0.030,-0.290,2,69.798,666.476,4
164.000,012,+56.5997487,+23.6910339,30.450,0.00,+0.00,+0.000,1563.849,+0.030,+0.000,0.030,0.000,+0.310,2,69.898,667.322,4
164.100,012,+56.5997487,+23.6910201,30.690,0.00,+0.00,+0.000,1564.698,+0.090,-0.040,0.098,0.000,+0.910,2,69.998,668.171,4
164.200,012,+56.5997487,+23.6910061,31.150,0.00,+0.00,+0.000,1565.557,+0.150,-0.230,0.275,0.000,+1.510,2,70.098,669.030,4
164.300,012,+56.5997487,+23.6909918,31.830,0.00,+0.00,+0.000,1566.432,+0.220,-0.440,0.492,0.000,+2.110,2,70.198,669.905,4
164.400,012,+56.5997486,+23.6909772,32.540,0.00,+0.00,+0.000,1567.326,+0.180,-0.670,0.694,0.000,+1.750,2,70.298,670.799,4
164.500,012,+56.5997477,+23.6909625,33.050,0.00,+0.00,+0.000,1568.237,+0.120,-1.010,1.017,0.000,+1.150,2,70.398,671.710,4
164.600,012,+56.5997456,+23.6909480,33.330,0.00,+0.00,+0.000,1569.159,+0.060,-1.070,1.072,0.000,+0.550,2,70.498,672.632,4
164.700,012,+56.5997422,+23.6909342,33.400,0.00,+0.00,+0.000,1570.086,+0.000,-1.200,1.200,0.000,-0.050,2,70.598,673.558,4
164.800,012,+56.5997375,+23.6909217,33.380,0.00,+0.00,+0.000,1571.013,+0.010,-1.190,1.190,0.000,+0.070,2,70.698,674.486,4
164.900,012,+56.5997321,+23.6909103,33.530,0.00,+0.00,+0.000,1571.942,+0.070,-1.080,1.082,0.000,+0.670,2,70.798,675.415,4
165.000,012,+56.5997262,+23.6908994,33.850,0.00,+0.00,+0.000,1572.878,+0.080,-1.030,1.033,0.000,+0.790,2,70.898,676.351,4
165.100,012,+56.5997198,+23.6908893,34.130,0.00,+0.00,+0.000,1573.822,+0.070,-0.930,0.933,0.000,+0.670,2,70.998,677.295,4
165.200,012,+56.5997128,+23.6908804,34.240,0.00,+0.00,+0.000,1574.772,+0.010,-0.940,0.940,0.000,+0.070,2,71.098,678.245,4
165.300,012,+56.5997054,+23.6908726,34.140,0.00,+0.00,+0.000,1575.722,-0.050,-1.090,1.091,0.050,-0.530,2,71.198,679.195,4
165.400,012,+56.5996977,+23.6908665,33.820,0.00,+0.00,+0.000,1576.666,-0.110,-1.030,1.036,0.110,-1.130,2,71.298,680.138,4
165.500,012,+56.5996896,+23.6908624,33.290,0.00,+0.00,+0.000,1577.598,-0.180,-0.900,0.918,0.180,-1.730,2,71.398,681.071,4
165.600,012,+56.5996815,+23.6908605,32.800,0.00,+0.00,+0.000,1578.516,-0.110,-0.730,0.738,0.110,-1.130,2,71.498,681.988,4
165.700,012,+56.5996733,+23.6908602,32.520,0.00,+0.00,+0.000,1579.423,-0.050,-0.530,0.532,0.050,-0.530,2,71.598,682.896,4
165.800,012,+56.5996652,+23.6908602,32.430,0.00,+0.00,+0.000,1580.325,-0.020,-0.420,0.420,0.020,-0.210,2,71.698,683.798,4
165.900,012,+56.5996572,+23.6908602,32.370,0.00,+0.00,+0.000,1581.225,-0.010,-0.270,0.270,0.010,-0.100,2,71.798,684.698,4
166.000,012,+56.5996491,+23.6908602,32.390,0.00,+0.00,+0.000,1582.124,+0.030,-0.200,0.202,0.000,+0.270,2,71.898,685.597,4
166.100,012,+56.5996410,+23.6908602,32.610,0.00,+0.00,+0.000,1583.027,+0.090,-0.320,0.332,0.000,+0.870,2,71.998,686.500,4
166.200,012,+56.5996328,+23.6908608,32.950,0.00,+0.00,+0.000,1583.938,+0.080,-0.400,0.408,0.000,+0.750,2,72.098,687.411,4
166.300,012,+56.5996246,+23.6908623,33.090,0.00,+0.00,+0.000,1584.855,+0.010,-0.470,0.470,0.000,+0.150,2,72.198,688.328,4
166.400,012,+56.5996165,+23.6908647,33.010,0.00,+0.00,+0.000,1585.773,-0.050,-0.620,0.622,0.050,-0.450,2,72.298,689.246,4
166.500,012,+56.5996085,+23.6908683,32.720,0.00,+0.00,+0.000,1586.686,-0.110,-0.640,0.649,0.110,-1.050,2,72.398,690.159,4
166.600,012,+56.5996008,+23.6908727,32.210,0.00,+0.00,+0.000,1587.588,-0.170,-0.560,0.585,0.170,-1.650,2,72.498,691.061,4
166.700,012,+56.5995934,+23.6908779,31.750,0.00,+0.00,+0.000,1588.476,-0.110,-0.640,0.649,0.110,-1.050,2,72.598,691.949,4
166.800,012,+56.5995862,+23.6908840,31.500,0.00,+0.00,+0.000,1589.354,-0.050,-0.650,0.652,0.050,-0.450,2,72.698,692.827,4
166.900,012,+56.5995793,+23.6908908,31.460,0.00,+0.00,+0.000,1590.229,+0.010,-0.670,0.670,0.000,+0.150,2,72.798,693.702,4
167.000,012,+56.5995727,+23.6908985,31.640,0.00,+0.00,+0.000,1591.105,+0.080,-0.630,0.635,0.000,+0.750,2,72.898,694.578,4
167.100,012,+56.5995664,+23.6909073,32.040,0.00,+0.00,+0.000,1591.990,+0.140,-0.750,0.763,0.000,+1.350,2,72.998,695.463,4
167.200,012,+56.5995605,+23.6909172,32.660,0.00,+0.00,+0.000,1592.888,+0.200,-0.800,0.825,0.000,+1.950,2,73.098,696.361,4
167.300,012,+56.5995549,+23.6909282,33.470,0.00,+0.00,+0.000,1593.807,+0.240,-0.760,0.797,0.000,+2.310,2,73.198,697.280,4
167.400,012,+56.5995498,+23.6909404,34.170,0.00,+0.00,+0.000,1594.746,+0.170,-0.740,0.759,0.000,+1.710,2,73.298,698.219,4
167.500,012,+56.5995452,+23.6909537,34.660,0.00,+0.00,+0.000,1595.702,+0.110,-0.660,0.669,0.000,+1.110,2,73.398,699.175,4
167.600,012,+56.5995413,+23.6909677,34.930,0.00,+0.00,+0.000,1596.669,+0.050,-0.460,0.463,0.000,+0.510,2,73.498,700.142,4
167.700,012,+56.5995376,+23.6909821,35.120,0.00,+0.00,+0.000,1597.642,+0.060,-0.360,0.365,0.000,+0.630,2,73.598,701.115,4
167.800,012,+56.5995340,+23.6909967,35.470,0.00,+0.00,+0.000,1598.622,+0.130,-0.150,0.198,0.000,+1.230,2,73.698,702.095,4
167.900,012,+56.5995303,+23.6910114,35.960,0.00,+0.00,+0.000,1599.614,+0.140,-0.050,0.149,0.000,+1.350,2,73.798,703.087,4
168.000,012,+56.5995266,+23.6910263,36.520,0.00,+0.00,+0.000,1600.621,+0.150,+0.000,0.150,0.000,+1.470,2,73.898,704.094,4
168.100,012,+56.5995228,+23.6910415,37.020,0.00,+0.00,+0.000,1601.642,+0.140,+0.000,0.140,0.000,+1.350,2,73.998,705.115,4
168.200,012,+56.5995189,+23.6910569,37.460,0.00,+0.00,+0.000,1602.677,+0.130,+0.000,0.130,0.000,+1.230,2,74.098,706.150,4
168.300,012,+56.5995151,+23.6910724,37.850,0.00,+0.00,+0.000,1603.723,+0.090,+0.000,0.090,0.000,+0.870,2,74.198,707.196,4
168.400,012,+56.5995112,+23.6910880,38.030,0.00,+0.00,+0.000,1604.776,+0.030,+0.000,0.030,0.000,+0.270,2,74.298,708.249,4
168.500,012,+56.5995072,+23.6911037,38.050,0.00,+0.00,+0.000,1605.833,-0.010,+0.000,0.010,0.010,-0.090,2,74.398,709.306,4
168.600,012,+56.5995033,+23.6911194,38.060,0.00,+0.00,+0.000,1606.890,+0.000,+0.000,0.000,0.000,+0.030,2,74.498,710.363,4
168.700,012,+56.5994994,+23.6911351,38.070,0.00,+0.00,+0.000,1607.948,+0.010,+0.000,0.010,0.000,+0.150,2,74.598,711.421,4
168.800,012,+56.5994955,+23.6911508,38.000,0.00,+0.00,+0.000,1609.004,-0.050,+0.000,0.050,0.050,-0.450,2,74.698,712.477,4
168.900,012,+56.5994916,+23.6911663,37.710,0.00,+0.00,+0.000,1610.056,-0.110,+0.000,0.110,0.110,-1.050,2,74.798,713.529,4
169.000,012,+56.5994877,+23.6911818,37.200,0.00,+0.00,+0.000,1611.096,-0.170,+0.000,0.170,0.170,-1.650,2,74.898,714.569,4
169.100,012,+56.5994839,+23.6911969,36.470,0.00,+0.00,+0.000,1612.119,-0.230,+0.000,0.230,0.230,-2.250,2,74.998,715.592,4
169.200,012,+56.5994802,+23.6912117,35.530,0.00,+0.00,+0.000,1613.119,-0.290,+0.000,0.290,0.290,-2.850,2,75.098,716.592,4
169.300,012,+56.5994766,+23.6912261,34.430,0.00,+0.00,+0.000,1614.091,-0.300,+0.000,0.300,0.300,-2.970,2,75.198,717.564,4
169.400,012,+56.5994732,+23.6912400,33.490,0.00,+0.00,+0.000,1615.034,-0.240,+0.000,0.240,0.240,-2.370,2,75.298,718.507,4
169.500,012,+56.5994698,+23.6912536,32.760,0.00,+0.00,+0.000,1615.954,-0.180,+0.000,0.180,0.180,-1.770,2,75.398,719.427,4
169.600,012,+56.5994664,+23.6912670,32.250,0.00,+0.00,+0.000,1616.857,-0.120,+0.000,0.120,0.120,-1.170,2,75.498,720.330,4
169.700,012,+56.5994631,+23.6912802,31.960,0.00,+0.00,+0.000,1617.749,-0.060,+0.000,0.060,0.060,-0.570,2,75.598,721.222,4
169.800,012,+56.5994598,+23.6912933,31.880,0.00,+0.00,+0.000,1618.636,+0.000,+0.000,0.000,0.000,+0.030,2,75.698,722.109,4
169.900,012,+56.5994565,+23.6913065,32.020,0.00,+0.00,+0.000,1619.523,+0.060,+0.000,0.060,0.000,+0.630,2,75.798,722.996,4
170.000,012,+56.5994532,+23.6913198,32.380,0.00,+0.00,+0.000,1620.418,+0.130,+0.000,0.130,0.000,+1.230,2,75.898,723.891,4
170.100,012,+56.5994499,+23.6913332,32.780,0.00,+0.00,+0.000,1621.323,+0.110,+0.000,0.110,0.000,+1.110,2,75.998,724.796,4
170.200,012,+56.5994465,+23.6913468,33.050,0.00,+0.00,+0.000,1622.237,+0.050,+0.000,0.050,0.000,+0.510,2,76.098,725.710,4
170.300,012,+56.5994431,+23.6913604,33.100,0.00,+0.00,+0.000,1623.156,-0.010,+0.000,0.010,0.010,-0.090,2,76.198,726.629,4
170.400,012,+56.5994397,+23.6913740,32.940,0.00,+0.00,+0.000,1624.073,-0.070,+0.000,0.070,0.070,-0.690,2,76.298,727.546,4
170.500,012,+56.5994363,+23.6913875,32.570,0.00,+0.00,+0.000,1624.983,-0.110,+0.000,0.110,0.110,-1.050,2,76.398,728.456,4
170.600,012,+56.5994330,+23.6914008,32.200,0.00,+0.00,+0.000,1625.883,-0.100,+0.000,0.100,0.100,-0.930,2,76.498,729.355,4
170.700,012,+56.5994297,+23.6914140,31.890,0.00,+0.00,+0.000,1626.773,-0.070,+0.000,0.070,0.070,-0.700,2,76.598,730.246,4
170.800,012,+56.5994264,+23.6914271,31.630,0.00,+0.00,+0.000,1627.655,-0.070,+0.000,0.070,0.070,-0.650,2,76.698,731.128,4
170.900,012,+56.5994231,+23.6914401,31.420,0.00,+0.00,+0.000,1628.531,-0.050,+0.000,0.050,0.050,-0.500,2,76.798,732.003,4
171.000,012,+56.5994199,+23.6914530,31.380,0.00,+0.00,+0.000,1629.403,+0.010,+0.000,0.010,0.000,+0.100,2,76.898,732.876,4
171.100,012,+56.5994167,+23.6914660,31.540,0.00,+0.00,+0.000,1630.277,+0.070,+0.000,0.070,0.000,+0.700,2,76.998,733.750,4
171.200,012,+56.5994134,+23.6914791,31.930,0.00,+0.00,+0.000,1631.158,+0.130,+0.000,0.130,0.000,+1.300,2,77.098,734.631,4
171.300,012,+56.5994101,+23.6914924,32.530,0.00,+0.00,+0.000,1632.053,+0.190,+0.040,0.194,0.000,+1.900,2,77.198,735.526,4
171.400,012,+56.5994067,+23.6915059,33.340,0.00,+0.00,+0.000,1632.968,+0.260,+0.130,0.291,0.000,+2.500,2,77.298,736.441,4
171.500,012,+56.5994032,+23.6915199,34.370,0.00,+0.00,+0.000,1633.909,+0.320,+0.340,0.467,0.000,+3.100,2,77.398,737.382,4
171.600,012,+56.5993995,+23.6915343,35.600,0.00,+0.00,+0.000,1634.881,+0.350,+0.480,0.594,0.000,+3.460,2,77.498,738.353,4
171.700,012,+56.5993952,+23.6915488,36.720,0.00,+0.00,+0.000,1635.885,+0.290,+0.740,0.795,0.000,+2.860,2,77.598,739.358,4
171.800,012,+56.5993900,+23.6915628,37.620,0.00,+0.00,+0.000,1636.917,+0.230,+0.900,0.929,0.000,+2.260,2,77.698,740.390,4
171.900,012,+56.5993840,+23.6915760,38.310,0.00,+0.00,+0.000,1637.972,+0.170,+1.120,1.133,0.000,+1.660,2,77.798,741.445,4
172.000,012,+56.5993771,+23.6915882,38.780,0.00,+0.00,+0.000,1639.043,+0.110,+1.080,1.086,0.000,+1.060,2,77.898,742.516,4
172.100,012,+56.5993695,+23.6915991,39.030,0.00,+0.00,+0.000,1640.123,+0.050,+0.990,0.991,0.000,+0.460,2,77.998,743.596,4
172.200,012,+56.5993612,+23.6916086,39.070,0.00,+0.00,+0.000,1641.208,-0.010,+0.930,0.930,0.010,-0.140,2,78.098,744.681,4
172.300,012,+56.5993527,+23.6916170,38.940,0.00,+0.00,+0.000,1642.292,-0.050,+0.990,0.991,0.050,-0.500,2,78.198,745.765,4
172.400,012,+56.5993439,+23.6916242,38.630,0.00,+0.00,+0.000,1643.369,-0.110,+0.920,0.927,0.110,-1.100,2,78.298,746.842,4
172.500,012,+56.5993348,+23.6916300,38.250,0.00,+0.00,+0.000,1644.437,-0.100,+0.880,0.886,0.100,-1.000,2,78.398,747.910,4
172.600,012,+56.5993256,+23.6916341,37.950,0.00,+0.00,+0.000,1645.495,-0.090,+0.910,0.914,0.090,-0.880,2,78.498,748.968,4
172.700,012,+56.5993163,+23.6916367,37.710,0.00,+0.00,+0.000,1646.546,-0.050,+0.930,0.931,0.050,-0.520,2,78.598,750.019,4
172.800,012,+56.5993069,+23.6916378,37.620,0.00,+0.00,+0.000,1647.592,-0.020,+1.040,1.040,0.020,-0.160,2,78.698,751.065,4
172.900,012,+56.5992976,+23.6916379,37.430,0.00,+0.00,+0.000,1648.635,-0.080,+1.430,1.432,0.080,-0.760,2,78.798,752.107,4
173.000,012,+56.5992883,+23.6916365,37.030,0.00,+0.00,+0.000,1649.669,-0.140,+1.510,1.516,0.140,-1.360,2,78.898,753.142,4
173.100,012,+56.5992796,+23.6916320,36.410,0.00,+0.00,+0.000,1650.689,-0.200,+1.670,1.682,0.200,-1.960,2,78.998,754.162,4
173.200,012,+56.5992716,+23.6916245,35.570,0.00,+0.00,+0.000,1651.688,-0.260,+1.800,1.819,0.260,-2.560,2,79.098,755.161,4
173.300,012,+56.5992649,+23.6916145,34.520,0.00,+0.00,+0.000,1652.662,-0.320,+1.760,1.789,0.320,-3.160,2,79.198,756.135,4
173.400,012,+56.5992593,+23.6916030,33.250,0.00,+0.00,+0.000,1653.603,-0.380,+1.610,1.654,0.380,-3.760,2,79.298,757.076,4
173.500,012,+56.5992549,+23.6915908,31.770,0.00,+0.00,+0.000,1654.506,-0.440,+1.310,1.382,0.440,-4.360,2,79.398,757.979,4
173.600,012,+56.5992518,+23.6915781,30.060,0.00,+0.00,+0.000,1655.365,-0.510,+1.030,1.149,0.510,-4.960,2,79.498,758.838,4
173.700,012,+56.5992498,+23.6915655,28.280,0.00,+0.00,+0.000,1656.175,-0.490,+0.880,1.007,0.490,-4.780,2,79.598,759.648,4
173.800,012,+56.5992489,+23.6915533,26.690,0.00,+0.00,+0.000,1656.939,-0.430,+0.700,0.822,0.430,-4.180,2,79.698,760.412,4
173.900,012,+56.5992487,+23.6915416,25.310,0.00,+0.00,+0.000,1657.661,-0.360,+0.520,0.632,0.360,-3.580,2,79.798,761.134,4
174.000,012,+56.5992488,+23.6915305,24.150,0.00,+0.00,+0.000,1658.348,-0.300,+0.440,0.533,0.300,-2.980,2,79.898,761.821,4
174.100,012,+56.5992491,+23.6915198,23.210,0.00,+0.00,+0.000,1659.006,-0.240,+0.330,0.408,0.240,-2.380,2,79.998,762.479,4
174.200,012,+56.5992495,+23.6915096,22.480,0.00,+0.00,+0.000,1659.640,-0.180,+0.280,0.333,0.180,-1.780,2,80.098,763.113,4
174.300,012,+56.5992501,+23.6914996,21.970,0.00,+0.00,+0.000,1660.258,-0.120,+0.180,0.216,0.120,-1.180,2,80.198,763.731,4
174.400,012,+56.5992509,+23.6914898,21.680,0.00,+0.00,+0.000,1660.864,-0.060,+0.150,0.162,0.060,-0.580,2,80.298,764.337,4
174.500,012,+56.5992518,+23.6914802,21.600,0.00,+0.00,+0.000,1661.465,+0.000,+0.130,0.130,0.000,+0.020,2,80.398,764.938,4
174.600,012,+56.5992529,+23.6914706,21.740,0.00,+0.00,+0.000,1662.067,+0.060,+0.120,0.134,0.000,+0.620,2,80.498,765.540,4
174.700,012,+56.5992541,+23.6914609,22.090,0.00,+0.00,+0.000,1662.676,+0.120,+0.110,0.163,0.000,+1.220,2,80.598,766.149,4
174.800,012,+56.5992555,+23.6914511,22.660,0.00,+0.00,+0.000,1663.297,+0.190,+0.090,0.210,0.000,+1.820,2,80.698,766.770,4
174.900,012,+56.5992570,+23.6914410,23.450,0.00,+0.00,+0.000,1663.938,+0.250,+0.070,0.260,0.000,+2.420,2,80.798,767.411,4
175.000,012,+56.5992585,+23.6914305,24.450,0.00,+0.00,+0.000,1664.603,+0.310,+0.060,0.316,0.000,+3.020,2,80.898,768.076,4
175.100,012,+56.5992600,+23.6914195,25.670,0.00,+0.00,+0.000,1665.299,+0.370,+0.060,0.375,0.000,+3.620,2,80.998,768.772,4
175.200,012,+56.5992617,+23.6914079,27.010,0.00,+0.00,+0.000,1666.031,+0.380,+0.050,0.383,0.000,+3.740,2,81.098,769.504,4
175.300,012,+56.5992635,+23.6913957,28.230,0.00,+0.00,+0.000,1666.798,+0.320,+0.060,0.326,0.000,+3.140,2,81.198,770.271,4
175.400,012,+56.5992654,+23.6913831,29.230,0.00,+0.00,+0.000,1667.596,+0.260,+0.080,0.272,0.000,+2.540,2,81.298,771.069,4
175.500,012,+56.5992674,+23.6913702,30.110,0.00,+0.00,+0.000,1668.420,+0.250,+0.090,0.266,0.000,+2.420,2,81.398,771.893,4
175.600,012,+56.5992697,+23.6913569,31.110,0.00,+0.00,+0.000,1669.270,+0.310,+0.120,0.332,0.000,+3.020,2,81.498,772.743,4
175.700,012,+56.5992721,+23.6913432,32.330,0.00,+0.00,+0.000,1670.152,+0.370,+0.150,0.399,0.000,+3.620,2,81.598,773.624,4
175.800,012,+56.5992747,+23.6913290,33.710,0.00,+0.00,+0.000,1671.069,+0.380,+0.160,0.412,0.000,+3.740,2,81.698,774.542,4
175.900,012,+56.5992776,+23.6913143,35.010,0.00,+0.00,+0.000,1672.023,+0.340,+0.170,0.380,0.000,+3.380,2,81.798,775.496,4
176.000,012,+56.5992808,+23.6912992,36.100,0.00,+0.00,+0.000,1673.011,+0.280,+0.180,0.333,0.000,+2.780,2,81.898,776.484,4
176.100,012,+56.5992841,+23.6912838,36.970,0.00,+0.00,+0.000,1674.026,+0.220,+0.190,0.291,0.000,+2.180,2,81.998,777.499,4
176.200,012,+56.5992877,+23.6912682,37.630,0.00,+0.00,+0.000,1675.062,+0.160,+0.200,0.256,0.000,+1.580,2,82.098,778.535,4
176.300,012,+56.5992915,+23.6912525,38.070,0.00,+0.00,+0.000,1676.113,+0.100,+0.180,0.206,0.000,+0.980,2,82.198,779.586,4
176.400,012,+56.5992955,+23.6912368,38.360,0.00,+0.00,+0.000,1677.175,+0.060,+0.140,0.152,0.000,+0.620,2,82.298,780.648,4
176.500,012,+56.5992997,+23.6912211,38.450,0.00,+0.00,+0.000,1678.242,+0.000,+0.100,0.100,0.000,+0.020,2,82.398,781.714,4
176.600,012,+56.5993040,+23.6912056,38.330,0.00,+0.00,+0.000,1679.308,-0.060,+0.100,0.117,0.060,-0.580,2,82.498,782.781,4
176.700,012,+56.5993083,+23.6911902,38.010,0.00,+0.00,+0.000,1680.368,-0.100,+0.060,0.117,0.100,-0.940,2,82.598,783.841,4
176.800,012,+56.5993125,+23.6911749,37.790,0.00,+0.00,+0.000,1681.421,-0.060,+0.020,0.063,0.060,-0.580,2,82.698,784.894,4
176.900,012,+56.5993167,+23.6911597,37.450,0.00,+0.00,+0.000,1682.466,-0.120,+0.000,0.120,0.120,-1.180,2,82.798,785.939,4
177.000,012,+56.5993209,+23.6911447,36.900,0.00,+0.00,+0.000,1683.499,-0.180,+0.000,0.180,0.180,-1.780,2,82.898,786.972,4
177.100,012,+56.5993250,+23.6911299,36.130,0.00,+0.00,+0.000,1684.513,-0.240,+0.000,0.240,0.240,-2.380,2,82.998,787.986,4
177.200,012,+56.5993290,+23.6911156,35.250,0.00,+0.00,+0.000,1685.504,-0.230,+0.000,0.230,0.230,-2.260,2,83.098,788.977,4
177.300,012,+56.5993329,+23.6911015,34.560,0.00,+0.00,+0.000,1686.474,-0.170,+0.000,0.170,0.170,-1.660,2,83.198,789.947,4
177.400,012,+56.5993367,+23.6910877,34.100,0.00,+0.00,+0.000,1687.427,-0.110,+0.000,0.110,0.110,-1.060,2,83.298,790.900,4
177.500,012,+56.5993405,+23.6910739,33.840,0.00,+0.00,+0.000,1688.371,-0.050,+0.000,0.050,0.050,-0.460,2,83.398,791.844,4
177.600,012,+56.5993443,+23.6910603,33.810,0.00,+0.00,+0.000,1689.311,+0.010,+0.000,0.010,0.000,+0.140,2,83.498,792.784,4
177.700,012,+56.5993481,+23.6910466,33.990,0.00,+0.00,+0.000,1690.252,+0.080,+0.000,0.080,0.000,+0.740,2,83.598,793.725,4
177.800,012,+56.5993520,+23.6910328,34.130,0.00,+0.00,+0.000,1691.198,+0.010,+0.000,0.010,0.000,+0.140,2,83.698,794.671,4
177.900,012,+56.5993558,+23.6910190,34.170,0.00,+0.00,+0.000,1692.147,+0.030,+0.000,0.030,0.000,+0.320,2,83.798,795.620,4
178.000,012,+56.5993596,+23.6910052,34.420,0.00,+0.00,+0.000,1693.100,+0.090,+0.000,0.090,0.000,+0.920,2,83.898,796.573,4
178.100,012,+56.5993635,+23.6909912,34.880,0.00,+0.00,+0.000,1694.062,+0.160,+0.000,0.160,0.000,+1.520,2,83.998,797.535,4
178.200,012,+56.5993675,+23.6909769,35.560,0.00,+0.00,+0.000,1695.041,+0.220,+0.000,0.220,0.000,+2.120,2,84.098,798.513,4
178.300,012,+56.5993715,+23.6909624,36.190,0.00,+0.00,+0.000,1696.037,+0.160,+0.000,0.160,0.000,+1.520,2,84.198,799.510,4
178.400,012,+56.5993756,+23.6909477,36.610,0.00,+0.00,+0.000,1697.048,+0.090,-0.040,0.098,0.000,+0.920,2,84.298,800.521,4
178.500,012,+56.5993797,+23.6909328,36.810,0.00,+0.00,+0.000,1698.068,+0.030,-0.040,0.050,0.000,+0.320,2,84.398,801.541,4
178.600,012,+56.5993839,+23.6909179,36.800,0.00,+0.00,+0.000,1699.090,-0.020,-0.120,0.122,0.020,-0.250,2,84.498,802.563,4
178.700,012,+56.5993879,+23.6909030,36.790,0.00,+0.00,+0.000,1700.112,+0.010,-0.200,0.200,0.000,+0.110,2,84.598,803.585,4
178.800,012,+56.5993917,+23.6908878,36.840,0.00,+0.00,+0.000,1701.135,+0.020,-0.290,0.291,0.000,+0.230,2,84.698,804.608,4
178.900,012,+56.5993953,+23.6908725,36.970,0.00,+0.00,+0.000,1702.160,+0.040,-0.290,0.293,0.000,+0.350,2,84.798,805.633,4
179.000,012,+56.5993985,+23.6908568,37.170,0.00,+0.00,+0.000,1703.190,+0.070,-0.340,0.347,0.000,+0.710,2,84.898,806.663,4
179.100,012,+56.5994016,+23.6908408,37.440,0.00,+0.00,+0.000,1704.226,+0.090,-0.350,0.361,0.000,+0.830,2,84.998,807.699,4
179.200,012,+56.5994044,+23.6908246,37.870,0.00,+0.00,+0.000,1705.272,+0.150,-0.350,0.381,0.000,+1.430,2,85.098,808.745,4
179.300,012,+56.5994068,+23.6908078,38.430,0.00,+0.00,+0.000,1706.332,+0.160,-0.370,0.403,0.000,+1.550,2,85.198,809.805,4
179.400,012,+56.5994090,+23.6907908,38.860,0.00,+0.00,+0.000,1707.405,+0.100,-0.370,0.383,0.000,+0.950,2,85.298,810.878,4
179.500,012,+56.5994109,+23.6907735,39.070,0.00,+0.00,+0.000,1708.488,+0.040,-0.470,0.472,0.000,+0.350,2,85.398,811.961,4
179.600,012,+56.5994125,+23.6907561,39.070,0.00,+0.00,+0.000,1709.573,-0.020,-0.380,0.381,0.020,-0.250,2,85.498,813.046,4
179.700,012,+56.5994136,+23.6907386,38.850,0.00,+0.00,+0.000,1710.655,-0.090,-0.370,0.381,0.090,-0.850,2,85.598,814.128,4
179.800,012,+56.5994145,+23.6907212,38.420,0.00,+0.00,+0.000,1711.728,-0.150,-0.310,0.344,0.150,-1.450,2,85.698,815.201,4
179.900,012,+56.5994151,+23.6907040,37.820,0.00,+0.00,+0.000,1712.787,-0.180,-0.300,0.350,0.180,-1.810,2,85.798,816.260,4
180.000,012,+56.5994153,+23.6906871,37.060,0.00,+0.00,+0.000,1713.827,-0.220,-0.210,0.304,0.220,-2.170,2,85.898,817.300,4
180.100,012,+56.5994153,+23.6906705,36.410,0.00,+0.00,+0.000,1714.848,-0.160,-0.120,0.200,0.160,-1.570,2,85.998,818.321,4
180.200,012,+56.5994153,+23.6906542,35.970,0.00,+0.00,+0.000,1715.853,-0.100,-0.040,0.108,0.100,-0.970,2,86.098,819.326,4
180.300,012,+56.5994153,+23.6906380,35.760,0.00,+0.00,+0.000,1716.849,-0.040,-0.040,0.057,0.040,-0.370,2,86.198,820.322,4
180.400,012,+56.5994153,+23.6906218,35.750,0.00,+0.00,+0.000,1717.842,+0.020,+0.000,0.020,0.000,+0.230,2,86.298,821.315,4
180.500,012,+56.5994153,+23.6906056,35.970,0.00,+0.00,+0.000,1718.838,+0.090,-0.130,0.158,0.000,+0.830,2,86.398,822.311,4
180.600,012,+56.5994153,+23.6905892,36.140,0.00,+0.00,+0.000,1719.840,+0.020,-0.320,0.321,0.000,+0.230,2,86.498,823.313,4
180.700,012,+56.5994153,+23.6905729,36.090,0.00,+0.00,+0.000,1720.843,-0.040,-0.510,0.512,0.040,-0.370,2,86.598,824.316,4
180.800,012,+56.5994148,+23.6905567,35.830,0.00,+0.00,+0.000,1721.842,-0.100,-0.600,0.608,0.100,-0.970,2,86.698,825.315,4
180.900,012,+56.5994134,+23.6905408,35.370,0.00,+0.00,+0.000,1722.831,-0.140,-0.760,0.773,0.140,-1.330,2,86.798,826.304,4
181.000,012,+56.5994113,+23.6905254,34.910,0.00,+0.00,+0.000,1723.807,-0.110,-0.910,0.917,0.110,-1.130,2,86.898,827.280,4
181.100,012,+56.5994085,+23.6905106,34.560,0.00,+0.00,+0.000,1724.772,-0.080,-0.850,0.854,0.080,-0.830,2,86.998,828.245,4
181.200,012,+56.5994049,+23.6904965,34.260,0.00,+0.00,+0.000,1725.728,-0.080,-0.830,0.834,0.080,-0.800,2,87.098,829.201,4
181.300,012,+56.5994007,+23.6904830,33.980,0.00,+0.00,+0.000,1726.676,-0.090,-0.890,0.895,0.090,-0.850,2,87.198,830.148,4
181.400,012,+56.5993960,+23.6904704,33.750,0.00,+0.00,+0.000,1727.616,-0.050,-0.790,0.792,0.050,-0.490,2,87.298,831.089,4
181.500,012,+56.5993907,+23.6904586,33.580,0.00,+0.00,+0.000,1728.551,-0.040,-0.780,0.781,0.040,-0.370,2,87.398,832.024,4
181.600,012,+56.5993849,+23.6904476,33.490,0.00,+0.00,+0.000,1729.483,-0.030,-0.770,0.771,0.030,-0.250,2,87.498,832.956,4
181.700,012,+56.5993786,+23.6904377,33.480,0.00,+0.00,+0.000,1730.413,+0.010,-0.680,0.680,0.000,+0.110,2,87.598,833.886,4
181.800,012,+56.5993719,+23.6904287,33.650,0.00,+0.00,+0.000,1731.345,+0.070,-0.660,0.664,0.000,+0.710,2,87.698,834.818,4
181.900,012,+56.5993647,+23.6904207,34.030,0.00,+0.00,+0.000,1732.285,+0.130,-0.610,0.624,0.000,+1.310,2,87.798,835.758,4
182.000,012,+56.5993572,+23.6904132,34.630,0.00,+0.00,+0.000,1733.239,+0.190,-0.510,0.544,0.000,+1.910,2,87.898,836.712,4
182.100,012,+56.5993494,+23.6904060,35.190,0.00,+0.00,+0.000,1734.209,+0.130,-0.500,0.517,0.000,+1.310,2,87.998,837.682,4
182.200,012,+56.5993413,+23.6903995,35.530,0.00,+0.00,+0.000,1735.191,+0.070,-0.440,0.446,0.000,+0.710,2,88.098,838.664,4
182.300,012,+56.5993330,+23.6903936,35.660,0.00,+0.00,+0.000,1736.180,+0.010,-0.430,0.430,0.000,+0.110,2,88.198,839.653,4
182.400,012,+56.5993246,+23.6903883,35.650,0.00,+0.00,+0.000,1737.170,-0.030,-0.460,0.461,0.030,-0.250,2,88.298,840.643,4
182.500,012,+56.5993161,+23.6903838,35.580,0.00,+0.00,+0.000,1738.159,+0.000,-0.400,0.400,0.000,+0.010,2,88.398,841.632,4
182.600,012,+56.5993075,+23.6903800,35.710,0.00,+0.00,+0.000,1739.150,+0.060,-0.310,0.316,0.000,+0.610,2,88.498,842.623,4
182.700,012,+56.5992987,+23.6903768,36.060,0.00,+0.00,+0.000,1740.146,+0.120,-0.280,0.305,0.000,+1.210,2,88.598,843.619,4
182.800,012,+56.5992898,+23.6903739,36.370,0.00,+0.00,+0.000,1741.152,+0.060,-0.230,0.238,0.000,+0.610,2,88.698,844.625,4
182.900,012,+56.5992808,+23.6903710,36.530,0.00,+0.00,+0.000,1742.165,+0.030,-0.200,0.202,0.000,+0.250,2,88.798,845.638,4
183.000,012,+56.5992718,+23.6903684,36.520,0.00,+0.00,+0.000,1743.179,-0.010,-0.140,0.140,0.010,-0.110,2,88.898,846.652,4
183.100,012,+56.5992628,+23.6903661,36.360,0.00,+0.00,+0.000,1744.192,-0.070,-0.160,0.175,0.070,-0.710,2,88.998,847.665,4
183.200,012,+56.5992539,+23.6903640,36.060,0.00,+0.00,+0.000,1745.197,-0.110,-0.170,0.202,0.110,-1.070,2,89.098,848.670,4
183.300,012,+56.5992450,+23.6903622,35.620,0.00,+0.00,+0.000,1746.193,-0.120,-0.140,0.184,0.120,-1.210,2,89.198,849.666,4
183.400,012,+56.5992362,+23.6903607,35.050,0.00,+0.00,+0.000,1747.175,-0.180,-0.140,0.228,0.180,-1.810,2,89.298,850.647,4
183.500,012,+56.5992276,+23.6903594,34.270,0.00,+0.00,+0.000,1748.137,-0.250,-0.120,0.277,0.250,-2.410,2,89.398,851.610,4
183.600,012,+56.5992192,+23.6903583,33.310,0.00,+0.00,+0.000,1749.076,-0.280,-0.090,0.294,0.280,-2.770,2,89.498,852.549,4
183.700,012,+56.5992111,+23.6903575,32.410,0.00,+0.00,+0.000,1749.989,-0.230,-0.070,0.240,0.230,-2.290,2,89.598,853.462,4
183.800,012,+56.5992031,+23.6903569,31.690,0.00,+0.00,+0.000,1750.879,-0.190,-0.050,0.196,0.190,-1.900,2,89.698,854.352,4
183.900,012,+56.5991953,+23.6903564,31.080,0.00,+0.00,+0.000,1751.751,-0.170,-0.050,0.177,0.170,-1.680,2,89.798,855.224,4
184.000,012,+56.5991876,+23.6903558,30.500,0.00,+0.00,+0.000,1752.606,-0.170,-0.030,0.173,0.170,-1.630,2,89.898,856.079,4
184.100,012,+56.5991801,+23.6903553,29.970,0.00,+0.00,+0.000,1753.446,-0.140,-0.010,0.140,0.140,-1.400,2,89.998,856.919,4
184.200,012,+56.5991727,+23.6903547,29.590,0.00,+0.00,+0.000,1754.273,-0.080,+0.000,0.080,0.080,-0.800,2,90.098,857.746,4
184.300,012,+56.5991653,+23.6903542,29.440,0.00,+0.00,+0.000,1755.093,-0.020,+0.000,0.020,0.020,-0.200,2,90.198,858.566,4
184.400,012,+56.5991580,+23.6903537,29.490,0.00,+0.00,+0.000,1755.911,+0.040,+0.000,0.040,0.000,+0.400,2,90.298,859.384,4
184.500,012,+56.5991506,+23.6903532,29.770,0.00,+0.00,+0.000,1756.735,+0.100,+0.000,0.100,0.000,+1.000,2,90.398,860.208,4
184.600,012,+56.5991431,+23.6903526,30.240,0.00,+0.00,+0.000,1757.568,+0.140,+0.000,0.140,0.000,+1.360,2,90.498,861.041,4
184.700,012,+56.5991355,+23.6903521,30.600,0.00,+0.00,+0.000,1758.413,+0.080,+0.000,0.080,0.000,+0.760,2,90.598,861.886,4
184.800,012,+56.5991279,+23.6903515,30.740,0.00,+0.00,+0.000,1759.265,+0.020,+0.000,0.020,0.000,+0.160,2,90.698,862.738,4
184.900,012,+56.5991202,+23.6903510,30.670,0.00,+0.00,+0.000,1760.118,-0.040,+0.000,0.040,0.040,-0.440,2,90.798,863.591,4
185.000,012,+56.5991126,+23.6903505,30.380,0.00,+0.00,+0.000,1760.966,-0.110,+0.000,0.110,0.110,-1.040,2,90.898,864.439,4
185.100,012,+56.5991051,+23.6903499,30.040,0.00,+0.00,+0.000,1761.805,-0.100,+0.000,0.100,0.100,-0.950,2,90.998,865.278,4
185.200,012,+56.5990976,+23.6903494,29.780,0.00,+0.00,+0.000,1762.636,-0.050,+0.000,0.050,0.050,-0.540,2,91.098,866.109,4
185.300,012,+56.5990902,+23.6903489,29.710,0.00,+0.00,+0.000,1763.462,+0.010,+0.000,0.010,0.000,+0.060,2,91.198,866.935,4
185.400,012,+56.5990828,+23.6903483,29.860,0.00,+0.00,+0.000,1764.289,+0.070,+0.000,0.070,0.000,+0.660,2,91.298,867.762,4
185.500,012,+56.5990753,+23.6903478,30.230,0.00,+0.00,+0.000,1765.124,+0.130,+0.000,0.130,0.000,+1.260,2,91.398,868.597,4
185.600,012,+56.5990677,+23.6903472,30.810,0.00,+0.00,+0.000,1765.972,+0.190,+0.000,0.190,0.000,+1.860,2,91.498,869.445,4
185.700,012,+56.5990599,+23.6903467,31.610,0.00,+0.00,+0.000,1766.839,+0.250,+0.000,0.250,0.000,+2.460,2,91.598,870.312,4
185.800,012,+56.5990518,+23.6903461,32.630,0.00,+0.00,+0.000,1767.731,+0.310,+0.000,0.310,0.000,+3.060,2,91.698,871.204,4
185.900,012,+56.5990435,+23.6903455,33.860,0.00,+0.00,+0.000,1768.654,+0.370,+0.000,0.370,0.000,+3.660,2,91.798,872.127,4
186.000,012,+56.5990349,+23.6903449,35.310,0.00,+0.00,+0.000,1769.615,+0.430,+0.000,0.430,0.000,+4.260,2,91.898,873.088,4
186.100,012,+56.5990258,+23.6903443,36.970,0.00,+0.00,+0.000,1770.619,+0.500,+0.000,0.500,0.000,+4.860,2,91.998,874.092,4
186.200,012,+56.5990163,+23.6903436,38.740,0.00,+0.00,+0.000,1771.671,+0.500,+0.000,0.500,0.000,+4.910,2,92.098,875.143,4
186.300,012,+56.5990064,+23.6903429,40.420,0.00,+0.00,+0.000,1772.770,+0.450,+0.000,0.450,0.000,+4.430,2,92.198,876.243,4
186.400,012,+56.5989961,+23.6903421,41.880,0.00,+0.00,+0.000,1773.913,+0.390,+0.000,0.390,0.000,+3.820,2,92.298,877.386,4
186.500,012,+56.5989855,+23.6903414,43.130,0.00,+0.00,+0.000,1775.094,+0.330,+0.000,0.330,0.000,+3.220,2,92.398,878.567,4
186.600,012,+56.5989746,+23.6903406,44.160,0.00,+0.00,+0.000,1776.306,+0.270,+0.000,0.270,0.000,+2.620,2,92.498,879.779,4
186.700,012,+56.5989635,+23.6903398,44.980,0.00,+0.00,+0.000,1777.544,+0.210,+0.000,0.210,0.000,+2.020,2,92.598,881.017,4
186.800,012,+56.5989521,+23.6903390,45.580,0.00,+0.00,+0.000,1778.802,+0.150,+0.000,0.150,0.000,+1.420,2,92.698,882.275,4
186.900,012,+56.5989407,+23.6903382,45.960,0.00,+0.00,+0.000,1780.073,+0.080,+0.000,0.080,0.000,+0.820,2,92.798,883.546,4
187.000,012,+56.5989292,+23.6903374,46.130,0.00,+0.00,+0.000,1781.352,+0.020,+0.000,0.020,0.000,+0.220,2,92.898,884.825,4
187.100,012,+56.5989177,+23.6903365,46.100,0.00,+0.00,+0.000,1782.633,-0.010,+0.000,0.010,0.010,-0.140,2,92.998,886.106,4
187.200,012,+56.5989063,+23.6903357,46.000,0.00,+0.00,+0.000,1783.912,-0.050,+0.100,0.112,0.050,-0.500,2,93.098,887.385,4
187.300,012,+56.5988948,+23.6903349,45.700,0.00,+0.00,+0.000,1785.186,-0.110,+0.220,0.246,0.110,-1.100,2,93.198,888.659,4
187.400,012,+56.5988835,+23.6903340,45.170,0.00,+0.00,+0.000,1786.448,-0.170,+0.340,0.380,0.170,-1.700,2,93.298,889.921,4
187.500,012,+56.5988724,+23.6903323,44.430,0.00,+0.00,+0.000,1787.693,-0.230,+0.450,0.505,0.230,-2.300,2,93.398,891.166,4
187.600,012,+56.5988615,+23.6903298,43.650,0.00,+0.00,+0.000,1788.916,-0.200,+0.550,0.585,0.200,-1.940,2,93.498,892.389,4
187.700,012,+56.5988509,+23.6903265,43.000,0.00,+0.00,+0.000,1790.119,-0.160,+0.450,0.478,0.160,-1.580,2,93.598,893.592,4
187.800,012,+56.5988405,+23.6903224,42.470,0.00,+0.00,+0.000,1791.307,-0.120,+0.240,0.268,0.120,-1.220,2,93.698,894.779,4
188.000,012,+56.5988201,+23.6903130,41.950,0.00,+0.00,+0.000,1791.307,-0.070,-0.160,0.175,0.070,-0.740,3,0.018,0.000,4
188.100,012,+56.5988099,+23.6903091,41.560,0.00,+0.00,+0.000,1792.466,-0.140,-0.300,0.331,0.140,-1.340,3,0.118,1.160,4
188.200,012,+56.5987998,+23.6903059,40.950,0.00,+0.00,+0.000,1793.612,-0.200,-0.410,0.456,0.200,-1.940,3,0.218,2.306,4
188.300,012,+56.5987898,+23.6903033,40.200,0.00,+0.00,+0.000,1794.739,-0.210,-0.310,0.374,0.210,-2.010,3,0.318,3.433,4
188.400,012,+56.5987799,+23.6903014,39.600,0.00,+0.00,+0.000,1795.848,-0.140,-0.220,0.261,0.140,-1.410,3,0.418,4.541,4
188.500,012,+56.5987701,+23.6903000,39.100,0.00,+0.00,+0.000,1796.941,-0.130,-0.170,0.214,0.130,-1.290,3,0.518,5.634,4
188.600,012,+56.5987605,+23.6902986,38.680,0.00,+0.00,+0.000,1798.021,-0.120,-0.090,0.150,0.120,-1.170,3,0.618,6.715,4
188.700,012,+56.5987509,+23.6902973,38.200,0.00,+0.00,+0.000,1799.089,-0.160,-0.020,0.161,0.160,-1.530,3,0.718,7.782,4
188.800,012,+56.5987415,+23.6902961,37.640,0.00,+0.00,+0.000,1800.142,-0.170,+0.000,0.170,0.170,-1.650,3,0.818,8.836,4
188.900,012,+56.5987322,+23.6902948,36.960,0.00,+0.00,+0.000,1801.178,-0.210,+0.000,0.210,0.210,-2.010,3,0.918,9.872,4
189.000,012,+56.5987231,+23.6902936,36.210,0.00,+0.00,+0.000,1802.195,-0.220,+0.000,0.220,0.220,-2.130,3,1.018,10.888,4
189.100,012,+56.5987142,+23.6902923,35.510,0.00,+0.00,+0.000,1803.191,-0.180,+0.000,0.180,0.180,-1.730,3,1.118,11.884,4
189.200,012,+56.5987055,+23.6902911,35.020,0.00,+0.00,+0.000,1804.170,-0.120,+0.000,0.120,0.120,-1.130,3,1.218,12.864,4
189.300,012,+56.5986968,+23.6902900,34.600,0.00,+0.00,+0.000,1805.137,-0.120,+0.000,0.120,0.120,-1.200,3,1.318,13.831,4
189.400,012,+56.5986883,+23.6902888,34.160,0.00,+0.00,+0.000,1806.092,-0.120,+0.000,0.120,0.120,-1.190,3,1.418,14.786,4
189.500,012,+56.5986798,+23.6902877,33.740,0.00,+0.00,+0.000,1807.035,-0.130,+0.000,0.130,0.130,-1.240,3,1.518,15.729,4
189.600,012,+56.5986715,+23.6902865,33.160,0.00,+0.00,+0.000,1807.964,-0.190,+0.000,0.190,0.190,-1.840,3,1.618,16.658,4
189.700,012,+56.5986634,+23.6902854,32.370,0.00,+0.00,+0.000,1808.875,-0.250,+0.000,0.250,0.250,-2.440,3,1.718,17.568,4
189.800,012,+56.5986555,+23.6902843,31.360,0.00,+0.00,+0.000,1809.760,-0.310,+0.000,0.310,0.310,-3.040,3,1.818,18.453,4
189.900,012,+56.5986478,+23.6902833,30.260,0.00,+0.00,+0.000,1810.616,-0.290,+0.000,0.290,0.290,-2.870,3,1.918,19.309,4
190.000,012,+56.5986404,+23.6902823,29.360,0.00,+0.00,+0.000,1811.444,-0.230,+0.000,0.230,0.230,-2.270,3,2.018,20.137,4
190.100,012,+56.5986332,+23.6902813,28.670,0.00,+0.00,+0.000,1812.250,-0.170,+0.000,0.170,0.170,-1.670,3,2.118,20.943,4
190.200,012,+56.5986262,+23.6902803,28.200,0.00,+0.00,+0.000,1813.039,-0.110,+0.000,0.110,0.110,-1.070,3,2.218,21.733,4
190.300,012,+56.5986192,+23.6902794,27.940,0.00,+0.00,+0.000,1813.819,-0.050,+0.000,0.050,0.050,-0.470,3,2.318,22.513,4
190.400,012,+56.5986123,+23.6902784,27.900,0.00,+0.00,+0.000,1814.595,+0.010,+0.000,0.010,0.000,+0.130,3,2.418,23.288,4
190.500,012,+56.5986053,+23.6902775,28.080,0.00,+0.00,+0.000,1815.372,+0.070,+0.000,0.070,0.000,+0.730,3,2.518,24.066,4
190.600,012,+56.5985983,+23.6902765,28.470,0.00,+0.00,+0.000,1816.158,+0.140,+0.000,0.140,0.000,+1.330,3,2.618,24.851,4
190.700,012,+56.5985911,+23.6902756,29.080,0.00,+0.00,+0.000,1816.957,+0.200,+0.000,0.200,0.000,+1.930,3,2.718,25.650,4
190.800,012,+56.5985837,+23.6902745,29.900,0.00,+0.00,+0.000,1817.776,+0.260,+0.000,0.260,0.000,+2.530,3,2.818,26.470,4
190.900,012,+56.5985762,+23.6902735,30.940,0.00,+0.00,+0.000,1818.621,+0.320,+0.000,0.320,0.000,+3.130,3,2.918,27.315,4
191.000,012,+56.5985683,+23.6902724,32.020,0.00,+0.00,+0.000,1819.496,+0.280,+0.000,0.280,0.000,+2.770,3,3.018,28.189,4
191.100,012,+56.5985602,+23.6902713,32.890,0.00,+0.00,+0.000,1820.397,+0.220,+0.000,0.220,0.000,+2.170,3,3.118,29.091,4
191.200,012,+56.5985519,+23.6902702,33.540,0.00,+0.00,+0.000,1821.320,+0.160,+0.000,0.160,0.000,+1.570,3,3.218,30.013,4
191.300,012,+56.5985435,+23.6902691,33.980,0.00,+0.00,+0.000,1822.257,+0.100,+0.000,0.100,0.000,+0.970,3,3.318,30.951,4
191.400,012,+56.5985350,+23.6902679,34.200,0.00,+0.00,+0.000,1823.204,+0.040,+0.000,0.040,0.000,+0.370,3,3.418,31.898,4
191.500,012,+56.5985265,+23.6902667,34.200,0.00,+0.00,+0.000,1824.154,-0.020,+0.000,0.020,0.020,-0.230,3,3.518,32.848,4
191.600,012,+56.5985180,+23.6902656,34.010,0.00,+0.00,+0.000,1825.102,-0.070,+0.000,0.070,0.070,-0.650,3,3.618,33.795,4
191.700,012,+56.5985096,+23.6902644,33.770,0.00,+0.00,+0.000,1826.043,-0.080,+0.000,0.080,0.080,-0.770,3,3.718,34.737,4
191.800,012,+56.5985012,+23.6902633,33.560,0.00,+0.00,+0.000,1826.978,-0.040,+0.000,0.040,0.040,-0.410,3,3.818,35.672,4
191.900,012,+56.5984929,+23.6902622,33.540,0.00,+0.00,+0.000,1827.910,+0.020,+0.000,0.020,0.000,+0.190,3,3.918,36.604,4
192.000,012,+56.5984845,+23.6902610,33.740,0.00,+0.00,+0.000,1828.845,+0.080,+0.000,0.080,0.000,+0.790,3,4.018,37.538,4
192.100,012,+56.5984760,+23.6902599,34.150,0.00,+0.00,+0.000,1829.788,+0.140,+0.000,0.140,0.000,+1.390,3,4.118,38.481,4
192.200,012,+56.5984675,+23.6902587,34.790,0.00,+0.00,+0.000,1830.745,+0.200,+0.000,0.200,0.000,+1.990,3,4.218,39.439,4
192.300,012,+56.5984587,+23.6902575,35.630,0.00,+0.00,+0.000,1831.723,+0.260,+0.000,0.260,0.000,+2.590,3,4.318,40.417,4
192.400,012,+56.5984497,+23.6902563,36.680,0.00,+0.00,+0.000,1832.727,+0.300,+0.000,0.300,0.000,+2.950,3,4.418,41.421,4
192.500,012,+56.5984404,+23.6902550,37.720,0.00,+0.00,+0.000,1833.761,+0.290,+0.000,0.290,0.000,+2.830,3,4.518,42.454,4
192.600,012,+56.5984308,+23.6902537,38.660,0.00,+0.00,+0.000,1834.822,+0.250,+0.000,0.250,0.000,+2.470,3,4.618,43.515,4
192.700,012,+56.5984211,+23.6902524,39.510,0.00,+0.00,+0.000,1835.907,+0.240,+0.000,0.240,0.000,+2.350,3,4.718,44.601,4
192.800,012,+56.5984112,+23.6902510,40.220,0.00,+0.00,+0.000,1837.015,+0.180,+0.000,0.180,0.000,+1.750,3,4.818,45.708,4
192.900,012,+56.5984011,+23.6902496,40.730,0.00,+0.00,+0.000,1838.139,+0.120,+0.000,0.120,0.000,+1.150,3,4.918,46.833,4
193.000,012,+56.5983909,+23.6902483,41.010,0.00,+0.00,+0.000,1839.274,+0.060,+0.000,0.060,0.000,+0.550,3,5.018,47.968,4
193.100,012,+56.5983807,+23.6902469,41.080,0.00,+0.00,+0.000,1840.414,+0.000,+0.000,0.000,0.000,-0.050,3,5.118,49.108,4
193.200,012,+56.5983705,+23.6902455,40.940,0.00,+0.00,+0.000,1841.554,-0.070,+0.000,0.070,0.070,-0.640,3,5.218,50.247,4
193.300,012,+56.5983603,+23.6902441,40.610,0.00,+0.00,+0.000,1842.686,-0.100,+0.000,0.100,0.100,-0.950,3,5.318,51.380,4
193.400,012,+56.5983503,+23.6902427,40.360,0.00,+0.00,+0.000,1843.811,-0.050,+0.000,0.050,0.050,-0.460,3,5.418,52.504,4
193.500,012,+56.5983403,+23.6902413,40.170,0.00,+0.00,+0.000,1844.929,-0.060,+0.000,0.060,0.060,-0.580,3,5.518,53.623,4
193.600,012,+56.5983303,+23.6902400,39.990,0.00,+0.00,+0.000,1846.043,-0.050,+0.000,0.050,0.050,-0.460,3,5.618,54.736,4
193.700,012,+56.5983204,+23.6902386,39.810,0.00,+0.00,+0.000,1847.151,-0.030,+0.000,0.030,0.030,-0.340,3,5.718,55.844,4
193.800,012,+56.5983105,+23.6902373,39.820,0.00,+0.00,+0.000,1848.257,+0.030,+0.000,0.030,0.000,+0.260,3,5.818,56.950,4
193.900,012,+56.5983005,+23.6902359,39.870,0.00,+0.00,+0.000,1849.364,-0.010,+0.000,0.010,0.010,-0.100,3,5.918,58.057,4
194.000,012,+56.5982907,+23.6902346,39.710,0.00,+0.00,+0.000,1850.469,-0.070,+0.000,0.070,0.070,-0.700,3,6.018,59.163,4
194.100,012,+56.5982808,+23.6902332,39.360,0.00,+0.00,+0.000,1851.567,-0.110,+0.000,0.110,0.110,-1.060,3,6.118,60.261,4
194.200,012,+56.5982711,+23.6902319,38.960,0.00,+0.00,+0.000,1852.655,-0.100,-0.020,0.102,0.100,-0.940,3,6.218,61.348,4
194.300,012,+56.5982614,+23.6902306,38.750,0.00,+0.00,+0.000,1853.734,-0.030,-0.060,0.067,0.030,-0.340,3,6.318,62.428,4
194.400,012,+56.5982518,+23.6902293,38.760,0.00,+0.00,+0.000,1854.811,+0.030,-0.060,0.067,0.000,+0.260,3,6.418,63.504,4
194.500,012,+56.5982421,+23.6902281,38.980,0.00,+0.00,+0.000,1855.891,+0.090,-0.110,0.142,0.000,+0.860,3,6.518,64.584,4
194.600,012,+56.5982323,+23.6902272,39.410,0.00,+0.00,+0.000,1856.979,+0.120,-0.150,0.192,0.000,+1.220,3,6.618,65.673,4
194.700,012,+56.5982225,+23.6902265,39.720,0.00,+0.00,+0.000,1858.078,+0.060,-0.200,0.209,0.000,+0.620,3,6.718,66.772,4
194.800,012,+56.5982125,+23.6902263,39.810,0.00,+0.00,+0.000,1859.183,+0.000,-0.220,0.220,0.000,+0.020,3,6.818,67.876,4
194.900,012,+56.5982026,+23.6902263,39.690,0.00,+0.00,+0.000,1860.287,-0.060,-0.220,0.228,0.060,-0.580,3,6.918,68.981,4
195.000,012,+56.5981928,+23.6902267,39.360,0.00,+0.00,+0.000,1861.385,-0.120,-0.220,0.251,0.120,-1.180,3,7.018,70.078,4
195.100,012,+56.5981830,+23.6902274,38.820,0.00,+0.00,+0.000,1862.471,-0.170,-0.210,0.270,0.170,-1.640,3,7.118,71.164,4
195.200,012,+56.5981735,+23.6902285,38.100,0.00,+0.00,+0.000,1863.539,-0.230,-0.200,0.305,0.230,-2.240,3,7.218,72.233,4
195.300,012,+56.5981641,+23.6902298,37.160,0.00,+0.00,+0.000,1864.584,-0.290,-0.150,0.326,0.290,-2.840,3,7.318,73.278,4
195.400,012,+56.5981551,+23.6902314,36.010,0.00,+0.00,+0.000,1865.601,-0.350,-0.160,0.385,0.350,-3.440,3,7.418,74.294,4
195.500,012,+56.5981463,+23.6902332,34.900,0.00,+0.00,+0.000,1866.586,-0.290,-0.140,0.322,0.290,-2.840,3,7.518,75.279,4
195.600,012,+56.5981378,+23.6902351,34.010,0.00,+0.00,+0.000,1867.543,-0.230,-0.130,0.264,0.230,-2.240,3,7.618,76.236,4
195.700,012,+56.5981295,+23.6902372,33.330,0.00,+0.00,+0.000,1868.478,-0.170,-0.120,0.208,0.170,-1.640,3,7.718,77.171,4
195.800,012,+56.5981213,+23.6902393,32.870,0.00,+0.00,+0.000,1869.397,-0.110,-0.150,0.186,0.110,-1.040,3,7.818,78.091,4
195.900,012,+56.5981133,+23.6902417,32.600,0.00,+0.00,+0.000,1870.307,-0.070,-0.150,0.166,0.070,-0.680,3,7.918,79.000,4
196.000,012,+56.5981053,+23.6902442,32.350,0.00,+0.00,+0.000,1871.209,-0.070,-0.160,0.175,0.070,-0.720,3,8.018,79.902,4
196.100,012,+56.5980974,+23.6902471,32.030,0.00,+0.00,+0.000,1872.103,-0.110,-0.170,0.202,0.110,-1.080,3,8.118,80.796,4
196.200,012,+56.5980897,+23.6902502,31.530,0.00,+0.00,+0.000,1872.986,-0.150,-0.200,0.250,0.150,-1.440,3,8.218,81.679,4
196.300,012,+56.5980821,+23.6902535,31.140,0.00,+0.00,+0.000,1873.856,-0.090,-0.160,0.184,0.090,-0.840,3,8.318,82.550,4
196.400,012,+56.5980746,+23.6902570,30.970,0.00,+0.00,+0.000,1874.719,-0.020,-0.160,0.161,0.020,-0.240,3,8.418,83.412,4
196.500,012,+56.5980672,+23.6902608,31.010,0.00,+0.00,+0.000,1875.580,+0.040,-0.160,0.165,0.000,+0.360,3,8.518,84.273,4
196.600,012,+56.5980598,+23.6902649,31.200,0.00,+0.00,+0.000,1876.444,+0.070,-0.150,0.166,0.000,+0.720,3,8.618,85.137,4
196.700,012,+56.5980523,+23.6902693,31.590,0.00,+0.00,+0.000,1877.316,+0.130,-0.140,0.191,0.000,+1.320,3,8.718,86.009,4
196.800,012,+56.5980448,+23.6902740,32.200,0.00,+0.00,+0.000,1878.202,+0.200,-0.130,0.239,0.000,+1.920,3,8.818,86.895,4
196.900,012,+56.5980371,+23.6902790,33.020,0.00,+0.00,+0.000,1879.107,+0.260,-0.130,0.291,0.000,+2.520,3,8.918,87.801,4
197.000,012,+56.5980292,+23.6902842,33.880,0.00,+0.00,+0.000,1880.037,+0.220,-0.130,0.256,0.000,+2.160,3,9.018,88.730,4
197.100,012,+56.5980212,+23.6902897,34.530,0.00,+0.00,+0.000,1880.987,+0.160,-0.150,0.219,0.000,+1.560,3,9.118,89.680,4
197.200,012,+56.5980132,+23.6902956,34.960,0.00,+0.00,+0.000,1881.952,+0.100,-0.160,0.189,0.000,+0.960,3,9.218,90.645,4
197.300,012,+56.5980051,+23.6903018,35.180,0.00,+0.00,+0.000,1882.926,+0.040,-0.180,0.184,0.000,+0.360,3,9.318,91.620,4
197.400,012,+56.5979971,+23.6903083,35.250,0.00,+0.00,+0.000,1883.904,+0.020,-0.220,0.221,0.000,+0.240,3,9.418,92.598,4
197.500,012,+56.5979891,+23.6903152,35.460,0.00,+0.00,+0.000,1884.886,+0.090,-0.200,0.219,0.000,+0.840,3,9.518,93.580,4
197.600,012,+56.5979812,+23.6903225,35.860,0.00,+0.00,+0.000,1885.877,+0.120,-0.210,0.242,0.000,+1.200,3,9.618,94.570,4
197.700,012,+56.5979732,+23.6903301,36.160,0.00,+0.00,+0.000,1886.877,+0.060,-0.180,0.190,0.000,+0.600,3,9.718,95.571,4
197.800,012,+56.5979653,+23.6903380,36.250,0.00,+0.00,+0.000,1887.883,+0.000,-0.170,0.170,0.000,+0.000,3,9.818,96.576,4
197.900,012,+56.5979575,+23.6903462,36.120,0.00,+0.00,+0.000,1888.888,-0.060,-0.180,0.190,0.060,-0.600,3,9.918,97.582,4
198.000,012,+56.5979498,+23.6903545,35.860,0.00,+0.00,+0.000,1889.888,-0.080,-0.140,0.161,0.080,-0.760,3,10.018,98.581,4
198.100,012,+56.5979422,+23.6903629,35.690,0.00,+0.00,+0.000,1890.882,-0.030,-0.150,0.153,0.030,-0.290,3,10.118,99.575,4
198.200,012,+56.5979346,+23.6903716,35.710,0.00,+0.00,+0.000,1891.873,+0.030,-0.120,0.124,0.000,+0.310,3,10.218,100.567,4
198.300,012,+56.5979272,+23.6903804,35.940,0.00,+0.00,+0.000,1892.868,+0.070,-0.110,0.130,0.000,+0.670,3,10.318,101.562,4
198.400,012,+56.5979197,+23.6903895,36.050,0.00,+0.00,+0.000,1893.868,+0.010,-0.090,0.091,0.000,+0.070,3,10.418,102.562,4
198.500,012,+56.5979123,+23.6903987,35.940,0.00,+0.00,+0.000,1894.868,-0.050,-0.060,0.078,0.050,-0.530,3,10.518,103.562,4
198.600,012,+56.5979049,+23.6904079,35.620,0.00,+0.00,+0.000,1895.862,-0.120,-0.060,0.134,0.120,-1.130,3,10.618,104.555,4
198.700,012,+56.5978977,+23.6904170,35.180,0.00,+0.00,+0.000,1896.845,-0.100,-0.030,0.104,0.100,-1.010,3,10.718,105.539,4
198.800,012,+56.5978905,+23.6904260,34.920,0.00,+0.00,+0.000,1897.819,-0.070,-0.060,0.092,0.070,-0.660,3,10.818,106.512,4
198.900,012,+56.5978834,+23.6904350,34.700,0.00,+0.00,+0.000,1898.786,-0.060,-0.090,0.108,0.060,-0.560,3,10.918,107.479,4
199.000,012,+56.5978763,+23.6904440,34.510,0.00,+0.00,+0.000,1899.747,-0.040,-0.090,0.098,0.040,-0.420,3,11.018,108.441,4
199.100,012,+56.5978694,+23.6904533,34.330,0.00,+0.00,+0.000,1900.703,-0.050,-0.120,0.130,0.050,-0.500,3,11.118,109.397,4
199.200,012,+56.5978626,+23.6904626,34.180,0.00,+0.00,+0.000,1901.655,-0.040,-0.140,0.146,0.040,-0.430,3,11.218,110.348,4
199.300,012,+56.5978559,+23.6904721,34.110,0.00,+0.00,+0.000,1902.603,+0.000,-0.140,0.140,0.000,-0.040,3,11.318,111.297,4
199.300,012,+56.5978559,+23.6904721,34.110,0.00,+0.00,+0.000,1903.551,+0.000,-0.140,0.140,0.000,-0.040,3,11.418,112.244,4
