"Format","MoTeC CSV File"
"Venue","RULLITIS"
"Vehicle","ANDREW"
"Driver",""
"Device","RAJAGP"
"Comment","Exported by RAJAGP Client"
"Log Date","20/08/2026"
"Log Time","15:10:09"
"Sample Rate","10.000"
"Duration","198.800"
"Range","All"

"Time","Satellites","GPS Latitude","GPS Longitude","Ground Speed","GPS Heading","GPS Altitude","GPS Vert Speed","Distance","G Force Long","G Force Lat","G Force Combined","Brake","Acceleration","Lap Number","Lap Time","Lap Distance","GPS Fix"
"s","count","deg","deg","km/h","deg","m","km/h","m","g","g","g","g","m/s2","lap","s","m","state"

0.000,012,+56.5988125,+23.6903100,42.100,0.00,+0.00,+0.000,0.000,-0.120,-0.260,0.286,0.120,-1.230,1,0.091,0.000,4
0.100,012,+56.5988022,+23.6903066,41.530,0.00,+0.00,+0.000,1.162,-0.190,-0.400,0.443,0.190,-1.830,1,0.191,1.162,4
0.200,012,+56.5987921,+23.6903038,40.800,0.00,+0.00,+0.000,2.305,-0.200,-0.320,0.377,0.200,-1.950,1,0.291,2.305,4
0.300,012,+56.5987821,+23.6903017,40.140,0.00,+0.00,+0.000,3.429,-0.190,-0.270,0.330,0.190,-1.830,1,0.391,3.429,4
0.400,012,+56.5987722,+23.6903002,39.530,0.00,+0.00,+0.000,4.536,-0.170,-0.180,0.248,0.170,-1.710,1,0.491,4.536,4
0.500,012,+56.5987624,+23.6902989,38.990,0.00,+0.00,+0.000,5.626,-0.140,-0.100,0.172,0.140,-1.350,1,0.591,5.626,4
0.600,012,+56.5987528,+23.6902976,38.430,0.00,+0.00,+0.000,6.702,-0.170,-0.060,0.180,0.170,-1.710,1,0.691,6.702,4
0.700,012,+56.5987434,+23.6902963,37.770,0.00,+0.00,+0.000,7.760,-0.190,+0.000,0.190,0.190,-1.830,1,0.791,7.760,4
0.800,012,+56.5987341,+23.6902950,37.020,0.00,+0.00,+0.000,8.799,-0.220,+0.000,0.220,0.220,-2.190,1,0.891,8.799,4
0.900,012,+56.5987250,+23.6902938,36.210,0.00,+0.00,+0.000,9.816,-0.230,+0.000,0.230,0.230,-2.300,1,0.991,9.816,4
1.000,012,+56.5987161,+23.6902926,35.500,0.00,+0.00,+0.000,10.812,-0.180,+0.000,0.180,0.180,-1.780,1,1.091,10.812,4
1.100,012,+56.5987073,+23.6902914,34.980,0.00,+0.00,+0.000,11.791,-0.120,+0.000,0.120,0.120,-1.180,1,1.191,11.791,4
1.200,012,+56.5986987,+23.6902902,34.580,0.00,+0.00,+0.000,12.757,-0.120,+0.000,0.120,0.120,-1.200,1,1.291,12.757,4
1.300,012,+56.5986901,+23.6902891,34.160,0.00,+0.00,+0.000,13.711,-0.120,+0.000,0.120,0.120,-1.190,1,1.391,13.711,4
1.400,012,+56.5986817,+23.6902879,33.750,0.00,+0.00,+0.000,14.655,-0.110,+0.000,0.110,0.110,-1.130,1,1.491,14.655,4
1.500,012,+56.5986734,+23.6902868,33.210,0.00,+0.00,+0.000,15.585,-0.180,+0.000,0.180,0.180,-1.730,1,1.591,15.585,4
1.600,012,+56.5986652,+23.6902857,32.460,0.00,+0.00,+0.000,16.497,-0.240,+0.000,0.240,0.240,-2.330,1,1.691,16.497,4
1.700,012,+56.5986573,+23.6902846,31.490,0.00,+0.00,+0.000,17.385,-0.300,+0.000,0.300,0.300,-2.930,1,1.791,17.385,4
1.800,012,+56.5986496,+23.6902835,30.390,0.00,+0.00,+0.000,18.244,-0.300,+0.000,0.300,0.300,-2.940,1,1.891,18.244,4
1.900,012,+56.5986422,+23.6902825,29.470,0.00,+0.00,+0.000,19.076,-0.240,+0.000,0.240,0.240,-2.340,1,1.991,19.076,4
2.000,012,+56.5986350,+23.6902815,28.750,0.00,+0.00,+0.000,19.884,-0.180,+0.000,0.180,0.180,-1.740,1,2.091,19.884,4
2.100,012,+56.5986279,+23.6902806,28.260,0.00,+0.00,+0.000,20.676,-0.120,+0.000,0.120,0.120,-1.140,1,2.191,20.676,4
2.200,012,+56.5986209,+23.6902796,27.980,0.00,+0.00,+0.000,21.457,-0.050,+0.000,0.050,0.050,-0.540,1,2.291,21.457,4
2.300,012,+56.5986140,+23.6902787,27.910,0.00,+0.00,+0.000,22.233,+0.010,+0.000,0.010,0.000,+0.060,1,2.391,22.233,4
2.400,012,+56.5986070,+23.6902777,28.070,0.00,+0.00,+0.000,23.011,+0.070,+0.000,0.070,0.000,+0.660,1,2.491,23.011,4
2.500,012,+56.5986000,+23.6902768,28.430,0.00,+0.00,+0.000,23.796,+0.130,+0.000,0.130,0.000,+1.260,1,2.591,23.796,4
2.600,012,+56.5985928,+23.6902758,29.020,0.00,+0.00,+0.000,24.594,+0.190,+0.000,0.190,0.000,+1.860,1,2.691,24.594,4
2.700,012,+56.5985855,+23.6902748,29.820,0.00,+0.00,+0.000,25.411,+0.250,+0.000,0.250,0.000,+2.460,1,2.791,25.411,4
2.800,012,+56.5985779,+23.6902738,30.830,0.00,+0.00,+0.000,26.253,+0.310,+0.000,0.310,0.000,+3.060,1,2.891,26.253,4
2.900,012,+56.5985701,+23.6902727,31.960,0.00,+0.00,+0.000,27.125,+0.300,+0.000,0.300,0.000,+2.940,1,2.991,27.125,4
3.000,012,+56.5985620,+23.6902716,32.890,0.00,+0.00,+0.000,28.026,+0.240,+0.000,0.240,0.000,+2.340,1,3.091,28.026,4
3.100,012,+56.5985537,+23.6902704,33.610,0.00,+0.00,+0.000,28.950,+0.180,+0.000,0.180,0.000,+1.740,1,3.191,28.950,4
3.200,012,+56.5985452,+23.6902693,34.100,0.00,+0.00,+0.000,29.890,+0.120,+0.000,0.120,0.000,+1.140,1,3.291,29.890,4
3.300,012,+56.5985367,+23.6902681,34.390,0.00,+0.00,+0.000,30.841,+0.060,+0.000,0.060,0.000,+0.540,1,3.391,30.841,4
3.400,012,+56.5985281,+23.6902670,34.450,0.00,+0.00,+0.000,31.797,-0.010,+0.000,0.010,0.010,-0.060,1,3.491,31.797,4
3.500,012,+56.5985196,+23.6902658,34.300,0.00,+0.00,+0.000,32.752,-0.070,+0.000,0.070,0.070,-0.660,1,3.591,32.752,4
3.600,012,+56.5985111,+23.6902646,34.060,0.00,+0.00,+0.000,33.702,-0.050,+0.000,0.050,0.050,-0.540,1,3.691,33.702,4
3.700,012,+56.5985027,+23.6902635,33.850,0.00,+0.00,+0.000,34.645,-0.040,+0.000,0.040,0.040,-0.420,1,3.791,34.645,4
3.800,012,+56.5984942,+23.6902623,33.830,0.00,+0.00,+0.000,35.585,+0.020,+0.000,0.020,0.000,+0.180,1,3.891,35.585,4
3.900,012,+56.5984858,+23.6902612,34.030,0.00,+0.00,+0.000,36.527,+0.080,+0.000,0.080,0.000,+0.780,1,3.991,36.527,4
4.000,012,+56.5984773,+23.6902600,34.440,0.00,+0.00,+0.000,37.478,+0.140,+0.000,0.140,0.000,+1.380,1,4.091,37.478,4
4.100,012,+56.5984686,+23.6902588,35.070,0.00,+0.00,+0.000,38.444,+0.200,+0.000,0.200,0.000,+1.980,1,4.191,38.444,4
4.200,012,+56.5984598,+23.6902576,35.910,0.00,+0.00,+0.000,39.430,+0.260,+0.000,0.260,0.000,+2.580,1,4.291,39.430,4
4.300,012,+56.5984507,+23.6902564,36.920,0.00,+0.00,+0.000,40.441,+0.280,+0.000,0.280,0.000,+2.700,1,4.391,40.441,4
4.400,012,+56.5984414,+23.6902551,37.850,0.00,+0.00,+0.000,41.480,+0.260,+0.000,0.260,0.000,+2.580,1,4.491,41.480,4
4.500,012,+56.5984318,+23.6902538,38.680,0.00,+0.00,+0.000,42.543,+0.230,+0.000,0.230,0.000,+2.220,1,4.591,42.543,4
4.600,012,+56.5984221,+23.6902525,39.440,0.00,+0.00,+0.000,43.627,+0.210,+0.000,0.210,0.000,+2.100,1,4.691,43.627,4
4.700,012,+56.5984122,+23.6902512,40.070,0.00,+0.00,+0.000,44.732,+0.150,+0.000,0.150,0.000,+1.500,1,4.791,44.732,4
4.800,012,+56.5984021,+23.6902498,40.480,0.00,+0.00,+0.000,45.851,+0.090,+0.000,0.090,0.000,+0.900,1,4.891,45.851,4
4.900,012,+56.5983920,+23.6902484,40.670,0.00,+0.00,+0.000,46.978,+0.030,+0.000,0.030,0.000,+0.300,1,4.991,46.978,4
5.000,012,+56.5983819,+23.6902470,40.650,0.00,+0.00,+0.000,48.107,-0.030,+0.000,0.030,0.030,-0.300,1,5.091,48.107,4
5.100,012,+56.5983718,+23.6902457,40.470,0.00,+0.00,+0.000,49.234,-0.070,+0.000,0.070,0.070,-0.660,1,5.191,49.234,4
5.200,012,+56.5983618,+23.6902443,40.220,0.00,+0.00,+0.000,50.354,-0.080,+0.000,0.080,0.080,-0.780,1,5.291,50.354,4
5.300,012,+56.5983518,+23.6902429,39.980,0.00,+0.00,+0.000,51.468,-0.050,+0.000,0.050,0.050,-0.460,1,5.391,51.468,4
5.400,012,+56.5983419,+23.6902416,39.840,0.00,+0.00,+0.000,52.577,-0.030,+0.000,0.030,0.030,-0.340,1,5.491,52.577,4
5.500,012,+56.5983320,+23.6902402,39.690,0.00,+0.00,+0.000,53.682,-0.050,+0.000,0.050,0.050,-0.460,1,5.591,53.682,4
5.600,012,+56.5983222,+23.6902389,39.550,0.00,+0.00,+0.000,54.782,-0.030,+0.000,0.030,0.030,-0.340,1,5.691,54.782,4
5.700,012,+56.5983123,+23.6902375,39.560,0.00,+0.00,+0.000,55.881,+0.030,+0.000,0.030,0.000,+0.260,1,5.791,55.881,4
5.800,012,+56.5983025,+23.6902362,39.680,0.00,+0.00,+0.000,56.981,+0.010,+0.000,0.010,0.000,+0.140,1,5.891,56.981,4
5.900,012,+56.5982926,+23.6902348,39.600,0.00,+0.00,+0.000,58.083,-0.050,+0.000,0.050,0.050,-0.460,1,5.991,58.083,4
6.000,012,+56.5982828,+23.6902335,39.320,0.00,+0.00,+0.000,59.179,-0.080,+0.000,0.080,0.080,-0.820,1,6.091,59.179,4
6.100,012,+56.5982731,+23.6902322,38.950,0.00,+0.00,+0.000,60.266,-0.100,-0.020,0.102,0.100,-0.940,1,6.191,60.266,4
6.200,012,+56.5982634,+23.6902309,38.740,0.00,+0.00,+0.000,61.345,-0.030,-0.020,0.036,0.030,-0.340,1,6.291,61.345,4
6.300,012,+56.5982538,+23.6902296,38.740,0.00,+0.00,+0.000,62.421,+0.030,-0.060,0.067,0.000,+0.260,1,6.391,62.421,4
6.400,012,+56.5982441,+23.6902283,38.970,0.00,+0.00,+0.000,63.500,+0.090,-0.110,0.142,0.000,+0.860,1,6.491,63.500,4
6.500,012,+56.5982343,+23.6902273,39.410,0.00,+0.00,+0.000,64.589,+0.150,-0.150,0.212,0.000,+1.460,1,6.591,64.589,4
6.600,012,+56.5982244,+23.6902266,39.800,0.00,+0.00,+0.000,65.689,+0.090,-0.200,0.219,0.000,+0.860,1,6.691,65.689,4
6.700,012,+56.5982145,+23.6902263,39.980,0.00,+0.00,+0.000,66.797,+0.030,-0.220,0.222,0.000,+0.260,1,6.791,66.797,4
6.800,012,+56.5982045,+23.6902262,39.950,0.00,+0.00,+0.000,67.907,-0.030,-0.220,0.222,0.030,-0.340,1,6.891,67.907,4
6.900,012,+56.5981946,+23.6902266,39.690,0.00,+0.00,+0.000,69.013,-0.100,-0.220,0.242,0.100,-0.940,1,6.991,69.013,4
7.000,012,+56.5981847,+23.6902273,39.230,0.00,+0.00,+0.000,70.109,-0.160,-0.170,0.233,0.160,-1.540,1,7.091,70.109,4
7.100,012,+56.5981751,+23.6902283,38.540,0.00,+0.00,+0.000,71.189,-0.220,-0.170,0.278,0.220,-2.140,1,7.191,71.189,4
7.200,012,+56.5981656,+23.6902296,37.640,0.00,+0.00,+0.000,72.247,-0.280,-0.200,0.344,0.280,-2.740,1,7.291,72.247,4
7.300,012,+56.5981564,+23.6902311,36.530,0.00,+0.00,+0.000,73.278,-0.340,-0.170,0.380,0.340,-3.340,1,7.391,73.278,4
7.400,012,+56.5981475,+23.6902329,35.370,0.00,+0.00,+0.000,74.276,-0.300,-0.140,0.331,0.300,-2.980,1,7.491,74.276,4
7.500,012,+56.5981389,+23.6902349,34.420,0.00,+0.00,+0.000,75.246,-0.240,-0.130,0.273,0.240,-2.380,1,7.591,75.246,4
7.600,012,+56.5981305,+23.6902369,33.700,0.00,+0.00,+0.000,76.192,-0.180,-0.130,0.222,0.180,-1.780,1,7.691,76.192,4
7.700,012,+56.5981223,+23.6902391,33.190,0.00,+0.00,+0.000,77.121,-0.120,-0.150,0.192,0.120,-1.180,1,7.791,77.121,4
7.800,012,+56.5981141,+23.6902414,32.870,0.00,+0.00,+0.000,78.038,-0.080,-0.150,0.170,0.080,-0.820,1,7.891,78.038,4
7.900,012,+56.5981061,+23.6902440,32.550,0.00,+0.00,+0.000,78.947,-0.110,-0.160,0.194,0.110,-1.050,1,7.991,78.947,4
8.000,012,+56.5980982,+23.6902468,32.040,0.00,+0.00,+0.000,79.844,-0.170,-0.190,0.255,0.170,-1.650,1,8.091,79.844,4
8.100,012,+56.5980905,+23.6902498,31.440,0.00,+0.00,+0.000,80.726,-0.150,-0.170,0.227,0.150,-1.500,1,8.191,80.726,4
8.200,012,+56.5980829,+23.6902531,31.030,0.00,+0.00,+0.000,81.593,-0.090,-0.160,0.184,0.090,-0.900,1,8.291,81.593,4
8.300,012,+56.5980755,+23.6902566,30.830,0.00,+0.00,+0.000,82.452,-0.030,-0.160,0.163,0.030,-0.300,1,8.391,82.452,4
8.400,012,+56.5980681,+23.6902604,30.850,0.00,+0.00,+0.000,83.309,+0.030,-0.160,0.163,0.000,+0.300,1,8.491,83.309,4
8.500,012,+56.5980607,+23.6902644,31.090,0.00,+0.00,+0.000,84.169,+0.090,-0.150,0.175,0.000,+0.900,1,8.591,84.169,4
8.600,012,+56.5980532,+23.6902687,31.540,0.00,+0.00,+0.000,85.039,+0.150,-0.130,0.198,0.000,+1.500,1,8.691,85.039,4
8.700,012,+56.5980457,+23.6902734,32.210,0.00,+0.00,+0.000,85.925,+0.210,-0.130,0.247,0.000,+2.100,1,8.791,85.925,4
8.800,012,+56.5980380,+23.6902784,33.100,0.00,+0.00,+0.000,86.832,+0.280,-0.130,0.309,0.000,+2.700,1,8.891,86.832,4
8.900,012,+56.5980301,+23.6902837,34.030,0.00,+0.00,+0.000,87.764,+0.240,-0.160,0.288,0.000,+2.340,1,8.991,87.764,4
9.000,012,+56.5980221,+23.6902891,34.740,0.00,+0.00,+0.000,88.719,+0.180,-0.180,0.255,0.000,+1.740,1,9.091,88.719,4
9.100,012,+56.5980139,+23.6902950,35.230,0.00,+0.00,+0.000,89.691,+0.120,-0.180,0.216,0.000,+1.140,1,9.191,89.691,4
9.200,012,+56.5980058,+23.6903013,35.510,0.00,+0.00,+0.000,90.673,+0.050,-0.190,0.196,0.000,+0.540,1,9.291,90.673,4
9.300,012,+56.5979977,+23.6903079,35.660,0.00,+0.00,+0.000,91.662,+0.040,-0.230,0.233,0.000,+0.420,1,9.391,91.662,4
9.400,012,+56.5979896,+23.6903148,35.940,0.00,+0.00,+0.000,92.656,+0.100,-0.200,0.224,0.000,+1.020,1,9.491,92.656,4
9.500,012,+56.5979815,+23.6903221,36.340,0.00,+0.00,+0.000,93.660,+0.090,-0.210,0.228,0.000,+0.900,1,9.591,93.660,4
9.600,012,+56.5979735,+23.6903298,36.530,0.00,+0.00,+0.000,94.672,+0.030,-0.210,0.212,0.000,+0.300,1,9.691,94.672,4
9.700,012,+56.5979655,+23.6903378,36.510,0.00,+0.00,+0.000,95.687,-0.030,-0.170,0.173,0.030,-0.300,1,9.791,95.687,4
9.800,012,+56.5979577,+23.6903460,36.270,0.00,+0.00,+0.000,96.698,-0.090,-0.180,0.201,0.090,-0.900,1,9.891,96.698,4
9.900,012,+56.5979499,+23.6903543,35.950,0.00,+0.00,+0.000,97.701,-0.080,-0.140,0.161,0.080,-0.800,1,9.991,97.701,4
10.000,012,+56.5979423,+23.6903628,35.760,0.00,+0.00,+0.000,98.697,-0.030,-0.150,0.153,0.030,-0.330,1,10.091,98.697,4
10.100,012,+56.5979347,+23.6903714,35.770,0.00,+0.00,+0.000,99.690,+0.030,-0.130,0.133,0.000,+0.270,1,10.191,99.690,4
10.200,012,+56.5979272,+23.6903803,35.980,0.00,+0.00,+0.000,100.687,+0.060,-0.110,0.125,0.000,+0.630,1,10.291,100.687,4
10.300,012,+56.5979198,+23.6903894,36.080,0.00,+0.00,+0.000,101.687,+0.000,-0.090,0.090,0.000,+0.030,1,10.391,101.687,4
10.400,012,+56.5979124,+23.6903986,35.960,0.00,+0.00,+0.000,102.688,-0.060,-0.060,0.085,0.060,-0.570,1,10.491,102.688,4
10.500,012,+56.5979050,+23.6904078,35.620,0.00,+0.00,+0.000,103.682,-0.120,-0.060,0.134,0.120,-1.170,1,10.591,103.682,4
10.600,012,+56.5978978,+23.6904169,35.120,0.00,+0.00,+0.000,104.665,-0.130,-0.030,0.133,0.130,-1.290,1,10.691,104.665,4
10.700,012,+56.5978906,+23.6904258,34.790,0.00,+0.00,+0.000,105.636,-0.070,-0.050,0.086,0.070,-0.690,1,10.791,105.636,4
10.800,012,+56.5978835,+23.6904348,34.570,0.00,+0.00,+0.000,106.599,-0.070,-0.090,0.114,0.070,-0.640,1,10.891,106.599,4
10.900,012,+56.5978765,+23.6904438,34.380,0.00,+0.00,+0.000,107.557,-0.040,-0.090,0.098,0.040,-0.390,1,10.991,107.557,4
11.000,012,+56.5978696,+23.6904530,34.200,0.00,+0.00,+0.000,108.509,-0.050,-0.120,0.130,0.050,-0.470,1,11.091,108.509,4
11.100,012,+56.5978628,+23.6904624,34.060,0.00,+0.00,+0.000,109.457,-0.040,-0.140,0.146,0.040,-0.410,1,11.191,109.457,4
11.200,012,+56.5978561,+23.6904718,34.000,0.00,+0.00,+0.000,110.403,+0.000,-0.140,0.140,0.000,-0.020,1,11.291,110.403,4
11.300,012,+56.5978495,+23.6904815,34.130,0.00,+0.00,+0.000,111.349,+0.060,-0.140,0.152,0.000,+0.580,1,11.391,111.349,4
11.400,012,+56.5978429,+23.6904914,34.380,0.00,+0.00,+0.000,112.300,+0.070,-0.140,0.157,0.000,+0.700,1,11.491,112.300,4
11.500,012,+56.5978364,+23.6905015,34.500,0.00,+0.00,+0.000,113.257,+0.010,-0.140,0.140,0.000,+0.100,1,11.591,113.257,4
11.600,012,+56.5978300,+23.6905118,34.410,0.00,+0.00,+0.000,114.214,-0.050,-0.140,0.149,0.050,-0.500,1,11.691,114.214,4
11.700,012,+56.5978236,+23.6905222,34.100,0.00,+0.00,+0.000,115.166,-0.110,-0.140,0.178,0.110,-1.100,1,11.791,115.166,4
11.800,012,+56.5978175,+23.6905327,33.570,0.00,+0.00,+0.000,116.105,-0.170,-0.140,0.220,0.170,-1.670,1,11.891,116.105,4
11.900,012,+56.5978115,+23.6905431,33.090,0.00,+0.00,+0.000,117.031,-0.120,-0.130,0.177,0.120,-1.190,1,11.991,117.031,4
12.000,012,+56.5978057,+23.6905535,32.580,0.00,+0.00,+0.000,117.943,-0.170,-0.130,0.214,0.170,-1.650,1,12.091,117.943,4
12.100,012,+56.5978001,+23.6905639,31.960,0.00,+0.00,+0.000,118.840,-0.160,-0.110,0.194,0.160,-1.530,1,12.191,118.840,4
12.200,012,+56.5977946,+23.6905743,31.540,0.00,+0.00,+0.000,119.722,-0.090,-0.070,0.114,0.090,-0.930,1,12.291,119.722,4
12.300,012,+56.5977893,+23.6905847,31.330,0.00,+0.00,+0.000,120.595,-0.030,-0.070,0.076,0.030,-0.330,1,12.391,120.595,4
12.400,012,+56.5977840,+23.6905951,31.340,0.00,+0.00,+0.000,121.465,+0.030,-0.040,0.050,0.000,+0.270,1,12.491,121.465,4
12.500,012,+56.5977787,+23.6906057,31.570,0.00,+0.00,+0.000,122.339,+0.090,-0.040,0.098,0.000,+0.870,1,12.591,122.339,4
12.600,012,+56.5977734,+23.6906163,32.010,0.00,+0.00,+0.000,123.222,+0.150,-0.020,0.151,0.000,+1.470,1,12.691,123.222,4
12.700,012,+56.5977679,+23.6906272,32.670,0.00,+0.00,+0.000,124.120,+0.210,-0.020,0.211,0.000,+2.070,1,12.791,124.120,4
12.800,012,+56.5977624,+23.6906383,33.490,0.00,+0.00,+0.000,125.039,+0.220,+0.000,0.220,0.000,+2.190,1,12.891,125.039,4
12.900,012,+56.5977567,+23.6906497,34.150,0.00,+0.00,+0.000,125.979,+0.160,+0.000,0.160,0.000,+1.590,1,12.991,125.979,4
13.000,012,+56.5977509,+23.6906612,34.590,0.00,+0.00,+0.000,126.933,+0.100,+0.000,0.100,0.000,+0.990,1,13.091,126.933,4
13.100,012,+56.5977451,+23.6906729,34.820,0.00,+0.00,+0.000,127.897,+0.040,-0.040,0.057,0.000,+0.390,1,13.191,127.897,4
13.200,012,+56.5977393,+23.6906845,34.830,0.00,+0.00,+0.000,128.865,-0.020,-0.110,0.112,0.020,-0.210,1,13.291,128.865,4
13.300,012,+56.5977335,+23.6906962,34.680,0.00,+0.00,+0.000,129.830,-0.050,-0.110,0.121,0.050,-0.500,1,13.391,129.830,4
13.400,012,+56.5977277,+23.6907079,34.530,0.00,+0.00,+0.000,130.792,-0.040,-0.190,0.194,0.040,-0.380,1,13.491,130.792,4
13.500,012,+56.5977222,+23.6907198,34.410,0.00,+0.00,+0.000,131.749,-0.030,-0.260,0.262,0.030,-0.270,1,13.591,131.749,4
13.600,012,+56.5977169,+23.6907320,34.320,0.00,+0.00,+0.000,132.704,-0.020,-0.330,0.331,0.020,-0.180,1,13.691,132.704,4
13.700,012,+56.5977119,+23.6907446,34.380,0.00,+0.00,+0.000,133.658,+0.040,-0.380,0.382,0.000,+0.420,1,13.791,133.658,4
13.800,012,+56.5977071,+23.6907576,34.670,0.00,+0.00,+0.000,134.617,+0.100,-0.380,0.393,0.000,+1.020,1,13.891,134.617,4
13.900,012,+56.5977026,+23.6907711,35.160,0.00,+0.00,+0.000,135.587,+0.170,-0.400,0.435,0.000,+1.620,1,13.991,135.587,4
14.000,012,+56.5976982,+23.6907851,35.880,0.00,+0.00,+0.000,136.573,+0.230,-0.410,0.470,0.000,+2.220,1,14.091,136.573,4
14.100,012,+56.5976941,+23.6907998,36.810,0.00,+0.00,+0.000,137.583,+0.290,-0.430,0.519,0.000,+2.820,1,14.191,137.583,4
14.200,012,+56.5976903,+23.6908153,37.930,0.00,+0.00,+0.000,138.621,+0.320,-0.460,0.560,0.000,+3.180,1,14.291,138.621,4
14.300,012,+56.5976867,+23.6908315,38.950,0.00,+0.00,+0.000,139.689,+0.260,-0.450,0.520,0.000,+2.580,1,14.391,139.689,4
14.400,012,+56.5976835,+23.6908483,39.750,0.00,+0.00,+0.000,140.782,+0.200,-0.470,0.511,0.000,+1.980,1,14.491,140.782,4
14.500,012,+56.5976805,+23.6908657,40.330,0.00,+0.00,+0.000,141.894,+0.140,-0.410,0.433,0.000,+1.380,1,14.591,141.894,4
14.600,012,+56.5976779,+23.6908834,40.700,0.00,+0.00,+0.000,143.019,+0.080,-0.340,0.349,0.000,+0.780,1,14.691,143.019,4
14.700,012,+56.5976755,+23.6909013,40.850,0.00,+0.00,+0.000,144.152,+0.020,-0.280,0.281,0.000,+0.180,1,14.791,144.152,4
14.800,012,+56.5976733,+23.6909193,40.790,0.00,+0.00,+0.000,145.286,-0.040,-0.210,0.214,0.040,-0.420,1,14.891,145.286,4
14.900,012,+56.5976712,+23.6909373,40.510,0.00,+0.00,+0.000,146.415,-0.100,-0.170,0.197,0.100,-1.020,1,14.991,146.415,4
15.000,012,+56.5976692,+23.6909552,40.010,0.00,+0.00,+0.000,147.533,-0.160,-0.170,0.233,0.160,-1.620,1,15.091,147.533,4
15.100,012,+56.5976674,+23.6909728,39.420,0.00,+0.00,+0.000,148.637,-0.180,-0.160,0.241,0.180,-1.740,1,15.191,148.637,4
15.200,012,+56.5976658,+23.6909902,38.670,0.00,+0.00,+0.000,149.721,-0.240,-0.160,0.288,0.240,-2.340,1,15.291,149.721,4
15.300,012,+56.5976644,+23.6910072,37.730,0.00,+0.00,+0.000,150.782,-0.280,-0.150,0.318,0.280,-2.700,1,15.391,150.782,4
15.400,012,+56.5976631,+23.6910239,36.730,0.00,+0.00,+0.000,151.817,-0.290,-0.110,0.310,0.290,-2.820,1,15.491,151.817,4
15.500,012,+56.5976620,+23.6910400,35.590,0.00,+0.00,+0.000,152.821,-0.350,-0.120,0.370,0.350,-3.420,1,15.591,152.821,4
15.600,012,+56.5976610,+23.6910557,34.240,0.00,+0.00,+0.000,153.791,-0.400,-0.090,0.410,0.400,-3.950,1,15.691,153.791,4
15.700,012,+56.5976601,+23.6910707,32.850,0.00,+0.00,+0.000,154.723,-0.370,-0.060,0.375,0.370,-3.660,1,15.791,154.723,4
15.800,012,+56.5976594,+23.6910852,31.660,0.00,+0.00,+0.000,155.619,-0.310,-0.030,0.311,0.310,-3.060,1,15.891,155.619,4
15.900,012,+56.5976586,+23.6910992,30.690,0.00,+0.00,+0.000,156.485,-0.250,-0.030,0.252,0.250,-2.460,1,15.991,156.485,4
16.000,012,+56.5976579,+23.6911128,29.930,0.00,+0.00,+0.000,157.327,-0.190,-0.010,0.190,0.190,-1.860,1,16.091,157.327,4
16.100,012,+56.5976572,+23.6911261,29.300,0.00,+0.00,+0.000,158.149,-0.170,+0.000,0.170,0.170,-1.710,1,16.191,158.149,4
16.200,012,+56.5976565,+23.6911391,28.750,0.00,+0.00,+0.000,158.955,-0.140,+0.000,0.140,0.140,-1.410,1,16.291,158.955,4
16.300,012,+56.5976558,+23.6911519,28.380,0.00,+0.00,+0.000,159.749,-0.080,+0.000,0.080,0.080,-0.810,1,16.391,159.749,4
16.400,012,+56.5976552,+23.6911647,28.220,0.00,+0.00,+0.000,160.535,-0.020,+0.000,0.020,0.020,-0.210,1,16.491,160.535,4
16.500,012,+56.5976545,+23.6911774,28.270,0.00,+0.00,+0.000,161.320,+0.040,+0.000,0.040,0.000,+0.390,1,16.591,161.320,4
16.600,012,+56.5976538,+23.6911902,28.540,0.00,+0.00,+0.000,162.109,+0.100,+0.000,0.100,0.000,+0.990,1,16.691,162.109,4
16.700,012,+56.5976531,+23.6912031,29.030,0.00,+0.00,+0.000,162.908,+0.160,+0.000,0.160,0.000,+1.590,1,16.791,162.908,4
16.800,012,+56.5976524,+23.6912164,29.680,0.00,+0.00,+0.000,163.724,+0.170,+0.000,0.170,0.000,+1.710,1,16.891,163.724,4
16.900,012,+56.5976517,+23.6912299,30.170,0.00,+0.00,+0.000,164.555,+0.110,+0.000,0.110,0.000,+1.110,1,16.991,164.555,4
17.000,012,+56.5976510,+23.6912436,30.440,0.00,+0.00,+0.000,165.397,+0.050,+0.000,0.050,0.000,+0.510,1,17.091,165.397,4
17.100,012,+56.5976503,+23.6912573,30.490,0.00,+0.00,+0.000,166.243,-0.010,+0.000,0.010,0.010,-0.090,1,17.191,166.243,4
17.200,012,+56.5976496,+23.6912710,30.330,0.00,+0.00,+0.000,167.088,-0.070,+0.000,0.070,0.070,-0.690,1,17.291,167.088,4
17.300,012,+56.5976489,+23.6912846,30.040,0.00,+0.00,+0.000,167.926,-0.070,+0.000,0.070,0.070,-0.690,1,17.391,167.926,4
17.400,012,+56.5976481,+23.6912980,29.920,0.00,+0.00,+0.000,168.759,-0.010,+0.000,0.010,0.010,-0.090,1,17.491,168.759,4
17.500,012,+56.5976474,+23.6913115,29.800,0.00,+0.00,+0.000,169.588,-0.040,+0.000,0.040,0.040,-0.370,1,17.591,169.588,4
17.600,012,+56.5976467,+23.6913249,29.610,0.00,+0.00,+0.000,170.413,-0.050,+0.000,0.050,0.050,-0.490,1,17.691,170.413,4
17.700,012,+56.5976460,+23.6913381,29.370,0.00,+0.00,+0.000,171.233,-0.070,+0.000,0.070,0.070,-0.690,1,17.791,171.233,4
17.800,012,+56.5976453,+23.6913513,29.250,0.00,+0.00,+0.000,172.047,-0.010,+0.000,0.010,0.010,-0.100,1,17.891,172.047,4
17.900,012,+56.5976446,+23.6913645,29.340,0.00,+0.00,+0.000,172.861,+0.050,+0.000,0.050,0.000,+0.500,1,17.991,172.861,4
18.000,012,+56.5976440,+23.6913778,29.650,0.00,+0.00,+0.000,173.680,+0.110,+0.000,0.110,0.000,+1.100,1,18.091,173.680,4
18.100,012,+56.5976432,+23.6913913,30.180,0.00,+0.00,+0.000,174.511,+0.170,+0.000,0.170,0.000,+1.700,1,18.191,174.511,4
18.200,012,+56.5976425,+23.6914051,30.920,0.00,+0.00,+0.000,175.359,+0.230,-0.040,0.233,0.000,+2.300,1,18.291,175.359,4
18.300,012,+56.5976418,+23.6914192,31.860,0.00,+0.00,+0.000,176.231,+0.270,-0.120,0.295,0.000,+2.660,1,18.391,176.231,4
18.400,012,+56.5976410,+23.6914338,32.690,0.00,+0.00,+0.000,177.128,+0.210,-0.310,0.374,0.000,+2.060,1,18.491,177.128,4
18.500,012,+56.5976402,+23.6914487,33.300,0.00,+0.00,+0.000,178.044,+0.150,-0.420,0.446,0.000,+1.460,1,18.591,178.044,4
18.600,012,+56.5976398,+23.6914638,33.700,0.00,+0.00,+0.000,178.975,+0.090,-0.620,0.626,0.000,+0.860,1,18.691,178.975,4
18.700,012,+56.5976401,+23.6914791,33.920,0.00,+0.00,+0.000,179.914,+0.050,-0.730,0.732,0.000,+0.500,1,18.791,179.914,4
18.800,012,+56.5976414,+23.6914943,34.160,0.00,+0.00,+0.000,180.860,+0.060,-0.930,0.932,0.000,+0.620,1,18.891,180.860,4
18.900,012,+56.5976435,+23.6915093,34.390,0.00,+0.00,+0.000,181.812,+0.080,-0.900,0.904,0.000,+0.740,1,18.991,181.812,4
19.000,012,+56.5976466,+23.6915239,34.720,0.00,+0.00,+0.000,182.772,+0.110,-0.550,0.561,0.000,+1.100,1,19.091,182.772,4
19.100,012,+56.5976506,+23.6915380,35.240,0.00,+0.00,+0.000,183.743,+0.170,-0.180,0.248,0.000,+1.700,1,19.191,183.743,4
19.200,012,+56.5976551,+23.6915519,35.810,0.00,+0.00,+0.000,184.730,+0.140,+0.120,0.184,0.000,+1.340,1,19.291,184.730,4
19.300,012,+56.5976590,+23.6915666,36.170,0.00,+0.00,+0.000,185.730,+0.080,+0.530,0.536,0.000,+0.740,1,19.391,185.730,4
19.400,012,+56.5976621,+23.6915820,36.300,0.00,+0.00,+0.000,186.736,+0.010,+0.800,0.800,0.000,+0.140,1,19.491,186.736,4
19.500,012,+56.5976641,+23.6915980,36.240,0.00,+0.00,+0.000,187.744,-0.020,+0.400,0.400,0.020,-0.220,1,19.591,187.744,4
19.600,012,+56.5976652,+23.6916142,36.240,0.00,+0.00,+0.000,188.751,-0.010,-0.280,0.280,0.010,-0.100,1,19.691,188.751,4
19.700,012,+56.5976655,+23.6916306,36.080,0.00,+0.00,+0.000,189.755,-0.070,-1.220,1.222,0.070,-0.700,1,19.791,189.755,4
19.800,012,+56.5976674,+23.6916464,35.700,0.00,+0.00,+0.000,190.752,-0.130,-1.780,1.785,0.130,-1.300,1,19.891,190.752,4
19.900,012,+56.5976719,+23.6916601,35.100,0.00,+0.00,+0.000,191.735,-0.190,-1.990,1.999,0.190,-1.900,1,19.991,191.735,4
20.000,012,+56.5976785,+23.6916700,34.290,0.00,+0.00,+0.000,192.699,-0.250,-1.980,1.996,0.250,-2.500,1,20.091,192.699,4
20.100,012,+56.5976862,+23.6916760,33.430,0.00,+0.00,+0.000,193.640,-0.220,-1.610,1.625,0.220,-2.140,1,20.191,193.640,4
20.200,012,+56.5976941,+23.6916801,32.790,0.00,+0.00,+0.000,194.559,-0.160,-1.170,1.181,0.160,-1.540,1,20.291,194.559,4
20.300,012,+56.5977020,+23.6916837,32.370,0.00,+0.00,+0.000,195.464,-0.100,-0.800,0.806,0.100,-0.940,1,20.391,195.464,4
20.400,012,+56.5977098,+23.6916868,32.160,0.00,+0.00,+0.000,196.361,-0.030,-0.460,0.461,0.030,-0.340,1,20.491,196.361,4
20.500,012,+56.5977177,+23.6916895,32.170,0.00,+0.00,+0.000,197.254,+0.030,-0.270,0.272,0.000,+0.260,1,20.591,197.254,4
20.600,012,+56.5977257,+23.6916916,32.390,0.00,+0.00,+0.000,198.151,+0.090,-0.310,0.323,0.000,+0.860,1,20.691,198.151,4
20.700,012,+56.5977338,+23.6916933,32.830,0.00,+0.00,+0.000,199.057,+0.150,-0.250,0.292,0.000,+1.460,1,20.791,199.057,4
20.800,012,+56.5977420,+23.6916946,33.230,0.00,+0.00,+0.000,199.974,+0.090,-0.220,0.238,0.000,+0.860,1,20.891,199.974,4
20.900,012,+56.5977503,+23.6916953,33.410,0.00,+0.00,+0.000,200.900,+0.030,-0.150,0.153,0.000,+0.260,1,20.991,200.900,4
21.000,012,+56.5977586,+23.6916959,33.370,0.00,+0.00,+0.000,201.827,-0.030,-0.120,0.124,0.030,-0.340,1,21.091,201.827,4
21.100,012,+56.5977670,+23.6916964,33.330,0.00,+0.00,+0.000,202.753,+0.000,-0.050,0.050,0.000,+0.020,1,21.191,202.753,4
21.200,012,+56.5977753,+23.6916969,33.470,0.00,+0.00,+0.000,203.681,+0.060,-0.020,0.063,0.000,+0.620,1,21.291,203.681,4
21.300,012,+56.5977837,+23.6916974,33.820,0.00,+0.00,+0.000,204.616,+0.120,+0.000,0.120,0.000,+1.220,1,21.391,204.616,4
21.400,012,+56.5977922,+23.6916980,34.390,0.00,+0.00,+0.000,205.563,+0.190,+0.000,0.190,0.000,+1.820,1,21.491,205.563,4
21.500,012,+56.5978009,+23.6916985,35.160,0.00,+0.00,+0.000,206.529,+0.220,+0.000,0.220,0.000,+2.180,1,21.591,206.529,4
21.600,012,+56.5978098,+23.6916991,35.870,0.00,+0.00,+0.000,207.516,+0.190,+0.000,0.190,0.000,+1.820,1,21.691,207.516,4
21.700,012,+56.5978188,+23.6916996,36.570,0.00,+0.00,+0.000,208.522,+0.200,+0.000,0.200,0.000,+1.940,1,21.791,208.522,4
21.800,012,+56.5978280,+23.6917002,37.140,0.00,+0.00,+0.000,209.546,+0.140,+0.000,0.140,0.000,+1.340,1,21.891,209.546,4
21.900,012,+56.5978373,+23.6917008,37.540,0.00,+0.00,+0.000,210.583,+0.100,+0.000,0.100,0.000,+0.980,1,21.991,210.583,4
22.000,012,+56.5978467,+23.6917014,37.760,0.00,+0.00,+0.000,211.629,+0.040,+0.000,0.040,0.000,+0.380,1,22.091,211.629,4
22.100,012,+56.5978562,+23.6917020,37.770,0.00,+0.00,+0.000,212.678,-0.020,+0.000,0.020,0.020,-0.220,1,22.191,212.678,4
22.200,012,+56.5978655,+23.6917025,37.560,0.00,+0.00,+0.000,213.724,-0.080,+0.000,0.080,0.080,-0.820,1,22.291,213.724,4
22.300,012,+56.5978749,+23.6917031,37.140,0.00,+0.00,+0.000,214.761,-0.140,+0.000,0.140,0.140,-1.420,1,22.391,214.761,4
22.400,012,+56.5978840,+23.6917037,36.500,0.00,+0.00,+0.000,215.784,-0.210,+0.000,0.210,0.210,-2.020,1,22.491,215.784,4
22.500,012,+56.5978930,+23.6917043,35.640,0.00,+0.00,+0.000,216.786,-0.270,+0.000,0.270,0.270,-2.620,1,22.591,216.786,4
22.600,012,+56.5979017,+23.6917048,34.570,0.00,+0.00,+0.000,217.761,-0.330,+0.000,0.330,0.330,-3.220,1,22.691,217.761,4
22.700,012,+56.5979102,+23.6917053,33.280,0.00,+0.00,+0.000,218.704,-0.390,+0.000,0.390,0.390,-3.820,1,22.791,218.704,4
22.800,012,+56.5979183,+23.6917058,31.880,0.00,+0.00,+0.000,219.609,-0.380,+0.000,0.380,0.380,-3.700,1,22.891,219.609,4
22.900,012,+56.5979260,+23.6917063,30.680,0.00,+0.00,+0.000,220.477,-0.320,+0.000,0.320,0.320,-3.100,1,22.991,220.477,4
23.000,012,+56.5979335,+23.6917068,29.700,0.00,+0.00,+0.000,221.316,-0.250,+0.000,0.250,0.250,-2.500,1,23.091,221.316,4
23.100,012,+56.5979408,+23.6917072,28.930,0.00,+0.00,+0.000,222.130,-0.190,+0.000,0.190,0.190,-1.900,1,23.191,222.130,4
23.200,012,+56.5979479,+23.6917077,28.370,0.00,+0.00,+0.000,222.926,-0.130,+0.000,0.130,0.130,-1.300,1,23.291,222.926,4
23.300,012,+56.5979550,+23.6917081,28.040,0.00,+0.00,+0.000,223.710,-0.070,+0.000,0.070,0.070,-0.700,1,23.391,223.710,4
23.400,012,+56.5979619,+23.6917086,27.910,0.00,+0.00,+0.000,224.487,-0.010,+0.000,0.010,0.010,-0.100,1,23.491,224.487,4
23.500,012,+56.5979689,+23.6917090,28.010,0.00,+0.00,+0.000,225.263,+0.050,+0.000,0.050,0.000,+0.500,1,23.591,225.263,4
23.600,012,+56.5979759,+23.6917094,28.320,0.00,+0.00,+0.000,226.046,+0.110,+0.000,0.110,0.000,+1.100,1,23.691,226.046,4
23.700,012,+56.5979831,+23.6917099,28.850,0.00,+0.00,+0.000,226.840,+0.170,+0.000,0.170,0.000,+1.700,1,23.791,226.840,4
23.800,012,+56.5979903,+23.6917103,29.420,0.00,+0.00,+0.000,227.649,+0.140,+0.000,0.140,0.000,+1.340,1,23.891,227.649,4
23.900,012,+56.5979977,+23.6917108,29.770,0.00,+0.00,+0.000,228.471,+0.080,+0.000,0.080,0.000,+0.740,1,23.991,228.471,4
24.000,012,+56.5980052,+23.6917113,29.910,0.00,+0.00,+0.000,229.300,+0.010,+0.000,0.010,0.000,+0.140,1,24.091,229.300,4
24.100,012,+56.5980126,+23.6917117,29.830,0.00,+0.00,+0.000,230.130,-0.050,+0.000,0.050,0.050,-0.460,1,24.191,230.130,4
24.200,012,+56.5980200,+23.6917122,29.650,0.00,+0.00,+0.000,230.956,-0.030,+0.000,0.030,0.030,-0.340,1,24.291,230.956,4
24.300,012,+56.5980274,+23.6917127,29.580,0.00,+0.00,+0.000,231.779,+0.000,+0.000,0.000,0.000,+0.020,1,24.391,231.779,4
24.400,012,+56.5980348,+23.6917131,29.710,0.00,+0.00,+0.000,232.602,+0.060,+0.000,0.060,0.000,+0.620,1,24.491,232.602,4
24.500,012,+56.5980423,+23.6917136,30.020,0.00,+0.00,+0.000,233.432,+0.080,+0.000,0.080,0.000,+0.740,1,24.591,233.432,4
24.600,012,+56.5980498,+23.6917141,30.340,0.00,+0.00,+0.000,234.270,+0.110,+0.000,0.110,0.000,+1.100,1,24.691,234.270,4
24.700,012,+56.5980574,+23.6917145,30.870,0.00,+0.00,+0.000,235.120,+0.170,+0.000,0.170,0.000,+1.700,1,24.791,235.120,4
24.800,012,+56.5980652,+23.6917150,31.610,0.00,+0.00,+0.000,235.988,+0.230,+0.000,0.230,0.000,+2.300,1,24.891,235.988,4
24.900,012,+56.5980733,+23.6917155,32.570,0.00,+0.00,+0.000,236.879,+0.300,+0.000,0.300,0.000,+2.900,1,24.991,236.879,4
25.000,012,+56.5980816,+23.6917160,33.740,0.00,+0.00,+0.000,237.800,+0.360,+0.000,0.360,0.000,+3.500,1,25.091,237.800,4
25.100,012,+56.5980902,+23.6917166,35.030,0.00,+0.00,+0.000,238.755,+0.340,+0.000,0.340,0.000,+3.380,1,25.191,238.755,4
25.200,012,+56.5980991,+23.6917171,36.120,0.00,+0.00,+0.000,239.744,+0.280,+0.000,0.280,0.000,+2.780,1,25.291,239.744,4
25.300,012,+56.5981082,+23.6917177,36.990,0.00,+0.00,+0.000,240.759,+0.220,+0.000,0.220,0.000,+2.180,1,25.391,240.759,4
25.400,012,+56.5981175,+23.6917183,37.650,0.00,+0.00,+0.000,241.796,+0.160,-0.150,0.219,0.000,+1.580,1,25.491,241.796,4
25.500,012,+56.5981270,+23.6917189,38.160,0.00,+0.00,+0.000,242.849,+0.120,-0.250,0.277,0.000,+1.220,1,25.591,242.849,4
25.600,012,+56.5981366,+23.6917193,38.550,0.00,+0.00,+0.000,243.914,+0.090,-0.470,0.479,0.000,+0.860,1,25.691,243.914,4
25.700,012,+56.5981462,+23.6917189,38.730,0.00,+0.00,+0.000,244.987,+0.030,-0.690,0.691,0.000,+0.260,1,25.791,244.987,4
25.800,012,+56.5981558,+23.6917168,38.700,0.00,+0.00,+0.000,246.063,-0.030,-0.800,0.801,0.030,-0.340,1,25.891,246.063,4
25.900,012,+56.5981653,+23.6917134,38.450,0.00,+0.00,+0.000,247.134,-0.100,-0.940,0.945,0.100,-0.940,1,25.991,247.134,4
26.000,012,+56.5981744,+23.6917085,38.050,0.00,+0.00,+0.000,248.197,-0.120,-0.770,0.779,0.120,-1.190,1,26.091,248.197,4
26.100,012,+56.5981832,+23.6917023,37.570,0.00,+0.00,+0.000,249.247,-0.130,-0.680,0.692,0.130,-1.310,1,26.191,249.247,4
26.200,012,+56.5981916,+23.6916950,37.150,0.00,+0.00,+0.000,250.285,-0.130,-0.590,0.604,0.130,-1.270,1,26.291,250.285,4
26.300,012,+56.5981996,+23.6916870,36.560,0.00,+0.00,+0.000,251.309,-0.190,-0.650,0.677,0.190,-1.870,1,26.391,251.309,4
26.400,012,+56.5982074,+23.6916789,35.810,0.00,+0.00,+0.000,252.314,-0.210,-0.550,0.589,0.210,-2.110,1,26.491,252.314,4
26.500,012,+56.5982148,+23.6916701,35.120,0.00,+0.00,+0.000,253.299,-0.180,-0.550,0.579,0.180,-1.780,1,26.591,253.299,4
26.600,012,+56.5982217,+23.6916606,34.520,0.00,+0.00,+0.000,254.266,-0.160,-0.490,0.515,0.160,-1.530,1,26.691,254.266,4
26.700,012,+56.5982281,+23.6916503,34.000,0.00,+0.00,+0.000,255.218,-0.130,-0.300,0.327,0.130,-1.290,1,26.791,255.218,4
26.800,012,+56.5982340,+23.6916395,33.510,0.00,+0.00,+0.000,256.155,-0.140,-0.050,0.149,0.140,-1.410,1,26.891,256.155,4
26.900,012,+56.5982396,+23.6916284,33.020,0.00,+0.00,+0.000,257.079,-0.140,+0.140,0.198,0.140,-1.330,1,26.991,257.079,4
27.000,012,+56.5982455,+23.6916181,32.650,0.00,+0.00,+0.000,257.992,-0.080,+0.350,0.359,0.080,-0.820,1,27.091,257.992,4
27.100,012,+56.5982518,+23.6916088,32.480,0.00,+0.00,+0.000,258.896,-0.020,+0.500,0.500,0.020,-0.220,1,27.191,258.896,4
27.200,012,+56.5982585,+23.6916006,32.530,0.00,+0.00,+0.000,259.799,+0.040,+0.670,0.671,0.000,+0.380,1,27.291,259.799,4
27.300,012,+56.5982656,+23.6915934,32.800,0.00,+0.00,+0.000,260.706,+0.100,+0.710,0.717,0.000,+0.980,1,27.391,260.706,4
27.400,012,+56.5982730,+23.6915869,33.280,0.00,+0.00,+0.000,261.624,+0.160,+0.610,0.631,0.000,+1.580,1,27.491,261.624,4
27.500,012,+56.5982808,+23.6915811,33.980,0.00,+0.00,+0.000,262.558,+0.220,+0.550,0.592,0.000,+2.180,1,27.591,262.558,4
27.600,012,+56.5982890,+23.6915762,34.890,0.00,+0.00,+0.000,263.515,+0.280,+0.590,0.653,0.000,+2.780,1,27.691,263.515,4
27.700,012,+56.5982975,+23.6915719,36.020,0.00,+0.00,+0.000,264.500,+0.340,+0.930,0.990,0.000,+3.380,1,27.791,264.500,4
27.800,012,+56.5983064,+23.6915676,37.110,0.00,+0.00,+0.000,265.515,+0.280,+1.300,1.330,0.000,+2.780,1,27.891,265.515,4
27.900,012,+56.5983156,+23.6915650,37.980,0.00,+0.00,+0.000,266.558,+0.220,+1.670,1.684,0.000,+2.180,1,27.991,266.558,4
28.000,012,+56.5983252,+23.6915658,38.630,0.00,+0.00,+0.000,267.622,+0.160,+1.880,1.887,0.000,+1.580,1,28.091,267.622,4
28.100,012,+56.5983345,+23.6915707,39.070,0.00,+0.00,+0.000,268.702,+0.100,+2.120,2.122,0.000,+0.980,1,28.191,268.702,4
28.200,012,+56.5983430,+23.6915796,39.290,0.00,+0.00,+0.000,269.790,+0.040,+1.690,1.690,0.000,+0.380,1,28.291,269.790,4
28.300,012,+56.5983503,+23.6915914,39.300,0.00,+0.00,+0.000,270.881,-0.020,+1.140,1.140,0.020,-0.220,1,28.391,270.881,4
28.400,012,+56.5983569,+23.6916044,39.090,0.00,+0.00,+0.000,271.970,-0.080,+0.580,0.585,0.080,-0.820,1,28.491,271.970,4
28.500,012,+56.5983635,+23.6916173,38.670,0.00,+0.00,+0.000,273.050,-0.140,+0.060,0.152,0.140,-1.420,1,28.591,273.050,4
28.600,012,+56.5983702,+23.6916297,38.020,0.00,+0.00,+0.000,274.115,-0.210,-0.190,0.283,0.210,-2.020,1,28.691,274.115,4
28.700,012,+56.5983770,+23.6916414,37.340,0.00,+0.00,+0.000,275.162,-0.170,-0.390,0.425,0.170,-1.660,1,28.791,275.162,4
28.800,012,+56.5983839,+23.6916524,36.840,0.00,+0.00,+0.000,276.192,-0.130,-0.410,0.430,0.130,-1.300,1,28.891,276.192,4
28.900,012,+56.5983910,+23.6916628,36.310,0.00,+0.00,+0.000,277.208,-0.170,-0.400,0.435,0.170,-1.660,1,28.991,277.208,4
29.000,012,+56.5983982,+23.6916725,35.610,0.00,+0.00,+0.000,278.207,-0.200,-0.390,0.438,0.200,-1.960,1,29.091,278.207,4
29.100,012,+56.5984054,+23.6916816,34.840,0.00,+0.00,+0.000,279.186,-0.240,-0.340,0.416,0.240,-2.320,1,29.191,279.186,4
29.200,012,+56.5984126,+23.6916900,33.960,0.00,+0.00,+0.000,280.141,-0.270,-0.300,0.404,0.270,-2.680,1,29.291,280.141,4
29.300,012,+56.5984197,+23.6916977,32.960,0.00,+0.00,+0.000,281.071,-0.270,-0.280,0.389,0.270,-2.660,1,29.391,281.071,4
29.400,012,+56.5984268,+23.6917049,32.130,0.00,+0.00,+0.000,281.975,-0.210,-0.260,0.334,0.210,-2.060,1,29.491,281.975,4
29.500,012,+56.5984337,+23.6917119,31.510,0.00,+0.00,+0.000,282.858,-0.150,-0.250,0.292,0.150,-1.460,1,29.591,282.858,4
29.600,012,+56.5984406,+23.6917185,31.120,0.00,+0.00,+0.000,283.728,-0.090,-0.200,0.219,0.090,-0.860,1,29.691,283.728,4
29.700,012,+56.5984475,+23.6917247,30.940,0.00,+0.00,+0.000,284.590,-0.030,-0.200,0.202,0.030,-0.260,1,29.791,284.590,4
29.800,012,+56.5984546,+23.6917306,30.970,0.00,+0.00,+0.000,285.450,+0.030,-0.220,0.222,0.000,+0.340,1,29.891,285.450,4
29.900,012,+56.5984617,+23.6917360,31.220,0.00,+0.00,+0.000,286.314,+0.100,-0.250,0.269,0.000,+0.940,1,29.991,286.314,4
30.000,012,+56.5984690,+23.6917412,31.670,0.00,+0.00,+0.000,287.187,+0.130,-0.260,0.291,0.000,+1.300,1,30.091,287.187,4
30.100,012,+56.5984765,+23.6917460,32.010,0.00,+0.00,+0.000,288.072,+0.070,-0.260,0.269,0.000,+0.700,1,30.191,288.072,4
30.200,012,+56.5984842,+23.6917504,32.130,0.00,+0.00,+0.000,288.963,+0.010,-0.260,0.260,0.000,+0.100,1,30.291,288.963,4
30.300,012,+56.5984918,+23.6917544,32.030,0.00,+0.00,+0.000,289.854,-0.050,-0.240,0.245,0.050,-0.500,1,30.391,289.854,4
30.400,012,+56.5984996,+23.6917579,31.720,0.00,+0.00,+0.000,290.739,-0.110,-0.190,0.220,0.110,-1.100,1,30.491,290.739,4
30.500,012,+56.5985072,+23.6917610,31.360,0.00,+0.00,+0.000,291.615,-0.080,-0.270,0.282,0.080,-0.770,1,30.591,291.615,4
30.600,012,+56.5985149,+23.6917637,31.220,0.00,+0.00,+0.000,292.484,-0.020,-0.290,0.291,0.020,-0.170,1,30.691,292.484,4
30.700,012,+56.5985225,+23.6917663,31.280,0.00,+0.00,+0.000,293.353,+0.040,-0.300,0.303,0.000,+0.430,1,30.791,293.353,4
30.800,012,+56.5985303,+23.6917687,31.570,0.00,+0.00,+0.000,294.225,+0.100,-0.390,0.403,0.000,+1.030,1,30.891,294.225,4
30.900,012,+56.5985382,+23.6917704,32.060,0.00,+0.00,+0.000,295.109,+0.170,-0.420,0.453,0.000,+1.630,1,30.991,295.109,4
31.000,012,+56.5985463,+23.6917711,32.780,0.00,+0.00,+0.000,296.010,+0.230,-0.540,0.587,0.000,+2.230,1,31.091,296.010,4
31.100,012,+56.5985546,+23.6917709,33.710,0.00,+0.00,+0.000,296.933,+0.290,-0.610,0.675,0.000,+2.830,1,31.191,296.933,4
31.200,012,+56.5985631,+23.6917696,34.820,0.00,+0.00,+0.000,297.885,+0.320,-0.610,0.689,0.000,+3.190,1,31.291,297.885,4
31.300,012,+56.5985719,+23.6917672,35.940,0.00,+0.00,+0.000,298.868,+0.340,-0.640,0.725,0.000,+3.310,1,31.391,298.868,4
31.400,012,+56.5985808,+23.6917635,37.260,0.00,+0.00,+0.000,299.884,+0.400,-0.810,0.903,0.000,+3.910,1,31.491,299.884,4
31.500,012,+56.5985900,+23.6917590,38.700,0.00,+0.00,+0.000,300.939,+0.390,-1.030,1.101,0.000,+3.790,1,31.591,300.939,4
31.600,012,+56.5985992,+23.6917530,39.930,0.00,+0.00,+0.000,302.032,+0.320,-1.150,1.194,0.000,+3.190,1,31.691,302.032,4
31.700,012,+56.5986082,+23.6917446,40.950,0.00,+0.00,+0.000,303.155,+0.260,-1.380,1.404,0.000,+2.590,1,31.791,303.155,4
31.800,012,+56.5986166,+23.6917336,41.750,0.00,+0.00,+0.000,304.303,+0.200,-1.440,1.454,0.000,+1.990,1,31.891,304.303,4
31.900,012,+56.5986241,+23.6917204,42.330,0.00,+0.00,+0.000,305.471,+0.140,-1.400,1.407,0.000,+1.390,1,31.991,305.471,4
32.000,012,+56.5986310,+23.6917056,42.700,0.00,+0.00,+0.000,306.652,+0.080,-1.130,1.133,0.000,+0.790,1,32.091,306.652,4
32.100,012,+56.5986373,+23.6916900,42.860,0.00,+0.00,+0.000,307.841,+0.020,-0.820,0.820,0.000,+0.190,1,32.191,307.841,4
32.200,012,+56.5986430,+23.6916737,42.790,0.00,+0.00,+0.000,309.030,-0.040,-0.590,0.591,0.040,-0.410,1,32.291,309.030,4
32.300,012,+56.5986481,+23.6916567,42.520,0.00,+0.00,+0.000,310.215,-0.100,-0.400,0.412,0.100,-1.010,1,32.391,310.215,4
32.400,012,+56.5986529,+23.6916397,42.110,0.00,+0.00,+0.000,311.390,-0.110,-0.210,0.237,0.110,-1.110,1,32.491,311.390,4
32.500,012,+56.5986577,+23.6916229,41.660,0.00,+0.00,+0.000,312.554,-0.150,-0.150,0.212,0.150,-1.500,1,32.591,312.554,4
32.600,012,+56.5986625,+23.6916064,40.990,0.00,+0.00,+0.000,313.702,-0.210,-0.200,0.290,0.210,-2.100,1,32.691,313.702,4
32.700,012,+56.5986670,+23.6915900,40.100,0.00,+0.00,+0.000,314.828,-0.280,-0.320,0.425,0.280,-2.700,1,32.791,314.828,4
32.800,012,+56.5986712,+23.6915738,39.000,0.00,+0.00,+0.000,315.927,-0.340,-0.420,0.540,0.340,-3.300,1,32.891,315.927,4
32.900,012,+56.5986748,+23.6915578,37.900,0.00,+0.00,+0.000,316.995,-0.290,-0.520,0.595,0.290,-2.840,1,32.991,316.995,4
33.000,012,+56.5986778,+23.6915419,36.870,0.00,+0.00,+0.000,318.033,-0.300,-0.440,0.533,0.300,-2.960,1,33.091,318.033,4
33.100,012,+56.5986804,+23.6915262,35.670,0.00,+0.00,+0.000,319.041,-0.360,-0.420,0.553,0.360,-3.560,1,33.191,319.041,4
33.200,012,+56.5986825,+23.6915108,34.520,0.00,+0.00,+0.000,320.016,-0.300,-0.490,0.575,0.300,-2.960,1,33.291,320.016,4
33.300,012,+56.5986841,+23.6914958,33.580,0.00,+0.00,+0.000,320.961,-0.240,-0.470,0.528,0.240,-2.360,1,33.391,320.961,4
33.400,012,+56.5986853,+23.6914809,32.860,0.00,+0.00,+0.000,321.884,-0.180,-0.360,0.402,0.180,-1.760,1,33.491,321.884,4
33.500,012,+56.5986861,+23.6914663,32.360,0.00,+0.00,+0.000,322.790,-0.120,-0.430,0.446,0.120,-1.160,1,33.591,322.790,4
33.600,012,+56.5986866,+23.6914518,32.070,0.00,+0.00,+0.000,323.685,-0.060,-0.420,0.424,0.060,-0.560,1,33.691,323.685,4
33.700,012,+56.5986866,+23.6914373,31.990,0.00,+0.00,+0.000,324.575,+0.000,-0.330,0.330,0.000,+0.040,1,33.791,324.575,4
33.800,012,+56.5986864,+23.6914228,31.960,0.00,+0.00,+0.000,325.463,-0.030,-0.290,0.292,0.030,-0.320,1,33.891,325.463,4
33.900,012,+56.5986859,+23.6914085,31.720,0.00,+0.00,+0.000,326.347,-0.090,-0.280,0.294,0.090,-0.920,1,33.991,326.347,4
34.000,012,+56.5986850,+23.6913943,31.320,0.00,+0.00,+0.000,327.223,-0.110,-0.190,0.220,0.110,-1.040,1,34.091,327.223,4
34.100,012,+56.5986840,+23.6913804,30.890,0.00,+0.00,+0.000,328.087,-0.110,-0.110,0.156,0.110,-1.110,1,34.191,328.087,4
34.200,012,+56.5986829,+23.6913666,30.600,0.00,+0.00,+0.000,328.941,-0.060,-0.110,0.125,0.060,-0.610,1,34.291,328.941,4
34.300,012,+56.5986819,+23.6913530,30.470,0.00,+0.00,+0.000,329.789,-0.020,-0.040,0.045,0.020,-0.210,1,34.391,329.789,4
34.400,012,+56.5986808,+23.6913393,30.470,0.00,+0.00,+0.000,330.635,+0.000,+0.000,0.000,0.000,+0.000,1,34.491,330.635,4
34.500,012,+56.5986798,+23.6913256,30.530,0.00,+0.00,+0.000,331.483,+0.010,+0.000,0.010,0.000,+0.120,1,34.591,331.483,4
34.600,012,+56.5986787,+23.6913119,30.650,0.00,+0.00,+0.000,332.332,+0.050,+0.000,0.050,0.000,+0.480,1,34.691,332.332,4
34.700,012,+56.5986777,+23.6912981,30.950,0.00,+0.00,+0.000,333.188,+0.110,+0.000,0.110,0.000,+1.080,1,34.791,333.188,4
34.800,012,+56.5986766,+23.6912841,31.470,0.00,+0.00,+0.000,334.055,+0.170,+0.000,0.170,0.000,+1.680,1,34.891,334.055,4
34.900,012,+56.5986755,+23.6912698,32.200,0.00,+0.00,+0.000,334.939,+0.230,+0.000,0.230,0.000,+2.280,1,34.991,334.939,4
35.000,012,+56.5986744,+23.6912552,33.150,0.00,+0.00,+0.000,335.847,+0.290,+0.000,0.290,0.000,+2.880,1,35.091,335.847,4
35.100,012,+56.5986732,+23.6912400,34.320,0.00,+0.00,+0.000,336.784,+0.350,+0.040,0.352,0.000,+3.480,1,35.191,336.784,4
35.200,012,+56.5986720,+23.6912243,35.700,0.00,+0.00,+0.000,337.756,+0.420,+0.140,0.443,0.000,+4.080,1,35.291,337.756,4
35.300,012,+56.5986707,+23.6912079,37.250,0.00,+0.00,+0.000,338.770,+0.430,+0.250,0.497,0.000,+4.200,1,35.391,338.770,4
35.400,012,+56.5986695,+23.6911908,38.630,0.00,+0.00,+0.000,339.823,+0.370,+0.500,0.622,0.000,+3.600,1,35.491,339.823,4
35.500,012,+56.5986689,+23.6911730,39.850,0.00,+0.00,+0.000,340.913,+0.330,+0.650,0.729,0.000,+3.240,1,35.591,340.913,4
35.600,012,+56.5986691,+23.6911547,40.880,0.00,+0.00,+0.000,342.035,+0.270,+0.930,0.968,0.000,+2.640,1,35.691,342.035,4
35.700,012,+56.5986703,+23.6911361,41.700,0.00,+0.00,+0.000,343.182,+0.210,+1.160,1.179,0.000,+2.040,1,35.791,343.182,4
35.800,012,+56.5986724,+23.6911175,42.310,0.00,+0.00,+0.000,344.348,+0.150,+1.080,1.090,0.000,+1.440,1,35.891,344.348,4
35.900,012,+56.5986755,+23.6910991,42.700,0.00,+0.00,+0.000,345.529,+0.090,+1.150,1.154,0.000,+0.840,1,35.991,345.529,4
36.000,012,+56.5986796,+23.6910812,42.870,0.00,+0.00,+0.000,346.718,+0.020,+1.190,1.190,0.000,+0.240,1,36.091,346.718,4
36.100,012,+56.5986846,+23.6910641,42.830,0.00,+0.00,+0.000,347.908,-0.040,+1.260,1.261,0.040,-0.360,1,36.191,347.908,4
36.200,012,+56.5986906,+23.6910481,42.570,0.00,+0.00,+0.000,349.094,-0.100,+1.450,1.453,0.100,-0.960,1,36.291,349.094,4
36.300,012,+56.5986975,+23.6910337,42.090,0.00,+0.00,+0.000,350.270,-0.160,+1.310,1.320,0.160,-1.560,1,36.391,350.270,4
36.400,012,+56.5987052,+23.6910211,41.430,0.00,+0.00,+0.000,351.430,-0.200,+1.190,1.207,0.200,-1.920,1,36.491,351.430,4
36.500,012,+56.5987135,+23.6910104,40.610,0.00,+0.00,+0.000,352.569,-0.260,+0.990,1.024,0.260,-2.520,1,36.591,352.569,4
36.600,012,+56.5987222,+23.6910015,39.580,0.00,+0.00,+0.000,353.683,-0.320,+0.640,0.716,0.320,-3.120,1,36.691,353.683,4
36.700,012,+56.5987309,+23.6909938,38.320,0.00,+0.00,+0.000,354.765,-0.380,+0.460,0.597,0.380,-3.720,1,36.791,354.765,4
36.800,012,+56.5987393,+23.6909864,36.850,0.00,+0.00,+0.000,355.809,-0.440,+0.180,0.475,0.440,-4.320,1,36.891,355.809,4
36.900,012,+56.5987474,+23.6909794,35.170,0.00,+0.00,+0.000,356.809,-0.500,+0.050,0.502,0.500,-4.920,1,36.991,356.809,4
37.000,012,+56.5987551,+23.6909726,33.420,0.00,+0.00,+0.000,357.762,-0.490,+0.000,0.490,0.490,-4.800,1,37.091,357.762,4
37.100,012,+56.5987623,+23.6909663,31.740,0.00,+0.00,+0.000,358.667,-0.450,+0.000,0.450,0.450,-4.440,1,37.191,358.667,4
37.200,012,+56.5987693,+23.6909602,30.270,0.00,+0.00,+0.000,359.528,-0.390,+0.000,0.390,0.390,-3.840,1,37.291,359.528,4
37.300,012,+56.5987759,+23.6909544,29.020,0.00,+0.00,+0.000,360.352,-0.330,+0.000,0.330,0.330,-3.240,1,37.391,360.352,4
37.400,012,+56.5987823,+23.6909488,27.980,0.00,+0.00,+0.000,361.143,-0.270,+0.000,0.270,0.270,-2.640,1,37.491,361.143,4
37.500,012,+56.5987884,+23.6909434,27.160,0.00,+0.00,+0.000,361.909,-0.210,+0.000,0.210,0.210,-2.040,1,37.591,361.909,4
37.600,012,+56.5987945,+23.6909382,26.550,0.00,+0.00,+0.000,362.655,-0.150,+0.000,0.150,0.150,-1.440,1,37.691,362.655,4
37.700,012,+56.5988004,+23.6909330,26.160,0.00,+0.00,+0.000,363.387,-0.090,+0.000,0.090,0.090,-0.840,1,37.791,363.387,4
37.800,012,+56.5988062,+23.6909279,25.940,0.00,+0.00,+0.000,364.111,-0.070,+0.000,0.070,0.070,-0.720,1,37.891,364.111,4
37.900,012,+56.5988120,+23.6909228,25.710,0.00,+0.00,+0.000,364.828,-0.090,+0.000,0.090,0.090,-0.840,1,37.991,364.828,4
38.000,012,+56.5988178,+23.6909178,25.420,0.00,+0.00,+0.000,365.538,-0.070,+0.000,0.070,0.070,-0.730,1,38.091,365.538,4
38.100,012,+56.5988234,+23.6909128,25.140,0.00,+0.00,+0.000,366.241,-0.070,+0.000,0.070,0.070,-0.710,1,38.191,366.241,4
38.200,012,+56.5988291,+23.6909079,24.940,0.00,+0.00,+0.000,366.936,-0.050,+0.000,0.050,0.050,-0.530,1,38.291,366.936,4
38.300,012,+56.5988347,+23.6909030,24.880,0.00,+0.00,+0.000,367.628,+0.010,+0.000,0.010,0.000,+0.070,1,38.391,367.628,4
38.400,012,+56.5988403,+23.6908981,25.040,0.00,+0.00,+0.000,368.321,+0.070,+0.000,0.070,0.000,+0.670,1,38.491,368.321,4
38.500,012,+56.5988459,+23.6908931,25.410,0.00,+0.00,+0.000,369.022,+0.130,+0.000,0.130,0.000,+1.270,1,38.591,369.022,4
38.600,012,+56.5988517,+23.6908881,25.860,0.00,+0.00,+0.000,369.734,+0.120,+0.000,0.120,0.000,+1.150,1,38.691,369.734,4
38.700,012,+56.5988576,+23.6908829,26.230,0.00,+0.00,+0.000,370.458,+0.110,+0.000,0.110,0.000,+1.030,1,38.791,370.458,4
38.800,012,+56.5988635,+23.6908778,26.520,0.00,+0.00,+0.000,371.190,+0.070,+0.000,0.070,0.000,+0.670,1,38.891,371.190,4
38.900,012,+56.5988695,+23.6908725,26.780,0.00,+0.00,+0.000,371.931,+0.080,+0.000,0.080,0.000,+0.790,1,38.991,371.931,4
39.000,012,+56.5988756,+23.6908672,27.190,0.00,+0.00,+0.000,372.680,+0.140,+0.000,0.140,0.000,+1.390,1,39.091,372.680,4
39.100,012,+56.5988818,+23.6908618,27.820,0.00,+0.00,+0.000,373.444,+0.200,+0.000,0.200,0.000,+1.990,1,39.191,373.444,4
39.200,012,+56.5988881,+23.6908562,28.670,0.00,+0.00,+0.000,374.229,+0.260,+0.000,0.260,0.000,+2.590,1,39.291,374.229,4
39.300,012,+56.5988947,+23.6908505,29.730,0.00,+0.00,+0.000,375.040,+0.330,+0.000,0.330,0.000,+3.190,1,39.391,375.040,4
39.400,012,+56.5989016,+23.6908445,31.010,0.00,+0.00,+0.000,375.883,+0.390,+0.000,0.390,0.000,+3.790,1,39.491,375.883,4
39.500,012,+56.5989087,+23.6908382,32.330,0.00,+0.00,+0.000,376.763,+0.350,+0.000,0.350,0.000,+3.430,1,39.591,376.763,4
39.600,012,+56.5989161,+23.6908317,33.440,0.00,+0.00,+0.000,377.677,+0.290,+0.000,0.290,0.000,+2.830,1,39.691,377.677,4
39.700,012,+56.5989238,+23.6908250,34.330,0.00,+0.00,+0.000,378.618,+0.230,+0.000,0.230,0.000,+2.230,1,39.791,378.618,4
39.800,012,+56.5989316,+23.6908182,35.020,0.00,+0.00,+0.000,379.581,+0.190,+0.000,0.190,0.000,+1.870,1,39.891,379.581,4
39.900,012,+56.5989395,+23.6908112,35.820,0.00,+0.00,+0.000,380.565,+0.250,+0.000,0.250,0.000,+2.470,1,39.991,380.565,4
40.000,012,+56.5989477,+23.6908041,36.670,0.00,+0.00,+0.000,381.572,+0.240,+0.000,0.240,0.000,+2.350,1,40.091,381.572,4
40.100,012,+56.5989561,+23.6907968,37.530,0.00,+0.00,+0.000,382.602,+0.250,+0.000,0.250,0.000,+2.470,1,40.191,382.602,4
40.200,012,+56.5989646,+23.6907893,38.370,0.00,+0.00,+0.000,383.657,+0.240,+0.000,0.240,0.000,+2.350,1,40.291,383.657,4
40.300,012,+56.5989733,+23.6907816,39.260,0.00,+0.00,+0.000,384.735,+0.280,+0.000,0.280,0.000,+2.710,1,40.391,384.735,4
40.400,012,+56.5989823,+23.6907738,40.200,0.00,+0.00,+0.000,385.838,+0.240,+0.000,0.240,0.000,+2.350,1,40.491,385.838,4
40.500,012,+56.5989914,+23.6907658,40.910,0.00,+0.00,+0.000,386.965,+0.180,+0.000,0.180,0.000,+1.750,1,40.591,386.965,4
40.600,012,+56.5990007,+23.6907577,41.420,0.00,+0.00,+0.000,388.108,+0.120,+0.000,0.120,0.000,+1.150,1,40.691,388.108,4
40.700,012,+56.5990100,+23.6907495,41.700,0.00,+0.00,+0.000,389.263,+0.060,+0.000,0.060,0.000,+0.550,1,40.791,389.263,4
40.800,012,+56.5990194,+23.6907413,41.770,0.00,+0.00,+0.000,390.422,+0.000,+0.000,0.000,0.000,-0.050,1,40.891,390.422,4
40.900,012,+56.5990288,+23.6907331,41.620,0.00,+0.00,+0.000,391.580,-0.070,+0.000,0.070,0.070,-0.650,1,40.991,391.580,4
41.000,012,+56.5990381,+23.6907250,41.260,0.00,+0.00,+0.000,392.731,-0.130,+0.000,0.130,0.130,-1.250,1,41.091,392.731,4
41.100,012,+56.5990473,+23.6907169,40.700,0.00,+0.00,+0.000,393.870,-0.170,+0.000,0.170,0.170,-1.640,1,41.191,393.870,4
41.200,012,+56.5990564,+23.6907090,40.140,0.00,+0.00,+0.000,394.993,-0.150,+0.000,0.150,0.150,-1.490,1,41.291,394.993,4
41.300,012,+56.5990653,+23.6907012,39.650,0.00,+0.00,+0.000,396.101,-0.130,+0.000,0.130,0.130,-1.230,1,41.391,396.101,4
41.400,012,+56.5990742,+23.6906934,39.280,0.00,+0.00,+0.000,397.197,-0.080,+0.000,0.080,0.080,-0.820,1,41.491,397.197,4
41.500,012,+56.5990830,+23.6906857,39.090,0.00,+0.00,+0.000,398.285,-0.050,+0.000,0.050,0.050,-0.460,1,41.591,398.285,4
41.600,012,+56.5990917,+23.6906781,38.880,0.00,+0.00,+0.000,399.368,-0.080,+0.040,0.089,0.080,-0.820,1,41.691,399.368,4
41.700,012,+56.5991004,+23.6906705,38.460,0.00,+0.00,+0.000,400.443,-0.150,+0.220,0.266,0.150,-1.420,1,41.791,400.443,4
41.800,012,+56.5991090,+23.6906630,37.810,0.00,+0.00,+0.000,401.502,-0.210,+0.290,0.358,0.210,-2.020,1,41.891,401.502,4
41.900,012,+56.5991174,+23.6906558,37.080,0.00,+0.00,+0.000,402.542,-0.190,+0.450,0.488,0.190,-1.900,1,41.991,402.542,4
42.000,012,+56.5991260,+23.6906498,36.490,0.00,+0.00,+0.000,403.564,-0.160,+0.590,0.611,0.160,-1.540,1,42.091,403.564,4
42.100,012,+56.5991346,+23.6906451,35.980,0.00,+0.00,+0.000,404.570,-0.150,+0.650,0.667,0.150,-1.420,1,42.191,404.570,4
42.200,012,+56.5991433,+23.6906415,35.600,0.00,+0.00,+0.000,405.564,-0.080,+0.750,0.754,0.080,-0.820,1,42.291,405.564,4
42.300,012,+56.5991521,+23.6906393,35.410,0.00,+0.00,+0.000,406.551,-0.050,+0.760,0.762,0.050,-0.460,1,42.391,406.551,4
42.400,012,+56.5991608,+23.6906381,35.180,0.00,+0.00,+0.000,407.531,-0.080,+0.760,0.764,0.080,-0.830,1,42.491,407.531,4
42.500,012,+56.5991696,+23.6906381,34.860,0.00,+0.00,+0.000,408.504,-0.100,+0.760,0.767,0.100,-0.950,1,42.591,408.504,4
42.600,012,+56.5991782,+23.6906393,34.380,0.00,+0.00,+0.000,409.466,-0.160,+0.760,0.777,0.160,-1.550,1,42.691,409.466,4
42.700,012,+56.5991866,+23.6906417,33.700,0.00,+0.00,+0.000,410.411,-0.220,+0.740,0.772,0.220,-2.150,1,42.791,410.411,4
42.800,012,+56.5991946,+23.6906452,32.960,0.00,+0.00,+0.000,411.337,-0.180,+0.680,0.703,0.180,-1.790,1,42.891,411.337,4
42.900,012,+56.5992024,+23.6906498,32.450,0.00,+0.00,+0.000,412.245,-0.120,+0.660,0.671,0.120,-1.190,1,42.991,412.245,4
43.000,012,+56.5992098,+23.6906554,32.070,0.00,+0.00,+0.000,413.142,-0.110,+0.780,0.788,0.110,-1.030,1,43.091,413.142,4
43.100,012,+56.5992169,+23.6906618,31.690,0.00,+0.00,+0.000,414.027,-0.110,+0.840,0.847,0.110,-1.060,1,43.191,414.027,4
43.200,012,+56.5992237,+23.6906688,31.300,0.00,+0.00,+0.000,414.902,-0.130,+0.830,0.840,0.130,-1.240,1,43.291,414.902,4
43.300,012,+56.5992300,+23.6906768,30.720,0.00,+0.00,+0.000,415.763,-0.190,+1.030,1.047,0.190,-1.840,1,43.391,415.763,4
43.400,012,+56.5992356,+23.6906861,29.930,0.00,+0.00,+0.000,416.606,-0.250,+1.050,1.079,0.250,-2.440,1,43.491,416.606,4
43.500,012,+56.5992401,+23.6906965,28.920,0.00,+0.00,+0.000,417.423,-0.310,+1.010,1.057,0.310,-3.040,1,43.591,417.423,4
43.600,012,+56.5992436,+23.6907076,27.700,0.00,+0.00,+0.000,418.209,-0.370,+1.030,1.094,0.370,-3.640,1,43.691,418.209,4
43.700,012,+56.5992461,+23.6907189,26.510,0.00,+0.00,+0.000,418.962,-0.310,+0.850,0.905,0.310,-3.040,1,43.791,418.962,4
43.800,012,+56.5992477,+23.6907303,25.550,0.00,+0.00,+0.000,419.685,-0.250,+0.610,0.659,0.250,-2.440,1,43.891,419.685,4
43.900,012,+56.5992484,+23.6907415,24.800,0.00,+0.00,+0.000,420.385,-0.190,+0.480,0.516,0.190,-1.840,1,43.991,420.385,4
44.000,012,+56.5992487,+23.6907526,24.270,0.00,+0.00,+0.000,421.066,-0.130,+0.370,0.392,0.130,-1.240,1,44.091,421.066,4
44.100,012,+56.5992487,+23.6907634,23.950,0.00,+0.00,+0.000,421.736,-0.070,+0.270,0.279,0.070,-0.640,1,44.191,421.736,4
44.200,012,+56.5992487,+23.6907742,23.850,0.00,+0.00,+0.000,422.400,+0.000,+0.180,0.180,0.000,-0.040,1,44.291,422.400,4
44.300,012,+56.5992487,+23.6907851,23.960,0.00,+0.00,+0.000,423.064,+0.060,+0.110,0.125,0.000,+0.560,1,44.391,423.064,4
44.400,012,+56.5992487,+23.6907960,24.290,0.00,+0.00,+0.000,423.734,+0.120,+0.030,0.124,0.000,+1.160,1,44.491,423.734,4
44.500,012,+56.5992487,+23.6908071,24.840,0.00,+0.00,+0.000,424.416,+0.180,+0.030,0.182,0.000,+1.760,1,44.591,424.416,4
44.600,012,+56.5992487,+23.6908185,25.600,0.00,+0.00,+0.000,425.117,+0.240,+0.090,0.256,0.000,+2.360,1,44.691,425.117,4
44.700,012,+56.5992487,+23.6908304,26.580,0.00,+0.00,+0.000,425.842,+0.300,+0.230,0.378,0.000,+2.960,1,44.791,425.842,4
44.800,012,+56.5992487,+23.6908427,27.780,0.00,+0.00,+0.000,426.597,+0.360,+0.410,0.546,0.000,+3.560,1,44.891,426.597,4
44.900,012,+56.5992486,+23.6908556,29.080,0.00,+0.00,+0.000,427.386,+0.350,+0.620,0.712,0.000,+3.440,1,44.991,427.386,4
45.000,012,+56.5992477,+23.6908690,30.190,0.00,+0.00,+0.000,428.210,+0.290,+0.840,0.889,0.000,+2.840,1,45.091,428.210,4
45.100,012,+56.5992458,+23.6908824,31.080,0.00,+0.00,+0.000,429.061,+0.230,+0.960,0.987,0.000,+2.240,1,45.191,429.061,4
45.200,012,+56.5992427,+23.6908955,31.760,0.00,+0.00,+0.000,429.933,+0.170,+1.140,1.153,0.000,+1.640,1,45.291,429.933,4
45.300,012,+56.5992384,+23.6909077,32.220,0.00,+0.00,+0.000,430.822,+0.110,+1.170,1.175,0.000,+1.040,1,45.391,430.822,4
45.400,012,+56.5992331,+23.6909189,32.530,0.00,+0.00,+0.000,431.721,+0.090,+1.130,1.134,0.000,+0.920,1,45.491,431.721,4
45.500,012,+56.5992272,+23.6909290,32.800,0.00,+0.00,+0.000,432.629,+0.080,+1.080,1.083,0.000,+0.800,1,45.591,432.629,4
45.600,012,+56.5992207,+23.6909380,32.980,0.00,+0.00,+0.000,433.542,+0.040,+0.980,0.981,0.000,+0.440,1,45.691,433.542,4
45.700,012,+56.5992137,+23.6909458,33.140,0.00,+0.00,+0.000,434.461,+0.060,+0.780,0.782,0.000,+0.560,1,45.791,434.461,4
45.800,012,+56.5992061,+23.6909522,33.470,0.00,+0.00,+0.000,435.386,+0.120,+0.640,0.651,0.000,+1.160,1,45.891,435.386,4
45.900,012,+56.5991982,+23.6909575,34.020,0.00,+0.00,+0.000,436.323,+0.180,+0.500,0.531,0.000,+1.760,1,45.991,436.323,4
46.000,012,+56.5991901,+23.6909625,34.780,0.00,+0.00,+0.000,437.279,+0.240,+0.360,0.433,0.000,+2.360,1,46.091,437.279,4
46.100,012,+56.5991818,+23.6909676,35.500,0.00,+0.00,+0.000,438.255,+0.180,+0.120,0.216,0.000,+1.760,1,46.191,438.255,4
46.200,012,+56.5991733,+23.6909728,36.010,0.00,+0.00,+0.000,439.248,+0.120,+0.000,0.120,0.000,+1.160,1,46.291,439.248,4
46.300,012,+56.5991647,+23.6909781,36.290,0.00,+0.00,+0.000,440.252,+0.060,+0.000,0.060,0.000,+0.560,1,46.391,440.252,4
46.400,012,+56.5991561,+23.6909834,36.360,0.00,+0.00,+0.000,441.261,+0.000,+0.000,0.000,0.000,-0.040,1,46.491,441.261,4
46.500,012,+56.5991475,+23.6909886,36.430,0.00,+0.00,+0.000,442.272,+0.030,+0.000,0.030,0.000,+0.320,1,46.591,442.272,4
46.600,012,+56.5991389,+23.6909940,36.670,0.00,+0.00,+0.000,443.287,+0.090,+0.000,0.090,0.000,+0.920,1,46.691,443.287,4
46.700,012,+56.5991302,+23.6909993,36.870,0.00,+0.00,+0.000,444.309,+0.030,+0.000,0.030,0.000,+0.320,1,46.791,444.309,4
46.800,012,+56.5991215,+23.6910047,36.890,0.00,+0.00,+0.000,445.333,+0.000,+0.000,0.000,0.000,-0.040,1,46.891,445.333,4
46.900,012,+56.5991128,+23.6910100,36.750,0.00,+0.00,+0.000,446.356,-0.070,+0.000,0.070,0.070,-0.640,1,46.991,446.356,4
47.000,012,+56.5991041,+23.6910154,36.470,0.00,+0.00,+0.000,447.373,-0.100,+0.000,0.100,0.100,-1.000,1,47.091,447.373,4
47.100,012,+56.5990956,+23.6910206,36.050,0.00,+0.00,+0.000,448.380,-0.120,+0.000,0.120,0.120,-1.180,1,47.191,448.380,4
47.200,012,+56.5990871,+23.6910258,35.690,0.00,+0.00,+0.000,449.377,-0.090,+0.000,0.090,0.090,-0.870,1,47.291,449.377,4
47.300,012,+56.5990787,+23.6910310,35.380,0.00,+0.00,+0.000,450.364,-0.100,+0.000,0.100,0.100,-1.010,1,47.391,450.364,4
47.400,012,+56.5990704,+23.6910361,34.880,0.00,+0.00,+0.000,451.339,-0.160,+0.000,0.160,0.160,-1.610,1,47.491,451.339,4
47.500,012,+56.5990623,+23.6910411,34.180,0.00,+0.00,+0.000,452.299,-0.210,+0.000,0.210,0.210,-2.090,1,47.591,452.299,4
47.600,012,+56.5990543,+23.6910460,33.500,0.00,+0.00,+0.000,453.239,-0.190,+0.000,0.190,0.190,-1.830,1,47.691,453.239,4
47.700,012,+56.5990465,+23.6910508,32.920,0.00,+0.00,+0.000,454.161,-0.150,+0.000,0.150,0.150,-1.460,1,47.791,454.161,4
47.800,012,+56.5990388,+23.6910556,32.410,0.00,+0.00,+0.000,455.068,-0.130,+0.000,0.130,0.130,-1.300,1,47.891,455.068,4
47.900,012,+56.5990312,+23.6910602,31.930,0.00,+0.00,+0.000,455.962,-0.130,+0.000,0.130,0.130,-1.260,1,47.991,455.962,4
48.000,012,+56.5990237,+23.6910648,31.470,0.00,+0.00,+0.000,456.843,-0.120,+0.000,0.120,0.120,-1.160,1,48.091,456.843,4
48.100,012,+56.5990163,+23.6910694,31.110,0.00,+0.00,+0.000,457.712,-0.080,+0.000,0.080,0.080,-0.790,1,48.191,457.712,4
48.200,012,+56.5990090,+23.6910739,30.960,0.00,+0.00,+0.000,458.574,-0.020,+0.000,0.020,0.020,-0.190,1,48.291,458.574,4
48.300,012,+56.5990017,+23.6910784,31.020,0.00,+0.00,+0.000,459.435,+0.040,+0.000,0.040,0.000,+0.410,1,48.391,459.435,4
48.400,012,+56.5989943,+23.6910829,31.300,0.00,+0.00,+0.000,460.300,+0.100,+0.000,0.100,0.000,+1.010,1,48.491,460.300,4
48.500,012,+56.5989869,+23.6910875,31.800,0.00,+0.00,+0.000,461.177,+0.160,+0.000,0.160,0.000,+1.610,1,48.591,461.177,4
48.600,012,+56.5989793,+23.6910922,32.510,0.00,+0.00,+0.000,462.070,+0.230,+0.000,0.230,0.000,+2.210,1,48.691,462.070,4
48.700,012,+56.5989714,+23.6910970,33.430,0.00,+0.00,+0.000,462.986,+0.290,+0.000,0.290,0.000,+2.810,1,48.791,462.986,4
48.800,012,+56.5989634,+23.6911020,34.580,0.00,+0.00,+0.000,463.930,+0.350,+0.000,0.350,0.000,+3.410,1,48.891,463.930,4
48.900,012,+56.5989550,+23.6911071,35.940,0.00,+0.00,+0.000,464.910,+0.410,+0.000,0.410,0.000,+4.010,1,48.991,464.910,4
49.000,012,+56.5989463,+23.6911125,37.510,0.00,+0.00,+0.000,465.930,+0.470,+0.000,0.470,0.000,+4.610,1,49.091,465.930,4
49.100,012,+56.5989372,+23.6911181,39.260,0.00,+0.00,+0.000,466.996,+0.500,+0.000,0.500,0.000,+4.910,1,49.191,466.996,4
49.200,012,+56.5989277,+23.6911239,41.030,0.00,+0.00,+0.000,468.111,+0.500,+0.000,0.500,0.000,+4.910,1,49.291,468.111,4
49.300,012,+56.5989177,+23.6911301,42.790,0.00,+0.00,+0.000,469.275,+0.500,+0.000,0.500,0.000,+4.910,1,49.391,469.275,4
49.400,012,+56.5989074,+23.6911364,44.510,0.00,+0.00,+0.000,470.488,+0.460,-0.140,0.481,0.000,+4.550,1,49.491,470.488,4
49.500,012,+56.5988967,+23.6911430,46.010,0.00,+0.00,+0.000,471.745,+0.400,-0.350,0.532,0.000,+3.940,1,49.591,471.745,4
49.600,012,+56.5988857,+23.6911502,47.300,0.00,+0.00,+0.000,473.041,+0.340,-0.480,0.588,0.000,+3.340,1,49.691,473.041,4
49.700,012,+56.5988747,+23.6911587,48.380,0.00,+0.00,+0.000,474.370,+0.280,-0.730,0.782,0.000,+2.740,1,49.791,474.370,4
49.800,012,+56.5988638,+23.6911686,49.240,0.00,+0.00,+0.000,475.726,+0.220,-0.930,0.956,0.000,+2.140,1,49.891,475.726,4
49.900,012,+56.5988531,+23.6911799,49.880,0.00,+0.00,+0.000,477.103,+0.160,-0.830,0.845,0.000,+1.540,1,49.991,477.103,4
50.000,012,+56.5988427,+23.6911925,50.310,0.00,+0.00,+0.000,478.494,+0.100,-1.070,1.075,0.000,+0.940,1,50.091,478.494,4
50.100,012,+56.5988327,+23.6912064,50.520,0.00,+0.00,+0.000,479.894,+0.040,-1.230,1.231,0.000,+0.340,1,50.191,479.894,4
50.200,012,+56.5988234,+23.6912218,50.510,0.00,+0.00,+0.000,481.298,-0.030,-1.380,1.380,0.030,-0.260,1,50.291,481.298,4
50.300,012,+56.5988149,+23.6912387,50.290,0.00,+0.00,+0.000,482.698,-0.090,-1.330,1.333,0.090,-0.860,1,50.391,482.698,4
50.400,012,+56.5988076,+23.6912570,49.850,0.00,+0.00,+0.000,484.088,-0.150,-1.360,1.368,0.150,-1.460,1,50.491,484.088,4
50.500,012,+56.5988015,+23.6912764,49.200,0.00,+0.00,+0.000,485.464,-0.210,-1.410,1.426,0.210,-2.060,1,50.591,485.464,4
50.600,012,+56.5987967,+23.6912966,48.330,0.00,+0.00,+0.000,486.819,-0.270,-1.030,1.065,0.270,-2.660,1,50.691,486.819,4
50.700,012,+56.5987929,+23.6913171,47.240,0.00,+0.00,+0.000,488.146,-0.330,-0.720,0.792,0.330,-3.260,1,50.791,488.146,4
50.800,012,+56.5987896,+23.6913372,45.940,0.00,+0.00,+0.000,489.440,-0.390,-0.600,0.716,0.390,-3.860,1,50.891,489.440,4
50.900,012,+56.5987866,+23.6913569,44.420,0.00,+0.00,+0.000,490.695,-0.450,-0.410,0.609,0.450,-4.460,1,50.991,490.695,4
51.000,012,+56.5987841,+23.6913760,42.740,0.00,+0.00,+0.000,491.906,-0.490,-0.390,0.626,0.490,-4.820,1,51.091,491.906,4
51.100,012,+56.5987820,+23.6913944,40.880,0.00,+0.00,+0.000,493.067,-0.550,-0.390,0.674,0.550,-5.420,1,51.191,493.067,4
51.200,012,+56.5987803,+23.6914121,38.800,0.00,+0.00,+0.000,494.174,-0.610,-0.350,0.703,0.610,-6.020,1,51.291,494.174,4
51.300,012,+56.5987790,+23.6914289,36.680,0.00,+0.00,+0.000,495.222,-0.580,-0.310,0.658,0.580,-5.660,1,51.391,495.222,4
51.400,012,+56.5987780,+23.6914449,34.770,0.00,+0.00,+0.000,496.215,-0.520,-0.280,0.591,0.520,-5.060,1,51.491,496.215,4
51.500,012,+56.5987773,+23.6914601,33.080,0.00,+0.00,+0.000,497.157,-0.450,-0.230,0.505,0.450,-4.460,1,51.591,497.157,4
51.600,012,+56.5987769,+23.6914746,31.610,0.00,+0.00,+0.000,498.055,-0.390,-0.170,0.425,0.390,-3.860,1,51.691,498.055,4
51.700,012,+56.5987766,+23.6914885,30.350,0.00,+0.00,+0.000,498.916,-0.330,-0.120,0.351,0.330,-3.260,1,51.791,498.916,4
51.800,012,+56.5987765,+23.6915020,29.310,0.00,+0.00,+0.000,499.745,-0.270,-0.120,0.295,0.270,-2.660,1,51.891,499.745,4
51.900,012,+56.5987765,+23.6915150,28.480,0.00,+0.00,+0.000,500.547,-0.210,-0.080,0.225,0.210,-2.060,1,51.991,500.547,4
52.000,012,+56.5987765,+23.6915277,27.870,0.00,+0.00,+0.000,501.330,-0.150,-0.040,0.155,0.150,-1.460,1,52.091,501.330,4
52.100,012,+56.5987765,+23.6915402,27.480,0.00,+0.00,+0.000,502.099,-0.090,-0.010,0.091,0.090,-0.860,1,52.191,502.099,4
52.200,012,+56.5987765,+23.6915526,27.300,0.00,+0.00,+0.000,502.859,-0.030,-0.010,0.032,0.030,-0.260,1,52.291,502.859,4
52.300,012,+56.5987765,+23.6915649,27.340,0.00,+0.00,+0.000,503.618,+0.040,-0.020,0.045,0.000,+0.340,1,52.391,503.618,4
52.400,012,+56.5987765,+23.6915774,27.590,0.00,+0.00,+0.000,504.381,+0.100,-0.060,0.117,0.000,+0.940,1,52.491,504.381,4
52.500,012,+56.5987765,+23.6915900,28.060,0.00,+0.00,+0.000,505.154,+0.160,-0.110,0.194,0.000,+1.540,1,52.591,505.154,4
52.600,012,+56.5987765,+23.6916028,28.750,0.00,+0.00,+0.000,505.943,+0.220,-0.160,0.272,0.000,+2.140,1,52.691,505.943,4
52.700,012,+56.5987766,+23.6916161,29.650,0.00,+0.00,+0.000,506.754,+0.280,-0.220,0.356,0.000,+2.740,1,52.791,506.754,4
52.800,012,+56.5987771,+23.6916297,30.770,0.00,+0.00,+0.000,507.593,+0.340,-0.290,0.447,0.000,+3.340,1,52.891,507.593,4
52.900,012,+56.5987780,+23.6916439,32.080,0.00,+0.00,+0.000,508.466,+0.380,-0.430,0.574,0.000,+3.700,1,52.991,508.466,4
53.000,012,+56.5987793,+23.6916586,33.410,0.00,+0.00,+0.000,509.376,+0.370,-0.500,0.622,0.000,+3.580,1,53.091,509.376,4
53.100,012,+56.5987812,+23.6916737,34.740,0.00,+0.00,+0.000,510.323,+0.380,-0.540,0.660,0.000,+3.700,1,53.191,510.323,4
53.200,012,+56.5987836,+23.6916892,36.200,0.00,+0.00,+0.000,511.308,+0.440,-0.620,0.760,0.000,+4.310,1,53.291,511.308,4
53.300,012,+56.5987866,+23.6917050,37.800,0.00,+0.00,+0.000,512.336,+0.450,-0.860,0.971,0.000,+4.430,1,53.391,512.336,4
53.400,012,+56.5987903,+23.6917212,39.260,0.00,+0.00,+0.000,513.406,+0.390,-1.050,1.120,0.000,+3.820,1,53.491,513.406,4
53.500,012,+56.5987951,+23.6917371,40.510,0.00,+0.00,+0.000,514.514,+0.330,-1.380,1.419,0.000,+3.220,1,53.591,514.514,4
53.600,012,+56.5988012,+23.6917521,41.540,0.00,+0.00,+0.000,515.653,+0.270,-1.810,1.830,0.000,+2.620,1,53.691,515.653,4
53.700,012,+56.5988087,+23.6917652,42.360,0.00,+0.00,+0.000,516.819,+0.210,-1.860,1.872,0.000,+2.020,1,53.791,516.819,4
53.800,012,+56.5988177,+23.6917757,42.950,0.00,+0.00,+0.000,518.003,+0.150,-2.010,2.016,0.000,+1.420,1,53.891,518.003,4
53.900,012,+56.5988276,+23.6917833,43.340,0.00,+0.00,+0.000,519.202,+0.080,-1.570,1.572,0.000,+0.820,1,53.991,519.202,4
54.000,012,+56.5988381,+23.6917881,43.610,0.00,+0.00,+0.000,520.410,+0.100,-1.070,1.075,0.000,+0.940,1,54.091,520.410,4
54.100,012,+56.5988488,+23.6917917,44.080,0.00,+0.00,+0.000,521.628,+0.160,-0.580,0.602,0.000,+1.540,1,54.191,521.628,4
54.200,012,+56.5988597,+23.6917953,44.510,0.00,+0.00,+0.000,522.858,+0.100,-0.110,0.149,0.000,+0.940,1,54.291,522.858,4
54.300,012,+56.5988707,+23.6917990,44.720,0.00,+0.00,+0.000,524.097,+0.040,+0.000,0.040,0.000,+0.340,1,54.391,524.097,4
54.400,012,+56.5988817,+23.6918026,44.710,0.00,+0.00,+0.000,525.339,-0.030,-0.010,0.032,0.030,-0.260,1,54.491,525.339,4
54.500,012,+56.5988926,+23.6918063,44.490,0.00,+0.00,+0.000,526.578,-0.090,-0.010,0.091,0.090,-0.860,1,54.591,526.578,4
54.600,012,+56.5989035,+23.6918099,44.050,0.00,+0.00,+0.000,527.808,-0.150,-0.040,0.155,0.150,-1.460,1,54.691,527.808,4
54.700,012,+56.5989142,+23.6918134,43.400,0.00,+0.00,+0.000,529.023,-0.210,-0.070,0.221,0.210,-2.060,1,54.791,529.023,4
54.800,012,+56.5989247,+23.6918167,42.530,0.00,+0.00,+0.000,530.216,-0.270,-0.090,0.285,0.270,-2.660,1,54.891,530.216,4
54.900,012,+56.5989351,+23.6918197,41.460,0.00,+0.00,+0.000,531.383,-0.310,-0.100,0.326,0.310,-3.020,1,54.991,531.383,4
55.000,012,+56.5989451,+23.6918225,40.350,0.00,+0.00,+0.000,532.519,-0.320,-0.100,0.335,0.320,-3.090,1,55.091,532.519,4
55.100,012,+56.5989549,+23.6918250,39.370,0.00,+0.00,+0.000,533.626,-0.250,-0.090,0.266,0.250,-2.490,1,55.191,533.626,4
55.200,012,+56.5989645,+23.6918274,38.600,0.00,+0.00,+0.000,534.709,-0.190,-0.090,0.210,0.190,-1.890,1,55.291,534.709,4
55.300,012,+56.5989740,+23.6918296,38.050,0.00,+0.00,+0.000,535.773,-0.130,-0.090,0.158,0.130,-1.290,1,55.391,535.773,4
55.400,012,+56.5989834,+23.6918316,37.710,0.00,+0.00,+0.000,536.826,-0.070,-0.080,0.106,0.070,-0.690,1,55.491,536.826,4
55.500,012,+56.5989927,+23.6918335,37.590,0.00,+0.00,+0.000,537.872,-0.010,-0.080,0.081,0.010,-0.090,1,55.591,537.872,4
55.600,012,+56.5990020,+23.6918353,37.580,0.00,+0.00,+0.000,538.916,-0.020,-0.080,0.082,0.020,-0.210,1,55.691,538.916,4
55.700,012,+56.5990114,+23.6918369,37.410,0.00,+0.00,+0.000,539.957,-0.060,-0.080,0.100,0.060,-0.570,1,55.791,539.957,4
55.800,012,+56.5990206,+23.6918383,37.070,0.00,+0.00,+0.000,540.992,-0.120,-0.070,0.139,0.120,-1.170,1,55.891,540.992,4
55.900,012,+56.5990298,+23.6918397,36.520,0.00,+0.00,+0.000,542.014,-0.180,-0.050,0.187,0.180,-1.770,1,55.991,542.014,4
56.000,012,+56.5990387,+23.6918409,35.800,0.00,+0.00,+0.000,543.018,-0.190,-0.050,0.196,0.190,-1.910,1,56.091,543.018,4
56.100,012,+56.5990476,+23.6918420,35.250,0.00,+0.00,+0.000,544.005,-0.130,-0.030,0.133,0.130,-1.310,1,56.191,544.005,4
56.200,012,+56.5990563,+23.6918431,34.900,0.00,+0.00,+0.000,544.979,-0.070,-0.010,0.071,0.070,-0.710,1,56.291,544.979,4
56.300,012,+56.5990649,+23.6918441,34.780,0.00,+0.00,+0.000,545.947,-0.010,-0.010,0.014,0.010,-0.110,1,56.391,545.947,4
56.400,012,+56.5990736,+23.6918452,34.750,0.00,+0.00,+0.000,546.913,+0.000,+0.000,0.000,0.000,+0.010,1,56.491,546.913,4
56.500,012,+56.5990822,+23.6918463,34.800,0.00,+0.00,+0.000,547.879,+0.010,+0.000,0.010,0.000,+0.130,1,56.591,547.879,4
56.600,012,+56.5990909,+23.6918474,34.920,0.00,+0.00,+0.000,548.847,+0.050,+0.000,0.050,0.000,+0.490,1,56.691,548.847,4
56.700,012,+56.5990997,+23.6918485,35.160,0.00,+0.00,+0.000,549.820,+0.090,+0.000,0.090,0.000,+0.850,1,56.791,549.820,4
56.800,012,+56.5991085,+23.6918496,35.600,0.00,+0.00,+0.000,550.803,+0.150,+0.000,0.150,0.000,+1.450,1,56.891,550.803,4
56.900,012,+56.5991174,+23.6918507,36.060,0.00,+0.00,+0.000,551.798,+0.110,+0.000,0.110,0.000,+1.090,1,56.991,551.798,4
57.000,012,+56.5991264,+23.6918518,36.320,0.00,+0.00,+0.000,552.804,+0.050,+0.000,0.050,0.000,+0.490,1,57.091,552.804,4
57.100,012,+56.5991355,+23.6918530,36.370,0.00,+0.00,+0.000,553.813,-0.010,+0.000,0.010,0.010,-0.110,1,57.191,553.813,4
57.200,012,+56.5991445,+23.6918541,36.200,0.00,+0.00,+0.000,554.821,-0.070,+0.000,0.070,0.070,-0.710,1,57.291,554.821,4
57.300,012,+56.5991535,+23.6918552,35.820,0.00,+0.00,+0.000,555.821,-0.130,+0.000,0.130,0.130,-1.310,1,57.391,555.821,4
57.400,012,+56.5991623,+23.6918563,35.220,0.00,+0.00,+0.000,556.808,-0.190,+0.000,0.190,0.190,-1.910,1,57.491,556.808,4
57.500,012,+56.5991709,+23.6918574,34.400,0.00,+0.00,+0.000,557.775,-0.260,+0.000,0.260,0.260,-2.510,1,57.591,557.775,4
57.600,012,+56.5991794,+23.6918584,33.370,0.00,+0.00,+0.000,558.716,-0.320,+0.000,0.320,0.320,-3.110,1,57.691,558.716,4
57.700,012,+56.5991875,+23.6918595,32.130,0.00,+0.00,+0.000,559.626,-0.370,+0.000,0.370,0.370,-3.610,1,57.791,559.626,4
57.800,012,+56.5991953,+23.6918604,30.960,0.00,+0.00,+0.000,560.502,-0.310,+0.000,0.310,0.310,-3.010,1,57.891,560.502,4
57.900,012,+56.5992029,+23.6918614,30.000,0.00,+0.00,+0.000,561.349,-0.250,+0.000,0.250,0.250,-2.410,1,57.991,561.349,4
58.000,012,+56.5992102,+23.6918623,29.260,0.00,+0.00,+0.000,562.172,-0.180,+0.000,0.180,0.180,-1.810,1,58.091,562.172,4
58.100,012,+56.5992174,+23.6918632,28.740,0.00,+0.00,+0.000,562.978,-0.120,+0.000,0.120,0.120,-1.210,1,58.191,562.978,4
58.200,012,+56.5992245,+23.6918641,28.380,0.00,+0.00,+0.000,563.771,-0.090,+0.000,0.090,0.090,-0.850,1,58.291,563.771,4
58.300,012,+56.5992315,+23.6918650,28.070,0.00,+0.00,+0.000,564.555,-0.100,+0.000,0.100,0.100,-0.980,1,58.391,564.555,4
58.400,012,+56.5992385,+23.6918658,27.700,0.00,+0.00,+0.000,565.329,-0.120,+0.000,0.120,0.120,-1.170,1,58.491,565.329,4
58.500,012,+56.5992453,+23.6918667,27.280,0.00,+0.00,+0.000,566.093,-0.110,+0.000,0.110,0.110,-1.050,1,58.591,566.093,4
58.600,012,+56.5992520,+23.6918675,26.860,0.00,+0.00,+0.000,566.845,-0.120,+0.000,0.120,0.120,-1.170,1,58.691,566.845,4
58.700,012,+56.5992587,+23.6918684,26.490,0.00,+0.00,+0.000,567.586,-0.080,+0.000,0.080,0.080,-0.810,1,58.791,567.586,4
58.800,012,+56.5992652,+23.6918692,26.330,0.00,+0.00,+0.000,568.320,-0.020,+0.000,0.020,0.020,-0.210,1,58.891,568.320,4
58.900,012,+56.5992718,+23.6918700,26.380,0.00,+0.00,+0.000,569.052,+0.040,+0.000,0.040,0.000,+0.390,1,58.991,569.052,4
59.000,012,+56.5992784,+23.6918708,26.530,0.00,+0.00,+0.000,569.787,+0.030,+0.000,0.030,0.000,+0.270,1,59.091,569.787,4
59.100,012,+56.5992850,+23.6918717,26.620,0.00,+0.00,+0.000,570.525,+0.020,+0.000,0.020,0.000,+0.150,1,59.191,570.525,4
59.200,012,+56.5992916,+23.6918725,26.630,0.00,+0.00,+0.000,571.264,+0.000,+0.000,0.000,0.000,+0.030,1,59.291,571.264,4
59.300,012,+56.5992982,+23.6918733,26.660,0.00,+0.00,+0.000,572.004,+0.030,+0.000,0.030,0.000,+0.300,1,59.391,572.004,4
59.400,012,+56.5993049,+23.6918741,26.900,0.00,+0.00,+0.000,572.748,+0.090,+0.000,0.090,0.000,+0.900,1,59.491,572.748,4
59.500,012,+56.5993117,+23.6918750,27.350,0.00,+0.00,+0.000,573.502,+0.150,+0.000,0.150,0.000,+1.500,1,59.591,573.502,4
59.600,012,+56.5993186,+23.6918759,28.020,0.00,+0.00,+0.000,574.271,+0.210,+0.000,0.210,0.000,+2.100,1,59.691,574.271,4
59.700,012,+56.5993257,+23.6918767,28.910,0.00,+0.00,+0.000,575.062,+0.280,+0.000,0.280,0.000,+2.700,1,59.791,575.062,4
59.800,012,+56.5993330,+23.6918777,30.010,0.00,+0.00,+0.000,575.880,+0.340,+0.000,0.340,0.000,+3.300,1,59.891,575.880,4
59.900,012,+56.5993407,+23.6918786,31.160,0.00,+0.00,+0.000,576.729,+0.300,+0.000,0.300,0.000,+2.940,1,59.991,576.729,4
60.000,012,+56.5993486,+23.6918796,32.090,0.00,+0.00,+0.000,577.608,+0.240,+0.000,0.240,0.000,+2.340,1,60.091,577.608,4
60.100,012,+56.5993567,+23.6918806,32.800,0.00,+0.00,+0.000,578.509,+0.180,+0.000,0.180,0.000,+1.740,1,60.191,578.509,4
60.200,012,+56.5993649,+23.6918816,33.300,0.00,+0.00,+0.000,579.427,+0.120,+0.000,0.120,0.000,+1.140,1,60.291,579.427,4
60.300,012,+56.5993733,+23.6918827,33.840,0.00,+0.00,+0.000,580.360,+0.180,+0.000,0.180,0.000,+1.740,1,60.391,580.360,4
60.400,012,+56.5993818,+23.6918838,34.490,0.00,+0.00,+0.000,581.309,+0.170,+0.000,0.170,0.000,+1.620,1,60.491,581.309,4
60.500,012,+56.5993905,+23.6918848,34.950,0.00,+0.00,+0.000,582.273,+0.100,+0.000,0.100,0.000,+1.020,1,60.591,582.273,4
60.600,012,+56.5993992,+23.6918859,35.190,0.00,+0.00,+0.000,583.247,+0.040,+0.000,0.040,0.000,+0.420,1,60.691,583.247,4
60.700,012,+56.5994080,+23.6918870,35.260,0.00,+0.00,+0.000,584.226,+0.030,+0.000,0.030,0.000,+0.300,1,60.791,584.226,4
60.800,012,+56.5994168,+23.6918881,35.450,0.00,+0.00,+0.000,585.208,+0.040,+0.000,0.040,0.000,+0.420,1,60.891,585.208,4
60.900,012,+56.5994256,+23.6918892,35.470,0.00,+0.00,+0.000,586.193,-0.020,+0.000,0.020,0.020,-0.180,1,60.991,586.193,4
61.000,012,+56.5994344,+23.6918903,35.280,0.00,+0.00,+0.000,587.176,-0.080,+0.000,0.080,0.080,-0.780,1,61.091,587.176,4
61.100,012,+56.5994431,+23.6918914,34.870,0.00,+0.00,+0.000,588.150,-0.140,+0.000,0.140,0.140,-1.380,1,61.191,588.150,4
61.200,012,+56.5994517,+23.6918925,34.290,0.00,+0.00,+0.000,589.110,-0.150,+0.000,0.150,0.150,-1.500,1,61.291,589.110,4
61.300,012,+56.5994602,+23.6918936,33.880,0.00,+0.00,+0.000,590.057,-0.090,+0.000,0.090,0.090,-0.900,1,61.391,590.057,4
61.400,012,+56.5994686,+23.6918946,33.690,0.00,+0.00,+0.000,590.996,-0.030,+0.000,0.030,0.030,-0.300,1,61.491,590.996,4
61.500,012,+56.5994770,+23.6918957,33.710,0.00,+0.00,+0.000,591.932,+0.030,+0.000,0.030,0.000,+0.300,1,61.591,591.932,4
61.600,012,+56.5994854,+23.6918967,33.950,0.00,+0.00,+0.000,592.872,+0.090,+0.000,0.090,0.000,+0.900,1,61.691,592.872,4
61.700,012,+56.5994939,+23.6918978,34.230,0.00,+0.00,+0.000,593.818,+0.060,+0.000,0.060,0.000,+0.540,1,61.791,593.818,4
61.800,012,+56.5995024,+23.6918988,34.300,0.00,+0.00,+0.000,594.770,-0.010,+0.000,0.010,0.010,-0.060,1,61.891,594.770,4
61.900,012,+56.5995110,+23.6918999,34.290,0.00,+0.00,+0.000,595.723,+0.000,+0.000,0.000,0.000,-0.010,1,61.991,595.723,4
62.000,012,+56.5995195,+23.6919010,34.410,0.00,+0.00,+0.000,596.677,+0.060,+0.000,0.060,0.000,+0.590,1,62.091,596.677,4
62.100,012,+56.5995281,+23.6919020,34.750,0.00,+0.00,+0.000,597.638,+0.120,+0.000,0.120,0.000,+1.190,1,62.191,597.638,4
62.200,012,+56.5995369,+23.6919031,35.310,0.00,+0.00,+0.000,598.611,+0.180,+0.000,0.180,0.000,+1.790,1,62.291,598.611,4
62.300,012,+56.5995457,+23.6919042,35.820,0.00,+0.00,+0.000,599.599,+0.120,+0.000,0.120,0.000,+1.190,1,62.391,599.599,4
62.400,012,+56.5995547,+23.6919054,36.120,0.00,+0.00,+0.000,600.598,+0.060,+0.000,0.060,0.000,+0.590,1,62.491,600.598,4
62.500,012,+56.5995637,+23.6919065,36.200,0.00,+0.00,+0.000,601.602,+0.000,+0.000,0.000,0.000,-0.010,1,62.591,601.602,4
62.600,012,+56.5995727,+23.6919076,36.120,0.00,+0.00,+0.000,602.607,-0.010,+0.000,0.010,0.010,-0.130,1,62.691,602.607,4
62.700,012,+56.5995817,+23.6919087,36.110,0.00,+0.00,+0.000,603.610,+0.020,-0.060,0.063,0.000,+0.230,1,62.791,603.610,4
62.800,012,+56.5995907,+23.6919099,36.320,0.00,+0.00,+0.000,604.616,+0.080,-0.320,0.330,0.000,+0.830,1,62.891,604.616,4
62.900,012,+56.5995998,+23.6919110,36.730,0.00,+0.00,+0.000,605.630,+0.120,-0.460,0.475,0.000,+1.190,1,62.991,605.630,4
63.000,012,+56.5996090,+23.6919116,37.150,0.00,+0.00,+0.000,606.657,+0.110,-0.620,0.630,0.000,+1.070,1,63.091,606.657,4
63.100,012,+56.5996183,+23.6919106,37.580,0.00,+0.00,+0.000,607.694,+0.120,-0.920,0.928,0.000,+1.190,1,63.191,607.694,4
63.200,012,+56.5996277,+23.6919079,37.910,0.00,+0.00,+0.000,608.743,+0.080,-1.090,1.093,0.000,+0.830,1,63.291,608.743,4
63.300,012,+56.5996368,+23.6919033,38.080,0.00,+0.00,+0.000,609.798,+0.020,-1.170,1.170,0.000,+0.230,1,63.391,609.798,4
63.400,012,+56.5996456,+23.6918969,38.120,0.00,+0.00,+0.000,610.857,-0.010,-1.150,1.150,0.010,-0.130,1,63.491,610.857,4
63.500,012,+56.5996540,+23.6918888,37.940,0.00,+0.00,+0.000,611.913,-0.070,-1.080,1.082,0.070,-0.730,1,63.591,611.913,4
63.600,012,+56.5996617,+23.6918791,37.550,0.00,+0.00,+0.000,612.962,-0.140,-0.850,0.861,0.140,-1.330,1,63.691,612.962,4
63.700,012,+56.5996689,+23.6918685,36.940,0.00,+0.00,+0.000,613.996,-0.200,-0.870,0.893,0.200,-1.930,1,63.791,613.996,4
63.800,012,+56.5996755,+23.6918572,36.110,0.00,+0.00,+0.000,615.011,-0.260,-0.780,0.822,0.260,-2.530,1,63.891,615.011,4
63.900,012,+56.5996816,+23.6918455,35.220,0.00,+0.00,+0.000,616.001,-0.230,-0.580,0.624,0.230,-2.280,1,63.991,616.001,4
64.000,012,+56.5996871,+23.6918333,34.520,0.00,+0.00,+0.000,616.970,-0.180,-0.620,0.646,0.180,-1.760,1,64.091,616.970,4
64.100,012,+56.5996921,+23.6918208,34.010,0.00,+0.00,+0.000,617.922,-0.120,-0.610,0.622,0.120,-1.160,1,64.191,617.922,4
64.200,012,+56.5996967,+23.6918080,33.720,0.00,+0.00,+0.000,618.863,-0.060,-0.560,0.563,0.060,-0.560,1,64.291,618.863,4
64.300,012,+56.5997008,+23.6917947,33.650,0.00,+0.00,+0.000,619.798,+0.000,-0.480,0.480,0.000,+0.040,1,64.391,619.798,4
64.400,012,+56.5997044,+23.6917809,33.800,0.00,+0.00,+0.000,620.735,+0.070,-0.330,0.337,0.000,+0.640,1,64.491,620.735,4
64.500,012,+56.5997077,+23.6917667,34.160,0.00,+0.00,+0.000,621.679,+0.130,-0.260,0.291,0.000,+1.240,1,64.591,621.679,4
64.600,012,+56.5997109,+23.6917523,34.730,0.00,+0.00,+0.000,622.636,+0.190,-0.190,0.269,0.000,+1.840,1,64.691,622.636,4
64.700,012,+56.5997142,+23.6917375,35.520,0.00,+0.00,+0.000,623.611,+0.250,-0.150,0.292,0.000,+2.440,1,64.791,623.611,4
64.800,012,+56.5997176,+23.6917224,36.500,0.00,+0.00,+0.000,624.612,+0.290,-0.030,0.292,0.000,+2.800,1,64.891,624.612,4
64.900,012,+56.5997210,+23.6917068,37.430,0.00,+0.00,+0.000,625.638,+0.250,-0.100,0.269,0.000,+2.440,1,64.991,625.638,4
65.000,012,+56.5997245,+23.6916909,38.180,0.00,+0.00,+0.000,626.689,+0.190,-0.180,0.262,0.000,+1.840,1,65.091,626.689,4
65.100,012,+56.5997279,+23.6916746,38.710,0.00,+0.00,+0.000,627.757,+0.130,-0.190,0.230,0.000,+1.240,1,65.191,627.757,4
65.200,012,+56.5997311,+23.6916580,39.030,0.00,+0.00,+0.000,628.836,+0.070,-0.270,0.279,0.000,+0.640,1,65.291,628.836,4
65.300,012,+56.5997340,+23.6916411,39.130,0.00,+0.00,+0.000,629.922,+0.000,-0.310,0.310,0.000,+0.040,1,65.391,629.922,4
65.400,012,+56.5997367,+23.6916241,39.010,0.00,+0.00,+0.000,631.007,-0.060,-0.380,0.385,0.060,-0.560,1,65.491,631.007,4
65.500,012,+56.5997391,+23.6916071,38.680,0.00,+0.00,+0.000,632.086,-0.120,-0.300,0.323,0.120,-1.160,1,65.591,632.086,4
65.600,012,+56.5997412,+23.6915901,38.220,0.00,+0.00,+0.000,633.154,-0.130,-0.300,0.327,0.130,-1.280,1,65.691,633.154,4
65.700,012,+56.5997430,+23.6915733,37.750,0.00,+0.00,+0.000,634.209,-0.140,-0.290,0.322,0.140,-1.400,1,65.791,634.209,4
65.800,012,+56.5997446,+23.6915566,37.380,0.00,+0.00,+0.000,635.253,-0.080,-0.280,0.291,0.080,-0.800,1,65.891,635.253,4
65.900,012,+56.5997459,+23.6915399,37.220,0.00,+0.00,+0.000,636.289,-0.020,-0.280,0.281,0.020,-0.200,1,65.991,636.289,4
66.000,012,+56.5997469,+23.6915232,37.100,0.00,+0.00,+0.000,637.321,-0.060,-0.280,0.286,0.060,-0.560,1,66.091,637.321,4
66.100,012,+56.5997477,+23.6915065,36.840,0.00,+0.00,+0.000,638.348,-0.080,-0.270,0.282,0.080,-0.790,1,66.191,638.348,4
66.200,012,+56.5997483,+23.6914900,36.570,0.00,+0.00,+0.000,639.368,-0.070,-0.230,0.240,0.070,-0.710,1,66.291,639.368,4
66.300,012,+56.5997485,+23.6914735,36.340,0.00,+0.00,+0.000,640.380,-0.060,-0.160,0.171,0.060,-0.590,1,66.391,640.380,4
66.400,012,+56.5997487,+23.6914571,36.180,0.00,+0.00,+0.000,641.387,-0.030,-0.160,0.163,0.030,-0.330,1,66.491,641.387,4
66.500,012,+56.5997487,+23.6914408,36.170,0.00,+0.00,+0.000,642.392,+0.020,-0.100,0.102,0.000,+0.210,1,66.591,642.392,4
66.600,012,+56.5997487,+23.6914244,36.380,0.00,+0.00,+0.000,643.400,+0.080,-0.030,0.085,0.000,+0.810,1,66.691,643.400,4
66.700,012,+56.5997487,+23.6914078,36.640,0.00,+0.00,+0.000,644.414,+0.070,+0.000,0.070,0.000,+0.690,1,66.791,644.414,4
66.800,012,+56.5997487,+23.6913912,36.810,0.00,+0.00,+0.000,645.434,+0.030,+0.000,0.030,0.000,+0.330,1,66.891,645.434,4
66.900,012,+56.5997487,+23.6913745,36.870,0.00,+0.00,+0.000,646.458,+0.000,+0.000,0.000,0.000,-0.030,1,66.991,646.458,4
67.000,012,+56.5997487,+23.6913579,36.730,0.00,+0.00,+0.000,647.480,-0.060,+0.000,0.060,0.060,-0.630,1,67.091,647.480,4
67.100,012,+56.5997487,+23.6913414,36.370,0.00,+0.00,+0.000,648.495,-0.130,+0.000,0.130,0.130,-1.230,1,67.191,648.495,4
67.200,012,+56.5997487,+23.6913250,35.930,0.00,+0.00,+0.000,649.499,-0.130,+0.000,0.130,0.130,-1.240,1,67.291,649.499,4
67.300,012,+56.5997487,+23.6913089,35.460,0.00,+0.00,+0.000,650.491,-0.150,+0.000,0.150,0.150,-1.520,1,67.391,650.491,4
67.400,012,+56.5997487,+23.6912930,34.780,0.00,+0.00,+0.000,651.466,-0.220,+0.000,0.220,0.220,-2.120,1,67.491,651.466,4
67.500,012,+56.5997487,+23.6912775,33.960,0.00,+0.00,+0.000,652.421,-0.230,+0.000,0.230,0.230,-2.240,1,67.591,652.421,4
67.600,012,+56.5997487,+23.6912624,33.170,0.00,+0.00,+0.000,653.353,-0.210,+0.000,0.210,0.210,-2.030,1,67.691,653.353,4
67.700,012,+56.5997487,+23.6912476,32.530,0.00,+0.00,+0.000,654.266,-0.160,+0.000,0.160,0.160,-1.590,1,67.791,654.266,4
67.800,012,+56.5997487,+23.6912330,31.970,0.00,+0.00,+0.000,655.162,-0.140,+0.000,0.140,0.140,-1.380,1,67.891,655.162,4
67.900,012,+56.5997487,+23.6912187,31.440,0.00,+0.00,+0.000,656.042,-0.150,+0.000,0.150,0.150,-1.500,1,67.991,656.042,4
68.000,012,+56.5997487,+23.6912046,30.940,0.00,+0.00,+0.000,656.909,-0.140,+0.000,0.140,0.140,-1.350,1,68.091,656.909,4
68.100,012,+56.5997487,+23.6911907,30.550,0.00,+0.00,+0.000,657.763,-0.090,+0.000,0.090,0.090,-0.850,1,68.191,657.763,4
68.200,012,+56.5997487,+23.6911770,30.380,0.00,+0.00,+0.000,658.609,-0.030,+0.000,0.030,0.030,-0.250,1,68.291,658.609,4
68.300,012,+56.5997487,+23.6911632,30.420,0.00,+0.00,+0.000,659.454,+0.040,+0.000,0.040,0.000,+0.350,1,68.391,659.454,4
68.400,012,+56.5997487,+23.6911494,30.670,0.00,+0.00,+0.000,660.302,+0.100,+0.000,0.100,0.000,+0.950,1,68.491,660.302,4
68.500,012,+56.5997487,+23.6911354,31.130,0.00,+0.00,+0.000,661.160,+0.130,+0.000,0.130,0.000,+1.310,1,68.591,661.160,4
68.600,012,+56.5997487,+23.6911212,31.470,0.00,+0.00,+0.000,662.030,+0.070,+0.000,0.070,0.000,+0.710,1,68.691,662.030,4
68.700,012,+56.5997487,+23.6911069,31.600,0.00,+0.00,+0.000,662.906,+0.010,+0.000,0.010,0.000,+0.110,1,68.791,662.906,4
68.800,012,+56.5997487,+23.6910927,31.510,0.00,+0.00,+0.000,663.782,-0.050,+0.000,0.050,0.050,-0.490,1,68.891,663.782,4
68.900,012,+56.5997487,+23.6910785,31.210,0.00,+0.00,+0.000,664.653,-0.110,+0.000,0.110,0.110,-1.090,1,68.991,664.653,4
69.000,012,+56.5997487,+23.6910645,30.820,0.00,+0.00,+0.000,665.515,-0.100,+0.000,0.100,0.100,-0.970,1,69.091,665.515,4
69.100,012,+56.5997487,+23.6910506,30.580,0.00,+0.00,+0.000,666.368,-0.040,+0.000,0.040,0.040,-0.430,1,69.191,666.368,4
69.200,012,+56.5997487,+23.6910368,30.560,0.00,+0.00,+0.000,667.217,+0.020,+0.000,0.020,0.000,+0.170,1,69.291,667.217,4
69.300,012,+56.5997487,+23.6910229,30.750,0.00,+0.00,+0.000,668.068,+0.080,-0.040,0.089,0.000,+0.770,1,69.391,668.068,4
69.400,012,+56.5997487,+23.6910089,31.150,0.00,+0.00,+0.000,668.928,+0.140,-0.230,0.269,0.000,+1.370,1,69.491,668.928,4
69.500,012,+56.5997487,+23.6909946,31.780,0.00,+0.00,+0.000,669.802,+0.200,-0.440,0.483,0.000,+1.970,1,69.591,669.802,4
69.600,012,+56.5997487,+23.6909801,32.440,0.00,+0.00,+0.000,670.694,+0.160,-0.670,0.689,0.000,+1.610,1,69.691,670.694,4
69.700,012,+56.5997480,+23.6909653,32.890,0.00,+0.00,+0.000,671.602,+0.100,-0.900,0.906,0.000,+1.010,1,69.791,671.602,4
69.800,012,+56.5997461,+23.6909508,33.130,0.00,+0.00,+0.000,672.518,+0.040,-1.060,1.061,0.000,+0.410,1,69.891,672.518,4
69.900,012,+56.5997430,+23.6909370,33.140,0.00,+0.00,+0.000,673.439,-0.020,-1.130,1.130,0.020,-0.190,1,69.991,673.439,4
70.000,012,+56.5997386,+23.6909243,33.010,0.00,+0.00,+0.000,674.358,-0.030,-1.120,1.120,0.030,-0.310,1,70.091,674.358,4
70.100,012,+56.5997333,+23.6909128,33.030,0.00,+0.00,+0.000,675.275,+0.030,-1.050,1.050,0.000,+0.290,1,70.191,675.275,4
70.200,012,+56.5997277,+23.6909019,33.270,0.00,+0.00,+0.000,676.196,+0.090,-0.930,0.934,0.000,+0.890,1,70.291,676.196,4
70.300,012,+56.5997215,+23.6908918,33.590,0.00,+0.00,+0.000,677.124,+0.100,-0.940,0.945,0.000,+1.010,1,70.391,677.124,4
70.400,012,+56.5997147,+23.6908827,33.860,0.00,+0.00,+0.000,678.061,+0.070,-0.970,0.973,0.000,+0.650,1,70.491,678.061,4
70.500,012,+56.5997075,+23.6908746,33.970,0.00,+0.00,+0.000,679.003,+0.000,-1.050,1.050,0.000,+0.050,1,70.591,679.003,4
70.600,012,+56.5996999,+23.6908680,33.850,0.00,+0.00,+0.000,679.945,-0.060,-1.080,1.082,0.060,-0.550,1,70.691,679.945,4
70.700,012,+56.5996919,+23.6908633,33.530,0.00,+0.00,+0.000,680.881,-0.120,-0.910,0.918,0.120,-1.150,1,70.791,680.881,4
70.800,012,+56.5996837,+23.6908608,33.090,0.00,+0.00,+0.000,681.806,-0.110,-0.790,0.798,0.110,-1.030,1,70.891,681.806,4
70.900,012,+56.5996755,+23.6908602,32.840,0.00,+0.00,+0.000,682.722,-0.040,-0.610,0.611,0.040,-0.430,1,70.991,682.722,4
71.000,012,+56.5996673,+23.6908602,32.730,0.00,+0.00,+0.000,683.633,-0.030,-0.460,0.461,0.030,-0.340,1,71.091,683.633,4
71.100,012,+56.5996592,+23.6908602,32.600,0.00,+0.00,+0.000,684.540,-0.030,-0.350,0.351,0.030,-0.320,1,71.191,684.540,4
71.200,012,+56.5996511,+23.6908602,32.540,0.00,+0.00,+0.000,685.445,-0.010,-0.210,0.210,0.010,-0.090,1,71.291,685.445,4
71.300,012,+56.5996430,+23.6908602,32.590,0.00,+0.00,+0.000,686.349,+0.040,-0.240,0.243,0.000,+0.400,1,71.391,686.349,4
71.400,012,+56.5996348,+23.6908605,32.810,0.00,+0.00,+0.000,687.258,+0.050,-0.390,0.393,0.000,+0.520,1,71.491,687.258,4
71.500,012,+56.5996266,+23.6908618,32.870,0.00,+0.00,+0.000,688.170,-0.010,-0.470,0.470,0.010,-0.080,1,71.591,688.170,4
71.600,012,+56.5996185,+23.6908640,32.710,0.00,+0.00,+0.000,689.081,-0.070,-0.530,0.535,0.070,-0.680,1,71.691,689.081,4
71.700,012,+56.5996106,+23.6908672,32.330,0.00,+0.00,+0.000,689.984,-0.130,-0.620,0.633,0.130,-1.280,1,71.791,689.984,4
71.800,012,+56.5996030,+23.6908713,31.740,0.00,+0.00,+0.000,690.874,-0.190,-0.610,0.639,0.190,-1.880,1,71.891,690.874,4
71.900,012,+56.5995956,+23.6908762,31.110,0.00,+0.00,+0.000,691.747,-0.160,-0.600,0.621,0.160,-1.520,1,71.991,691.747,4
72.000,012,+56.5995886,+23.6908818,30.690,0.00,+0.00,+0.000,692.605,-0.090,-0.540,0.547,0.090,-0.920,1,72.091,692.605,4
72.100,012,+56.5995818,+23.6908882,30.490,0.00,+0.00,+0.000,693.455,-0.030,-0.630,0.631,0.030,-0.320,1,72.191,693.455,4
72.200,012,+56.5995753,+23.6908953,30.500,0.00,+0.00,+0.000,694.302,+0.030,-0.640,0.641,0.000,+0.280,1,72.291,694.302,4
72.300,012,+56.5995691,+23.6909034,30.730,0.00,+0.00,+0.000,695.152,+0.090,-0.670,0.676,0.000,+0.880,1,72.391,695.152,4
72.400,012,+56.5995632,+23.6909124,31.170,0.00,+0.00,+0.000,696.012,+0.150,-0.650,0.667,0.000,+1.480,1,72.491,696.012,4
72.500,012,+56.5995576,+23.6909225,31.840,0.00,+0.00,+0.000,696.887,+0.210,-0.770,0.798,0.000,+2.080,1,72.591,696.887,4
72.600,012,+56.5995525,+23.6909337,32.540,0.00,+0.00,+0.000,697.781,+0.170,-0.760,0.779,0.000,+1.720,1,72.691,697.781,4
72.700,012,+56.5995478,+23.6909459,33.030,0.00,+0.00,+0.000,698.692,+0.110,-0.600,0.610,0.000,+1.120,1,72.791,698.692,4
72.800,012,+56.5995436,+23.6909589,33.300,0.00,+0.00,+0.000,699.613,+0.050,-0.510,0.512,0.000,+0.520,1,72.891,699.613,4
72.900,012,+56.5995400,+23.6909725,33.360,0.00,+0.00,+0.000,700.539,-0.010,-0.420,0.420,0.010,-0.080,1,72.991,700.539,4
73.000,012,+56.5995366,+23.6909862,33.460,0.00,+0.00,+0.000,701.467,+0.050,-0.230,0.235,0.000,+0.520,1,73.091,701.467,4
73.100,012,+56.5995331,+23.6910001,33.770,0.00,+0.00,+0.000,702.401,+0.110,-0.140,0.178,0.000,+1.120,1,73.191,702.401,4
73.200,012,+56.5995296,+23.6910141,34.300,0.00,+0.00,+0.000,703.346,+0.170,-0.050,0.177,0.000,+1.720,1,73.291,703.346,4
73.300,012,+56.5995261,+23.6910284,35.050,0.00,+0.00,+0.000,704.310,+0.240,+0.000,0.240,0.000,+2.320,1,73.391,704.310,4
73.400,012,+56.5995224,+23.6910431,35.840,0.00,+0.00,+0.000,705.294,+0.200,+0.000,0.200,0.000,+1.960,1,73.491,705.294,4
73.500,012,+56.5995187,+23.6910580,36.470,0.00,+0.00,+0.000,706.299,+0.160,+0.000,0.160,0.000,+1.600,1,73.591,706.299,4
73.600,012,+56.5995149,+23.6910732,37.000,0.00,+0.00,+0.000,707.319,+0.150,+0.000,0.150,0.000,+1.480,1,73.691,707.319,4
73.700,012,+56.5995110,+23.6910885,37.400,0.00,+0.00,+0.000,708.352,+0.090,+0.000,0.090,0.000,+0.880,1,73.791,708.352,4
73.800,012,+56.5995072,+23.6911040,37.640,0.00,+0.00,+0.000,709.394,+0.050,+0.000,0.050,0.000,+0.520,1,73.891,709.394,4
73.900,012,+56.5995033,+23.6911195,37.850,0.00,+0.00,+0.000,710.443,+0.040,+0.000,0.040,0.000,+0.400,1,73.991,710.443,4
74.000,012,+56.5994994,+23.6911352,38.000,0.00,+0.00,+0.000,711.496,+0.050,+0.000,0.050,0.000,+0.520,1,74.091,711.496,4
74.100,012,+56.5994955,+23.6911509,38.060,0.00,+0.00,+0.000,712.553,-0.010,+0.000,0.010,0.010,-0.080,1,74.191,712.553,4
74.200,012,+56.5994915,+23.6911665,37.900,0.00,+0.00,+0.000,713.608,-0.070,+0.000,0.070,0.070,-0.680,1,74.291,713.608,4
74.300,012,+56.5994877,+23.6911820,37.520,0.00,+0.00,+0.000,714.655,-0.130,+0.000,0.130,0.130,-1.280,1,74.391,714.655,4
74.400,012,+56.5994838,+23.6911973,36.930,0.00,+0.00,+0.000,715.689,-0.190,+0.000,0.190,0.190,-1.880,1,74.491,715.689,4
74.500,012,+56.5994801,+23.6912124,36.120,0.00,+0.00,+0.000,716.704,-0.250,+0.000,0.250,0.250,-2.480,1,74.591,716.704,4
74.600,012,+56.5994764,+23.6912270,35.200,0.00,+0.00,+0.000,717.694,-0.240,+0.000,0.240,0.240,-2.360,1,74.691,717.694,4
74.700,012,+56.5994728,+23.6912413,34.480,0.00,+0.00,+0.000,718.662,-0.180,+0.000,0.180,0.180,-1.760,1,74.791,718.662,4
74.800,012,+56.5994693,+23.6912554,33.980,0.00,+0.00,+0.000,719.613,-0.120,+0.000,0.120,0.120,-1.160,1,74.891,719.613,4
74.900,012,+56.5994658,+23.6912693,33.690,0.00,+0.00,+0.000,720.553,-0.060,+0.000,0.060,0.060,-0.560,1,74.991,720.553,4
75.000,012,+56.5994624,+23.6912832,33.620,0.00,+0.00,+0.000,721.488,+0.000,+0.000,0.000,0.000,+0.040,1,75.091,721.488,4
75.100,012,+56.5994589,+23.6912971,33.760,0.00,+0.00,+0.000,722.424,+0.060,+0.000,0.060,0.000,+0.640,1,75.191,722.424,4
75.200,012,+56.5994554,+23.6913110,34.030,0.00,+0.00,+0.000,723.365,+0.080,+0.000,0.080,0.000,+0.760,1,75.291,723.365,4
75.300,012,+56.5994519,+23.6913251,34.230,0.00,+0.00,+0.000,724.313,+0.040,+0.000,0.040,0.000,+0.400,1,75.391,724.313,4
75.400,012,+56.5994484,+23.6913392,34.330,0.00,+0.00,+0.000,725.265,+0.000,+0.000,0.000,0.000,+0.040,1,75.491,725.265,4
75.500,012,+56.5994448,+23.6913534,34.210,0.00,+0.00,+0.000,726.217,-0.060,+0.000,0.060,0.060,-0.560,1,75.591,726.217,4
75.600,012,+56.5994413,+23.6913674,33.880,0.00,+0.00,+0.000,727.163,-0.120,+0.000,0.120,0.120,-1.160,1,75.691,727.163,4
75.700,012,+56.5994379,+23.6913812,33.330,0.00,+0.00,+0.000,728.097,-0.180,+0.000,0.180,0.180,-1.760,1,75.791,728.097,4
75.800,012,+56.5994345,+23.6913948,32.700,0.00,+0.00,+0.000,729.014,-0.170,+0.000,0.170,0.170,-1.640,1,75.891,729.014,4
75.900,012,+56.5994311,+23.6914081,32.200,0.00,+0.00,+0.000,729.915,-0.120,+0.000,0.120,0.120,-1.150,1,75.991,729.915,4
76.000,012,+56.5994278,+23.6914213,31.890,0.00,+0.00,+0.000,730.805,-0.080,+0.000,0.080,0.080,-0.740,1,76.091,730.805,4
76.100,012,+56.5994246,+23.6914344,31.640,0.00,+0.00,+0.000,731.688,-0.060,+0.000,0.060,0.060,-0.590,1,76.191,731.688,4
76.200,012,+56.5994213,+23.6914474,31.490,0.00,+0.00,+0.000,732.564,-0.020,+0.000,0.020,0.020,-0.190,1,76.291,732.564,4
76.300,012,+56.5994181,+23.6914604,31.550,0.00,+0.00,+0.000,733.440,+0.040,+0.000,0.040,0.000,+0.410,1,76.391,733.440,4
76.400,012,+56.5994148,+23.6914734,31.820,0.00,+0.00,+0.000,734.320,+0.100,+0.000,0.100,0.000,+1.010,1,76.491,734.320,4
76.500,012,+56.5994115,+23.6914866,32.320,0.00,+0.00,+0.000,735.211,+0.160,+0.000,0.160,0.000,+1.610,1,76.591,735.211,4
76.600,012,+56.5994081,+23.6915001,33.030,0.00,+0.00,+0.000,736.118,+0.230,+0.130,0.264,0.000,+2.210,1,76.691,736.118,4
76.700,012,+56.5994047,+23.6915139,33.950,0.00,+0.00,+0.000,737.049,+0.290,+0.240,0.376,0.000,+2.810,1,76.791,737.049,4
76.800,012,+56.5994011,+23.6915282,35.090,0.00,+0.00,+0.000,738.008,+0.350,+0.360,0.502,0.000,+3.410,1,76.891,738.008,4
76.900,012,+56.5993971,+23.6915427,36.280,0.00,+0.00,+0.000,738.999,+0.310,+0.610,0.684,0.000,+3.050,1,76.991,738.999,4
77.000,012,+56.5993923,+23.6915569,37.240,0.00,+0.00,+0.000,740.020,+0.250,+0.760,0.800,0.000,+2.450,1,77.091,740.020,4
77.100,012,+56.5993866,+23.6915705,38.000,0.00,+0.00,+0.000,741.065,+0.190,+1.040,1.057,0.000,+1.850,1,77.191,741.065,4
77.200,012,+56.5993801,+23.6915832,38.530,0.00,+0.00,+0.000,742.128,+0.130,+1.010,1.018,0.000,+1.250,1,77.291,742.128,4
77.300,012,+56.5993728,+23.6915946,38.850,0.00,+0.00,+0.000,743.203,+0.070,+1.010,1.012,0.000,+0.650,1,77.391,743.203,4
77.400,012,+56.5993649,+23.6916047,38.960,0.00,+0.00,+0.000,744.283,+0.010,+0.950,0.950,0.000,+0.050,1,77.491,744.283,4
77.500,012,+56.5993564,+23.6916135,38.930,0.00,+0.00,+0.000,745.365,-0.010,+1.020,1.020,0.010,-0.070,1,77.591,745.365,4
77.600,012,+56.5993478,+23.6916213,38.780,0.00,+0.00,+0.000,746.444,-0.070,+0.960,0.963,0.070,-0.670,1,77.691,746.444,4
77.700,012,+56.5993388,+23.6916277,38.490,0.00,+0.00,+0.000,747.518,-0.080,+0.890,0.894,0.080,-0.790,1,77.791,747.518,4
77.800,012,+56.5993296,+23.6916325,38.140,0.00,+0.00,+0.000,748.582,-0.100,+0.920,0.925,0.100,-1.010,1,77.891,748.582,4
77.900,012,+56.5993203,+23.6916358,37.860,0.00,+0.00,+0.000,749.637,-0.070,+0.880,0.883,0.070,-0.650,1,77.991,749.637,4
78.000,012,+56.5993110,+23.6916375,37.720,0.00,+0.00,+0.000,750.687,-0.030,+0.990,0.990,0.030,-0.290,1,78.091,750.687,4
78.100,012,+56.5993016,+23.6916379,37.560,0.00,+0.00,+0.000,751.733,-0.070,+1.270,1.272,0.070,-0.650,1,78.191,751.733,4
78.200,012,+56.5992923,+23.6916375,37.190,0.00,+0.00,+0.000,752.771,-0.130,+1.470,1.476,0.130,-1.250,1,78.291,752.771,4
78.300,012,+56.5992833,+23.6916343,36.610,0.00,+0.00,+0.000,753.796,-0.190,+1.660,1.671,0.190,-1.850,1,78.391,753.796,4
78.400,012,+56.5992749,+23.6916281,35.820,0.00,+0.00,+0.000,754.802,-0.250,+1.700,1.718,0.250,-2.450,1,78.491,754.802,4
78.500,012,+56.5992677,+23.6916191,34.810,0.00,+0.00,+0.000,755.783,-0.310,+1.790,1.817,0.310,-3.050,1,78.591,755.783,4
78.600,012,+56.5992617,+23.6916083,33.580,0.00,+0.00,+0.000,756.733,-0.370,+1.650,1.691,0.370,-3.650,1,78.691,756.733,4
78.700,012,+56.5992568,+23.6915964,32.140,0.00,+0.00,+0.000,757.646,-0.430,+1.360,1.426,0.430,-4.250,1,78.791,757.646,4
78.800,012,+56.5992531,+23.6915840,30.480,0.00,+0.00,+0.000,758.515,-0.490,+1.150,1.250,0.490,-4.850,1,78.891,758.515,4
78.900,012,+56.5992506,+23.6915715,28.650,0.00,+0.00,+0.000,759.337,-0.530,+0.870,1.019,0.530,-5.210,1,78.991,759.337,4
79.000,012,+56.5992492,+23.6915593,26.910,0.00,+0.00,+0.000,760.108,-0.470,+0.750,0.885,0.470,-4.610,1,79.091,760.108,4
79.100,012,+56.5992487,+23.6915476,25.380,0.00,+0.00,+0.000,760.834,-0.410,+0.570,0.702,0.410,-4.010,1,79.191,760.834,4
79.200,012,+56.5992487,+23.6915365,24.060,0.00,+0.00,+0.000,761.521,-0.350,+0.430,0.554,0.350,-3.410,1,79.291,761.521,4
79.300,012,+56.5992489,+23.6915259,22.970,0.00,+0.00,+0.000,762.174,-0.290,+0.360,0.462,0.290,-2.810,1,79.391,762.174,4
79.400,012,+56.5992492,+23.6915158,22.090,0.00,+0.00,+0.000,762.800,-0.230,+0.250,0.340,0.230,-2.210,1,79.491,762.800,4
79.500,012,+56.5992497,+23.6915060,21.420,0.00,+0.00,+0.000,763.404,-0.160,+0.210,0.264,0.160,-1.610,1,79.591,763.404,4
79.600,012,+56.5992503,+23.6914966,20.970,0.00,+0.00,+0.000,763.993,-0.100,+0.170,0.197,0.100,-1.010,1,79.691,763.993,4
79.700,012,+56.5992511,+23.6914873,20.740,0.00,+0.00,+0.000,764.573,-0.040,+0.140,0.146,0.040,-0.410,1,79.791,764.573,4
79.800,012,+56.5992520,+23.6914780,20.720,0.00,+0.00,+0.000,765.148,+0.020,+0.120,0.122,0.000,+0.190,1,79.891,765.148,4
79.900,012,+56.5992531,+23.6914688,20.920,0.00,+0.00,+0.000,765.727,+0.080,+0.110,0.136,0.000,+0.790,1,79.991,765.727,4
80.000,012,+56.5992543,+23.6914595,21.330,0.00,+0.00,+0.000,766.313,+0.140,+0.100,0.172,0.000,+1.390,1,80.091,766.313,4
80.100,012,+56.5992557,+23.6914500,21.960,0.00,+0.00,+0.000,766.915,+0.200,+0.090,0.219,0.000,+1.990,1,80.191,766.915,4
80.200,012,+56.5992571,+23.6914402,22.810,0.00,+0.00,+0.000,767.537,+0.260,+0.070,0.269,0.000,+2.590,1,80.291,767.537,4
80.300,012,+56.5992586,+23.6914299,23.870,0.00,+0.00,+0.000,768.185,+0.330,+0.060,0.335,0.000,+3.190,1,80.391,768.185,4
80.400,012,+56.5992601,+23.6914191,25.150,0.00,+0.00,+0.000,768.866,+0.390,+0.060,0.395,0.000,+3.790,1,80.491,768.866,4
80.500,012,+56.5992617,+23.6914078,26.590,0.00,+0.00,+0.000,769.584,+0.420,+0.050,0.423,0.000,+4.150,1,80.591,769.584,4
80.600,012,+56.5992635,+23.6913957,28.080,0.00,+0.00,+0.000,770.344,+0.410,+0.050,0.413,0.000,+4.030,1,80.691,770.344,4
80.700,012,+56.5992654,+23.6913831,29.400,0.00,+0.00,+0.000,771.142,+0.350,+0.080,0.359,0.000,+3.430,1,80.791,771.142,4
80.800,012,+56.5992675,+23.6913701,30.560,0.00,+0.00,+0.000,771.975,+0.310,+0.090,0.323,0.000,+3.070,1,80.891,771.975,4
80.900,012,+56.5992697,+23.6913565,31.790,0.00,+0.00,+0.000,772.841,+0.370,+0.130,0.392,0.000,+3.670,1,80.991,772.841,4
81.000,012,+56.5992722,+23.6913425,33.240,0.00,+0.00,+0.000,773.744,+0.440,+0.150,0.465,0.000,+4.270,1,81.091,773.744,4
81.100,012,+56.5992750,+23.6913278,34.880,0.00,+0.00,+0.000,774.690,+0.470,+0.170,0.500,0.000,+4.630,1,81.191,774.690,4
81.200,012,+56.5992780,+23.6913126,36.410,0.00,+0.00,+0.000,775.680,+0.410,+0.150,0.437,0.000,+4.030,1,81.291,775.680,4
81.300,012,+56.5992813,+23.6912968,37.740,0.00,+0.00,+0.000,776.710,+0.350,+0.200,0.403,0.000,+3.430,1,81.391,776.710,4
81.400,012,+56.5992848,+23.6912807,38.840,0.00,+0.00,+0.000,777.774,+0.290,+0.210,0.358,0.000,+2.830,1,81.491,777.774,4
81.500,012,+56.5992887,+23.6912643,39.730,0.00,+0.00,+0.000,778.865,+0.230,+0.220,0.318,0.000,+2.230,1,81.591,778.865,4
81.600,012,+56.5992927,+23.6912477,40.420,0.00,+0.00,+0.000,779.978,+0.190,+0.210,0.283,0.000,+1.870,1,81.691,779.978,4
81.700,012,+56.5992970,+23.6912309,41.050,0.00,+0.00,+0.000,781.110,+0.150,+0.160,0.219,0.000,+1.510,1,81.791,781.110,4
81.800,012,+56.5993016,+23.6912142,41.470,0.00,+0.00,+0.000,782.256,+0.090,+0.120,0.150,0.000,+0.910,1,81.891,782.256,4
81.900,012,+56.5993063,+23.6911973,41.660,0.00,+0.00,+0.000,783.410,+0.030,+0.070,0.076,0.000,+0.310,1,81.991,783.410,4
82.000,012,+56.5993109,+23.6911805,41.650,0.00,+0.00,+0.000,784.567,-0.030,+0.020,0.036,0.030,-0.290,1,82.091,784.567,4
82.100,012,+56.5993156,+23.6911637,41.500,0.00,+0.00,+0.000,785.722,-0.070,+0.000,0.070,0.070,-0.650,1,82.191,785.722,4
82.200,012,+56.5993202,+23.6911470,41.140,0.00,+0.00,+0.000,786.870,-0.130,+0.000,0.130,0.130,-1.250,1,82.291,786.870,4
82.300,012,+56.5993248,+23.6911306,40.560,0.00,+0.00,+0.000,788.005,-0.190,+0.000,0.190,0.190,-1.850,1,82.391,788.005,4
82.400,012,+56.5993293,+23.6911144,39.760,0.00,+0.00,+0.000,789.120,-0.250,+0.000,0.250,0.250,-2.450,1,82.491,789.120,4
82.500,012,+56.5993337,+23.6910985,39.010,0.00,+0.00,+0.000,790.214,-0.190,+0.000,0.190,0.190,-1.850,1,82.591,790.214,4
82.600,012,+56.5993381,+23.6910829,38.470,0.00,+0.00,+0.000,791.290,-0.130,+0.000,0.130,0.130,-1.250,1,82.691,791.290,4
82.700,012,+56.5993423,+23.6910674,38.060,0.00,+0.00,+0.000,792.353,-0.130,+0.000,0.130,0.130,-1.250,1,82.791,792.353,4
82.800,012,+56.5993466,+23.6910522,37.590,0.00,+0.00,+0.000,793.404,-0.130,+0.000,0.130,0.130,-1.270,1,82.891,793.404,4
82.900,012,+56.5993508,+23.6910371,37.160,0.00,+0.00,+0.000,794.442,-0.120,+0.000,0.120,0.120,-1.130,1,82.991,794.442,4
83.000,012,+56.5993549,+23.6910222,36.800,0.00,+0.00,+0.000,795.469,-0.090,+0.000,0.090,0.090,-0.900,1,83.091,795.469,4
83.100,012,+56.5993590,+23.6910074,36.530,0.00,+0.00,+0.000,796.488,-0.070,+0.000,0.070,0.070,-0.680,1,83.191,796.488,4
83.200,012,+56.5993631,+23.6909926,36.420,0.00,+0.00,+0.000,797.501,-0.010,+0.000,0.010,0.010,-0.080,1,83.291,797.501,4
83.300,012,+56.5993672,+23.6909779,36.520,0.00,+0.00,+0.000,798.514,+0.050,+0.000,0.050,0.000,+0.520,1,83.391,798.514,4
83.400,012,+56.5993713,+23.6909631,36.580,0.00,+0.00,+0.000,799.529,-0.010,+0.000,0.010,0.010,-0.080,1,83.491,799.529,4
83.500,012,+56.5993754,+23.6909484,36.420,0.00,+0.00,+0.000,800.543,-0.070,-0.040,0.081,0.070,-0.680,1,83.591,800.543,4
83.600,012,+56.5993795,+23.6909338,36.040,0.00,+0.00,+0.000,801.550,-0.130,-0.040,0.136,0.130,-1.280,1,83.691,801.550,4
83.700,012,+56.5993835,+23.6909193,35.470,0.00,+0.00,+0.000,802.543,-0.170,-0.110,0.202,0.170,-1.640,1,83.791,802.543,4
83.800,012,+56.5993873,+23.6909050,35.010,0.00,+0.00,+0.000,803.522,-0.110,-0.180,0.211,0.110,-1.040,1,83.891,803.522,4
83.900,012,+56.5993910,+23.6908908,34.760,0.00,+0.00,+0.000,804.491,-0.040,-0.180,0.184,0.040,-0.440,1,83.991,804.491,4
84.000,012,+56.5993944,+23.6908763,34.710,0.00,+0.00,+0.000,805.456,+0.000,-0.260,0.260,0.000,+0.040,1,84.091,805.456,4
84.100,012,+56.5993975,+23.6908617,34.730,0.00,+0.00,+0.000,806.420,+0.020,-0.300,0.301,0.000,+0.160,1,84.191,806.420,4
84.200,012,+56.5994005,+23.6908469,34.830,0.00,+0.00,+0.000,807.386,+0.030,-0.300,0.301,0.000,+0.280,1,84.291,807.386,4
84.300,012,+56.5994031,+23.6908318,35.020,0.00,+0.00,+0.000,808.356,+0.070,-0.300,0.308,0.000,+0.640,1,84.391,808.356,4
84.400,012,+56.5994056,+23.6908165,35.380,0.00,+0.00,+0.000,809.334,+0.130,-0.310,0.336,0.000,+1.240,1,84.491,809.334,4
84.500,012,+56.5994078,+23.6908009,35.910,0.00,+0.00,+0.000,810.324,+0.160,-0.320,0.358,0.000,+1.600,1,84.591,810.324,4
84.600,012,+56.5994097,+23.6907849,36.350,0.00,+0.00,+0.000,811.328,+0.100,-0.330,0.345,0.000,+1.000,1,84.691,811.328,4
84.700,012,+56.5994114,+23.6907687,36.580,0.00,+0.00,+0.000,812.341,+0.040,-0.330,0.332,0.000,+0.400,1,84.791,812.341,4
84.800,012,+56.5994128,+23.6907523,36.600,0.00,+0.00,+0.000,813.357,-0.020,-0.330,0.331,0.020,-0.200,1,84.891,813.357,4
84.900,012,+56.5994138,+23.6907359,36.390,0.00,+0.00,+0.000,814.371,-0.080,-0.320,0.330,0.080,-0.800,1,84.991,814.371,4
85.000,012,+56.5994146,+23.6907196,35.980,0.00,+0.00,+0.000,815.376,-0.140,-0.280,0.313,0.140,-1.400,1,85.091,815.376,4
85.100,012,+56.5994151,+23.6907035,35.340,0.00,+0.00,+0.000,816.367,-0.200,-0.270,0.336,0.200,-2.000,1,85.191,816.367,4
85.200,012,+56.5994153,+23.6906877,34.750,0.00,+0.00,+0.000,817.340,-0.140,-0.180,0.228,0.140,-1.400,1,85.291,817.340,4
85.300,012,+56.5994153,+23.6906721,34.380,0.00,+0.00,+0.000,818.300,-0.080,-0.110,0.136,0.080,-0.800,1,85.391,818.300,4
85.400,012,+56.5994153,+23.6906566,34.220,0.00,+0.00,+0.000,819.253,-0.020,-0.110,0.112,0.020,-0.200,1,85.491,819.253,4
85.500,012,+56.5994153,+23.6906411,34.270,0.00,+0.00,+0.000,820.204,+0.040,-0.030,0.050,0.000,+0.400,1,85.591,820.204,4
85.600,012,+56.5994153,+23.6906256,34.550,0.00,+0.00,+0.000,821.160,+0.100,+0.000,0.100,0.000,+1.000,1,85.691,821.160,4
85.700,012,+56.5994153,+23.6906098,35.040,0.00,+0.00,+0.000,822.127,+0.160,-0.130,0.206,0.000,+1.600,1,85.791,822.127,4
85.800,012,+56.5994153,+23.6905938,35.690,0.00,+0.00,+0.000,823.109,+0.180,-0.220,0.284,0.000,+1.720,1,85.891,823.109,4
85.900,012,+56.5994153,+23.6905775,36.180,0.00,+0.00,+0.000,824.107,+0.110,-0.420,0.434,0.000,+1.120,1,85.991,824.107,4
86.000,012,+56.5994150,+23.6905611,36.450,0.00,+0.00,+0.000,825.116,+0.050,-0.620,0.622,0.000,+0.520,1,86.091,825.116,4
86.100,012,+56.5994139,+23.6905447,36.510,0.00,+0.00,+0.000,826.129,-0.010,-0.810,0.810,0.010,-0.080,1,86.191,826.129,4
86.200,012,+56.5994119,+23.6905286,36.350,0.00,+0.00,+0.000,827.141,-0.070,-0.900,0.903,0.070,-0.680,1,86.291,827.141,4
86.300,012,+56.5994090,+23.6905131,36.060,0.00,+0.00,+0.000,828.147,-0.080,-0.920,0.923,0.080,-0.800,1,86.391,828.147,4
86.400,012,+56.5994054,+23.6904983,35.720,0.00,+0.00,+0.000,829.144,-0.110,-0.990,0.996,0.110,-1.080,1,86.491,829.144,4
86.500,012,+56.5994011,+23.6904842,35.360,0.00,+0.00,+0.000,830.131,-0.100,-0.880,0.886,0.100,-0.990,1,86.591,830.131,4
86.600,012,+56.5993962,+23.6904710,35.080,0.00,+0.00,+0.000,831.109,-0.060,-0.860,0.862,0.060,-0.630,1,86.691,831.109,4
86.700,012,+56.5993908,+23.6904587,34.860,0.00,+0.00,+0.000,832.081,-0.050,-0.840,0.841,0.050,-0.510,1,86.791,832.081,4
86.800,012,+56.5993848,+23.6904474,34.720,0.00,+0.00,+0.000,833.047,-0.040,-0.830,0.831,0.040,-0.390,1,86.891,833.047,4
86.900,012,+56.5993782,+23.6904371,34.660,0.00,+0.00,+0.000,834.011,+0.000,-0.730,0.730,0.000,-0.030,1,86.991,834.011,4
87.000,012,+56.5993712,+23.6904279,34.780,0.00,+0.00,+0.000,834.975,+0.060,-0.700,0.703,0.000,+0.570,1,87.091,834.975,4
87.100,012,+56.5993638,+23.6904197,35.120,0.00,+0.00,+0.000,835.946,+0.120,-0.650,0.661,0.000,+1.170,1,87.191,835.946,4
87.200,012,+56.5993560,+23.6904121,35.620,0.00,+0.00,+0.000,836.929,+0.130,-0.540,0.555,0.000,+1.290,1,87.291,836.929,4
87.300,012,+56.5993480,+23.6904048,35.950,0.00,+0.00,+0.000,837.923,+0.070,-0.570,0.574,0.000,+0.690,1,87.391,837.923,4
87.400,012,+56.5993397,+23.6903983,36.070,0.00,+0.00,+0.000,838.923,+0.010,-0.460,0.460,0.000,+0.090,1,87.491,838.923,4
87.500,012,+56.5993314,+23.6903924,35.990,0.00,+0.00,+0.000,839.924,-0.030,-0.440,0.441,0.030,-0.270,1,87.591,839.924,4
87.600,012,+56.5993229,+23.6903873,35.820,0.00,+0.00,+0.000,840.921,-0.040,-0.460,0.462,0.040,-0.430,1,87.691,840.921,4
87.700,012,+56.5993143,+23.6903829,35.750,0.00,+0.00,+0.000,841.915,+0.000,-0.360,0.360,0.000,-0.050,1,87.791,841.915,4
87.800,012,+56.5993056,+23.6903793,35.860,0.00,+0.00,+0.000,842.910,+0.060,-0.340,0.345,0.000,+0.550,1,87.891,842.910,4
87.900,012,+56.5992967,+23.6903762,36.180,0.00,+0.00,+0.000,843.910,+0.090,-0.250,0.266,0.000,+0.910,1,87.991,843.910,4
88.000,012,+56.5992878,+23.6903733,36.370,0.00,+0.00,+0.000,844.918,+0.030,-0.230,0.232,0.000,+0.310,1,88.091,844.918,4
88.100,012,+56.5992789,+23.6903705,36.480,0.00,+0.00,+0.000,845.930,+0.020,-0.200,0.201,0.000,+0.190,1,88.191,845.930,4
88.200,012,+56.5992699,+23.6903679,36.470,0.00,+0.00,+0.000,846.943,-0.020,-0.140,0.141,0.020,-0.170,1,88.291,846.943,4
88.300,012,+56.5992609,+23.6903656,36.300,0.00,+0.00,+0.000,847.954,-0.050,-0.150,0.158,0.050,-0.530,1,88.391,847.954,4
88.400,012,+56.5992519,+23.6903636,35.980,0.00,+0.00,+0.000,848.957,-0.120,-0.150,0.192,0.120,-1.130,1,88.491,848.957,4
88.500,012,+56.5992431,+23.6903619,35.530,0.00,+0.00,+0.000,849.951,-0.140,-0.140,0.198,0.140,-1.330,1,88.591,849.951,4
88.600,012,+56.5992343,+23.6903604,34.920,0.00,+0.00,+0.000,850.929,-0.200,-0.140,0.244,0.200,-1.930,1,88.691,850.929,4
88.700,012,+56.5992258,+23.6903591,34.100,0.00,+0.00,+0.000,851.888,-0.260,-0.120,0.286,0.260,-2.530,1,88.791,851.888,4
88.800,012,+56.5992174,+23.6903581,33.120,0.00,+0.00,+0.000,852.821,-0.270,-0.090,0.285,0.270,-2.650,1,88.891,852.821,4
88.900,012,+56.5992093,+23.6903574,32.260,0.00,+0.00,+0.000,853.729,-0.220,-0.070,0.231,0.220,-2.170,1,88.991,853.729,4
89.000,012,+56.5992014,+23.6903568,31.570,0.00,+0.00,+0.000,854.616,-0.180,-0.050,0.187,0.180,-1.780,1,89.091,854.616,4
89.100,012,+56.5991936,+23.6903562,30.950,0.00,+0.00,+0.000,855.484,-0.160,-0.030,0.163,0.160,-1.610,1,89.191,855.484,4
89.200,012,+56.5991860,+23.6903557,30.370,0.00,+0.00,+0.000,856.336,-0.150,-0.010,0.150,0.150,-1.500,1,89.291,856.336,4
89.300,012,+56.5991785,+23.6903552,29.850,0.00,+0.00,+0.000,857.172,-0.130,-0.010,0.130,0.130,-1.270,1,89.391,857.172,4
89.400,012,+56.5991711,+23.6903546,29.530,0.00,+0.00,+0.000,857.997,-0.070,+0.000,0.070,0.070,-0.670,1,89.491,857.997,4
89.500,012,+56.5991637,+23.6903541,29.410,0.00,+0.00,+0.000,858.816,-0.010,+0.000,0.010,0.010,-0.070,1,89.591,858.816,4
89.600,012,+56.5991564,+23.6903536,29.520,0.00,+0.00,+0.000,859.634,+0.050,+0.000,0.050,0.000,+0.530,1,89.691,859.634,4
89.700,012,+56.5991490,+23.6903531,29.830,0.00,+0.00,+0.000,860.458,+0.110,+0.000,0.110,0.000,+1.130,1,89.791,860.458,4
89.800,012,+56.5991415,+23.6903525,30.320,0.00,+0.00,+0.000,861.294,+0.130,+0.000,0.130,0.000,+1.250,1,89.891,861.294,4
89.900,012,+56.5991339,+23.6903520,30.640,0.00,+0.00,+0.000,862.141,+0.070,+0.000,0.070,0.000,+0.650,1,89.991,862.141,4
90.000,012,+56.5991262,+23.6903514,30.740,0.00,+0.00,+0.000,862.993,+0.000,+0.000,0.000,0.000,+0.050,1,90.091,862.993,4
90.100,012,+56.5991186,+23.6903509,30.630,0.00,+0.00,+0.000,863.845,-0.060,+0.000,0.060,0.060,-0.550,1,90.191,863.845,4
90.200,012,+56.5991110,+23.6903503,30.310,0.00,+0.00,+0.000,864.692,-0.090,+0.000,0.090,0.090,-0.910,1,90.291,864.692,4
90.300,012,+56.5991035,+23.6903498,30.030,0.00,+0.00,+0.000,865.530,-0.060,+0.000,0.060,0.060,-0.630,1,90.391,865.530,4
90.400,012,+56.5990960,+23.6903493,29.850,0.00,+0.00,+0.000,866.362,-0.030,+0.000,0.030,0.030,-0.270,1,90.491,866.362,4
90.500,012,+56.5990886,+23.6903487,29.880,0.00,+0.00,+0.000,867.191,+0.030,+0.000,0.030,0.000,+0.330,1,90.591,867.191,4
90.600,012,+56.5990811,+23.6903482,30.120,0.00,+0.00,+0.000,868.024,+0.090,+0.000,0.090,0.000,+0.930,1,90.691,868.024,4
90.700,012,+56.5990735,+23.6903477,30.590,0.00,+0.00,+0.000,868.868,+0.160,+0.000,0.160,0.000,+1.530,1,90.791,868.868,4
90.800,012,+56.5990658,+23.6903471,31.270,0.00,+0.00,+0.000,869.727,+0.220,+0.000,0.220,0.000,+2.130,1,90.891,869.727,4
90.900,012,+56.5990579,+23.6903465,32.160,0.00,+0.00,+0.000,870.608,+0.280,+0.000,0.280,0.000,+2.730,1,90.991,870.608,4
91.000,012,+56.5990497,+23.6903460,33.270,0.00,+0.00,+0.000,871.517,+0.340,+0.000,0.340,0.000,+3.330,1,91.091,871.517,4
91.100,012,+56.5990412,+23.6903454,34.600,0.00,+0.00,+0.000,872.459,+0.400,+0.000,0.400,0.000,+3.930,1,91.191,872.459,4
91.200,012,+56.5990323,+23.6903447,36.140,0.00,+0.00,+0.000,873.442,+0.460,+0.000,0.460,0.000,+4.530,1,91.291,873.442,4
91.300,012,+56.5990231,+23.6903441,37.880,0.00,+0.00,+0.000,874.470,+0.500,+0.000,0.500,0.000,+4.910,1,91.391,874.470,4
91.400,012,+56.5990134,+23.6903434,39.640,0.00,+0.00,+0.000,875.546,+0.500,+0.000,0.500,0.000,+4.910,1,91.491,875.546,4
91.500,012,+56.5990032,+23.6903426,41.280,0.00,+0.00,+0.000,876.670,+0.440,+0.000,0.440,0.000,+4.310,1,91.591,876.670,4
91.600,012,+56.5989927,+23.6903419,42.700,0.00,+0.00,+0.000,877.837,+0.380,+0.000,0.380,0.000,+3.700,1,91.691,877.837,4
91.700,012,+56.5989819,+23.6903411,43.900,0.00,+0.00,+0.000,879.039,+0.320,+0.000,0.320,0.000,+3.100,1,91.791,879.039,4
91.800,012,+56.5989708,+23.6903403,44.890,0.00,+0.00,+0.000,880.273,+0.260,+0.000,0.260,0.000,+2.500,1,91.891,880.273,4
91.900,012,+56.5989595,+23.6903395,45.670,0.00,+0.00,+0.000,881.530,+0.190,+0.000,0.190,0.000,+1.900,1,91.991,881.530,4
92.000,012,+56.5989480,+23.6903387,46.220,0.00,+0.00,+0.000,882.807,+0.130,+0.000,0.130,0.000,+1.300,1,92.091,882.807,4
92.100,012,+56.5989364,+23.6903379,46.560,0.00,+0.00,+0.000,884.095,+0.070,+0.000,0.070,0.000,+0.700,1,92.191,884.095,4
92.200,012,+56.5989248,+23.6903370,46.690,0.00,+0.00,+0.000,885.390,+0.010,+0.000,0.010,0.000,+0.100,1,92.291,885.390,4
92.300,012,+56.5989132,+23.6903362,46.680,0.00,+0.00,+0.000,886.687,+0.000,+0.030,0.030,0.000,-0.020,1,92.391,886.687,4
92.400,012,+56.5989015,+23.6903354,46.550,0.00,+0.00,+0.000,887.982,-0.060,+0.160,0.171,0.060,-0.620,1,92.491,887.982,4
92.500,012,+56.5988900,+23.6903345,46.190,0.00,+0.00,+0.000,889.270,-0.120,+0.290,0.314,0.120,-1.220,1,92.591,889.270,4
92.600,012,+56.5988786,+23.6903333,45.630,0.00,+0.00,+0.000,890.545,-0.190,+0.410,0.452,0.190,-1.820,1,92.691,890.545,4
92.700,012,+56.5988673,+23.6903313,44.860,0.00,+0.00,+0.000,891.802,-0.220,+0.520,0.565,0.220,-2.180,1,92.791,891.802,4
92.800,012,+56.5988564,+23.6903283,44.120,0.00,+0.00,+0.000,893.038,-0.190,+0.530,0.563,0.190,-1.820,1,92.891,893.038,4
92.900,012,+56.5988457,+23.6903246,43.510,0.00,+0.00,+0.000,894.255,-0.150,+0.360,0.390,0.150,-1.460,1,92.991,894.255,4
93.000,012,+56.5988352,+23.6903200,43.120,0.00,+0.00,+0.000,895.458,-0.090,+0.140,0.166,0.090,-0.860,1,93.091,895.458,4
93.200,012,+56.5988144,+23.6903108,42.540,0.00,+0.00,+0.000,895.458,-0.120,-0.260,0.286,0.120,-1.220,2,0.070,0.000,4
93.300,012,+56.5988041,+23.6903071,41.980,0.00,+0.00,+0.000,896.632,-0.190,-0.400,0.443,0.190,-1.820,2,0.170,1.174,4
93.400,012,+56.5987938,+23.6903043,41.210,0.00,+0.00,+0.000,897.788,-0.220,-0.370,0.430,0.220,-2.180,2,0.270,2.329,4
93.500,012,+56.5987837,+23.6903021,40.470,0.00,+0.00,+0.000,898.922,-0.190,-0.270,0.330,0.190,-1.820,2,0.370,3.464,4
93.600,012,+56.5987738,+23.6903005,39.900,0.00,+0.00,+0.000,900.038,-0.150,-0.180,0.234,0.150,-1.460,2,0.470,4.580,4
93.700,012,+56.5987639,+23.6902991,39.380,0.00,+0.00,+0.000,901.139,-0.140,-0.140,0.198,0.140,-1.340,2,0.570,5.681,4
93.800,012,+56.5987542,+23.6902978,38.860,0.00,+0.00,+0.000,902.226,-0.170,-0.060,0.180,0.170,-1.700,2,0.670,6.768,4
93.900,012,+56.5987446,+23.6902965,38.170,0.00,+0.00,+0.000,903.296,-0.210,+0.000,0.210,0.210,-2.060,2,0.770,7.838,4
94.000,012,+56.5987352,+23.6902952,37.440,0.00,+0.00,+0.000,904.346,-0.200,+0.000,0.200,0.200,-1.940,2,0.870,8.888,4
94.100,012,+56.5987260,+23.6902940,36.660,0.00,+0.00,+0.000,905.375,-0.230,+0.000,0.230,0.230,-2.300,2,0.970,9.917,4
94.200,012,+56.5987170,+23.6902927,35.870,0.00,+0.00,+0.000,906.383,-0.200,+0.000,0.200,0.200,-1.970,2,1.070,10.924,4
94.300,012,+56.5987082,+23.6902915,35.290,0.00,+0.00,+0.000,907.371,-0.140,+0.000,0.140,0.140,-1.400,2,1.170,11.913,4
94.400,012,+56.5986995,+23.6902903,34.870,0.00,+0.00,+0.000,908.345,-0.110,+0.000,0.110,0.110,-1.040,2,1.270,12.887,4
94.500,012,+56.5986909,+23.6902892,34.430,0.00,+0.00,+0.000,909.308,-0.130,+0.000,0.130,0.130,-1.240,2,1.370,13.850,4
94.600,012,+56.5986824,+23.6902880,33.990,0.00,+0.00,+0.000,910.258,-0.120,+0.000,0.120,0.120,-1.170,2,1.470,14.800,4
94.700,012,+56.5986740,+23.6902869,33.440,0.00,+0.00,+0.000,911.195,-0.180,+0.000,0.180,0.180,-1.770,2,1.570,15.736,4
94.800,012,+56.5986658,+23.6902857,32.670,0.00,+0.00,+0.000,912.113,-0.240,+0.000,0.240,0.240,-2.370,2,1.670,16.655,4
94.900,012,+56.5986578,+23.6902846,31.690,0.00,+0.00,+0.000,913.007,-0.300,+0.000,0.300,0.300,-2.970,2,1.770,17.548,4
95.000,012,+56.5986501,+23.6902836,30.550,0.00,+0.00,+0.000,913.871,-0.310,+0.000,0.310,0.310,-3.050,2,1.870,18.413,4
95.100,012,+56.5986426,+23.6902826,29.510,0.00,+0.00,+0.000,914.705,-0.270,+0.000,0.270,0.270,-2.690,2,1.970,19.247,4
95.200,012,+56.5986354,+23.6902816,28.670,0.00,+0.00,+0.000,915.514,-0.210,+0.000,0.210,0.210,-2.090,2,2.070,20.055,4
95.300,012,+56.5986284,+23.6902806,28.050,0.00,+0.00,+0.000,916.301,-0.150,+0.000,0.150,0.150,-1.490,2,2.170,20.843,4
95.400,012,+56.5986215,+23.6902797,27.640,0.00,+0.00,+0.000,917.075,-0.090,+0.000,0.090,0.090,-0.890,2,2.270,21.616,4
95.500,012,+56.5986146,+23.6902788,27.450,0.00,+0.00,+0.000,917.840,-0.030,+0.000,0.030,0.030,-0.290,2,2.370,22.382,4
95.600,012,+56.5986078,+23.6902778,27.470,0.00,+0.00,+0.000,918.603,+0.030,+0.000,0.030,0.000,+0.310,2,2.470,23.144,4
95.700,012,+56.5986009,+23.6902769,27.710,0.00,+0.00,+0.000,919.369,+0.090,+0.000,0.090,0.000,+0.910,2,2.570,23.911,4
95.800,012,+56.5985940,+23.6902759,28.170,0.00,+0.00,+0.000,920.145,+0.150,+0.000,0.150,0.000,+1.510,2,2.670,24.687,4
95.900,012,+56.5985869,+23.6902750,28.840,0.00,+0.00,+0.000,920.937,+0.210,+0.000,0.210,0.000,+2.110,2,2.770,25.479,4
96.000,012,+56.5985796,+23.6902740,29.730,0.00,+0.00,+0.000,921.750,+0.280,+0.000,0.280,0.000,+2.710,2,2.870,26.292,4
96.100,012,+56.5985720,+23.6902730,30.780,0.00,+0.00,+0.000,922.591,+0.290,+0.000,0.290,0.000,+2.830,2,2.970,27.133,4
96.200,012,+56.5985642,+23.6902719,31.670,0.00,+0.00,+0.000,923.458,+0.230,+0.000,0.230,0.000,+2.230,2,3.070,28.000,4
96.300,012,+56.5985562,+23.6902708,32.340,0.00,+0.00,+0.000,924.347,+0.170,+0.000,0.170,0.000,+1.630,2,3.170,28.889,4
96.400,012,+56.5985481,+23.6902697,32.790,0.00,+0.00,+0.000,925.252,+0.100,+0.000,0.100,0.000,+1.030,2,3.270,29.793,4
96.500,012,+56.5985399,+23.6902686,33.030,0.00,+0.00,+0.000,926.166,+0.040,+0.000,0.040,0.000,+0.430,2,3.370,30.708,4
96.600,012,+56.5985317,+23.6902675,33.060,0.00,+0.00,+0.000,927.084,-0.010,+0.000,0.010,0.010,-0.070,2,3.470,31.626,4
96.700,012,+56.5985235,+23.6902663,33.000,0.00,+0.00,+0.000,928.001,-0.020,+0.000,0.020,0.020,-0.190,2,3.570,32.543,4
96.800,012,+56.5985153,+23.6902652,32.880,0.00,+0.00,+0.000,928.916,-0.030,+0.000,0.030,0.030,-0.310,2,3.670,33.458,4
96.900,012,+56.5985071,+23.6902641,32.760,0.00,+0.00,+0.000,929.828,-0.020,+0.000,0.020,0.020,-0.190,2,3.770,34.370,4
97.000,012,+56.5984990,+23.6902630,32.740,0.00,+0.00,+0.000,930.738,+0.020,+0.000,0.020,0.000,+0.170,2,3.870,35.279,4
97.100,012,+56.5984908,+23.6902619,32.930,0.00,+0.00,+0.000,931.650,+0.080,+0.000,0.080,0.000,+0.770,2,3.970,36.192,4
97.200,012,+56.5984826,+23.6902608,33.340,0.00,+0.00,+0.000,932.570,+0.140,+0.000,0.140,0.000,+1.370,2,4.070,37.112,4
97.300,012,+56.5984742,+23.6902596,33.960,0.00,+0.00,+0.000,933.505,+0.200,+0.000,0.200,0.000,+1.970,2,4.170,38.047,4
97.400,012,+56.5984656,+23.6902584,34.800,0.00,+0.00,+0.000,934.460,+0.260,+0.000,0.260,0.000,+2.570,2,4.270,39.002,4
97.500,012,+56.5984568,+23.6902572,35.850,0.00,+0.00,+0.000,935.441,+0.320,+0.000,0.320,0.000,+3.170,2,4.370,39.983,4
97.600,012,+56.5984477,+23.6902560,37.030,0.00,+0.00,+0.000,936.454,+0.340,+0.000,0.340,0.000,+3.290,2,4.470,40.995,4
97.700,012,+56.5984383,+23.6902547,38.120,0.00,+0.00,+0.000,937.497,+0.300,+0.000,0.300,0.000,+2.930,2,4.570,42.039,4
97.800,012,+56.5984287,+23.6902534,39.140,0.00,+0.00,+0.000,938.570,+0.290,+0.000,0.290,0.000,+2.810,2,4.670,43.112,4
97.900,012,+56.5984188,+23.6902521,40.050,0.00,+0.00,+0.000,939.670,+0.250,+0.000,0.250,0.000,+2.450,2,4.770,44.212,4
98.000,012,+56.5984087,+23.6902507,40.800,0.00,+0.00,+0.000,940.793,+0.190,+0.000,0.190,0.000,+1.850,2,4.870,45.335,4
98.100,012,+56.5983985,+23.6902493,41.340,0.00,+0.00,+0.000,941.934,+0.130,+0.000,0.130,0.000,+1.250,2,4.970,46.476,4
98.200,012,+56.5983882,+23.6902479,41.660,0.00,+0.00,+0.000,943.087,+0.070,+0.000,0.070,0.000,+0.650,2,5.070,47.628,4
98.300,012,+56.5983778,+23.6902465,41.760,0.00,+0.00,+0.000,944.245,+0.010,+0.000,0.010,0.000,+0.050,2,5.170,48.787,4
98.400,012,+56.5983674,+23.6902450,41.660,0.00,+0.00,+0.000,945.404,-0.050,+0.000,0.050,0.050,-0.470,2,5.270,49.946,4
98.500,012,+56.5983571,+23.6902436,41.450,0.00,+0.00,+0.000,946.558,-0.060,+0.000,0.060,0.060,-0.590,2,5.370,51.100,4
98.600,012,+56.5983468,+23.6902422,41.330,0.00,+0.00,+0.000,947.708,-0.020,+0.000,0.020,0.020,-0.230,2,5.470,52.250,4
98.700,012,+56.5983365,+23.6902408,41.230,0.00,+0.00,+0.000,948.855,-0.040,+0.000,0.040,0.040,-0.350,2,5.570,53.396,4
98.800,012,+56.5983263,+23.6902394,41.130,0.00,+0.00,+0.000,949.999,-0.020,+0.000,0.020,0.020,-0.230,2,5.670,54.540,4
98.900,012,+56.5983160,+23.6902380,41.090,0.00,+0.00,+0.000,951.140,+0.010,+0.000,0.010,0.000,+0.130,2,5.770,55.682,4
99.000,012,+56.5983058,+23.6902366,41.240,0.00,+0.00,+0.000,952.284,+0.050,+0.000,0.050,0.000,+0.490,2,5.870,56.826,4
99.100,012,+56.5982955,+23.6902352,41.290,0.00,+0.00,+0.000,953.430,-0.010,+0.000,0.010,0.010,-0.110,2,5.970,57.972,4
99.200,012,+56.5982853,+23.6902338,41.120,0.00,+0.00,+0.000,954.575,-0.070,+0.000,0.070,0.070,-0.710,2,6.070,59.116,4
99.300,012,+56.5982751,+23.6902325,40.750,0.00,+0.00,+0.000,955.712,-0.130,+0.000,0.130,0.130,-1.260,2,6.170,60.253,4
99.400,012,+56.5982650,+23.6902311,40.360,0.00,+0.00,+0.000,956.838,-0.090,-0.020,0.092,0.090,-0.900,2,6.270,61.380,4
99.500,012,+56.5982550,+23.6902297,40.160,0.00,+0.00,+0.000,957.957,-0.030,-0.070,0.076,0.030,-0.300,2,6.370,62.498,4
99.600,012,+56.5982450,+23.6902284,40.180,0.00,+0.00,+0.000,959.073,+0.030,-0.110,0.114,0.000,+0.300,2,6.470,63.614,4
99.700,012,+56.5982350,+23.6902274,40.370,0.00,+0.00,+0.000,960.191,+0.040,-0.160,0.165,0.000,+0.420,2,6.570,64.733,4
99.800,012,+56.5982249,+23.6902266,40.390,0.00,+0.00,+0.000,961.313,-0.020,-0.200,0.201,0.020,-0.180,2,6.670,65.855,4
99.900,012,+56.5982148,+23.6902263,40.200,0.00,+0.00,+0.000,962.432,-0.080,-0.220,0.234,0.080,-0.780,2,6.770,66.974,4
100.000,012,+56.5982049,+23.6902263,39.790,0.00,+0.00,+0.000,963.543,-0.140,-0.220,0.261,0.140,-1.380,2,6.870,68.085,4
100.100,012,+56.5981950,+23.6902266,39.160,0.00,+0.00,+0.000,964.640,-0.200,-0.210,0.290,0.200,-1.980,2,6.970,69.181,4
100.200,012,+56.5981854,+23.6902273,38.320,0.00,+0.00,+0.000,965.716,-0.260,-0.160,0.305,0.260,-2.580,2,7.070,70.258,4
100.300,012,+56.5981760,+23.6902282,37.350,0.00,+0.00,+0.000,966.767,-0.300,-0.190,0.355,0.300,-2.940,2,7.170,71.308,4
100.400,012,+56.5981669,+23.6902294,36.160,0.00,+0.00,+0.000,967.788,-0.360,-0.180,0.402,0.360,-3.540,2,7.270,72.329,4
100.500,012,+56.5981581,+23.6902308,34.830,0.00,+0.00,+0.000,968.774,-0.390,-0.150,0.418,0.390,-3.840,2,7.370,73.315,4
100.600,012,+56.5981496,+23.6902324,33.580,0.00,+0.00,+0.000,969.724,-0.330,-0.130,0.355,0.330,-3.240,2,7.470,74.266,4
100.700,012,+56.5981415,+23.6902343,32.540,0.00,+0.00,+0.000,970.642,-0.270,-0.120,0.295,0.270,-2.640,2,7.570,75.184,4
100.800,012,+56.5981336,+23.6902362,31.720,0.00,+0.00,+0.000,971.535,-0.210,-0.140,0.252,0.210,-2.040,2,7.670,76.076,4
100.900,012,+56.5981258,+23.6902381,31.120,0.00,+0.00,+0.000,972.408,-0.150,-0.110,0.186,0.150,-1.440,2,7.770,76.949,4
101.000,012,+56.5981182,+23.6902402,30.730,0.00,+0.00,+0.000,973.267,-0.090,-0.110,0.142,0.090,-0.840,2,7.870,77.808,4
101.100,012,+56.5981107,+23.6902425,30.560,0.00,+0.00,+0.000,974.118,-0.030,-0.130,0.133,0.030,-0.290,2,7.970,78.659,4
101.200,012,+56.5981032,+23.6902450,30.380,0.00,+0.00,+0.000,974.964,-0.070,-0.140,0.157,0.070,-0.720,2,8.070,79.506,4
101.300,012,+56.5980958,+23.6902477,30.020,0.00,+0.00,+0.000,975.803,-0.100,-0.150,0.180,0.100,-1.020,2,8.170,80.345,4
101.400,012,+56.5980885,+23.6902507,29.710,0.00,+0.00,+0.000,976.633,-0.070,-0.150,0.166,0.070,-0.680,2,8.270,81.174,4
101.500,012,+56.5980814,+23.6902538,29.600,0.00,+0.00,+0.000,977.456,-0.010,-0.170,0.170,0.010,-0.080,2,8.370,81.998,4
101.600,012,+56.5980742,+23.6902572,29.700,0.00,+0.00,+0.000,978.280,+0.050,-0.150,0.158,0.000,+0.520,2,8.470,82.822,4
101.700,012,+56.5980670,+23.6902609,30.020,0.00,+0.00,+0.000,979.109,+0.110,-0.150,0.186,0.000,+1.120,2,8.570,83.651,4
101.800,012,+56.5980598,+23.6902649,30.550,0.00,+0.00,+0.000,979.951,+0.180,-0.150,0.234,0.000,+1.720,2,8.670,84.492,4
101.900,012,+56.5980524,+23.6902692,31.300,0.00,+0.00,+0.000,980.810,+0.240,-0.120,0.268,0.000,+2.320,2,8.770,85.351,4
102.000,012,+56.5980449,+23.6902739,32.270,0.00,+0.00,+0.000,981.693,+0.300,-0.130,0.327,0.000,+2.920,2,8.870,86.234,4
102.100,012,+56.5980372,+23.6902789,33.430,0.00,+0.00,+0.000,982.605,+0.330,-0.130,0.355,0.000,+3.280,2,8.970,87.147,4
102.200,012,+56.5980292,+23.6902843,34.480,0.00,+0.00,+0.000,983.548,+0.270,-0.130,0.300,0.000,+2.680,2,9.070,88.090,4
102.300,012,+56.5980210,+23.6902899,35.320,0.00,+0.00,+0.000,984.518,+0.210,-0.150,0.258,0.000,+2.080,2,9.170,89.059,4
102.400,012,+56.5980128,+23.6902959,35.940,0.00,+0.00,+0.000,985.508,+0.150,-0.170,0.227,0.000,+1.480,2,9.270,90.049,4
102.500,012,+56.5980045,+23.6903023,36.340,0.00,+0.00,+0.000,986.511,+0.090,-0.220,0.238,0.000,+0.880,2,9.370,91.053,4
102.600,012,+56.5979962,+23.6903091,36.550,0.00,+0.00,+0.000,987.524,+0.050,-0.240,0.245,0.000,+0.520,2,9.470,92.065,4
102.700,012,+56.5979879,+23.6903163,36.870,0.00,+0.00,+0.000,988.544,+0.110,-0.210,0.237,0.000,+1.120,2,9.570,93.085,4
102.800,012,+56.5979796,+23.6903239,37.230,0.00,+0.00,+0.000,989.573,+0.080,-0.220,0.234,0.000,+0.760,2,9.670,94.114,4
102.900,012,+56.5979714,+23.6903319,37.370,0.00,+0.00,+0.000,990.609,+0.020,-0.190,0.191,0.000,+0.160,2,9.770,95.150,4
103.000,012,+56.5979633,+23.6903401,37.300,0.00,+0.00,+0.000,991.646,-0.040,-0.200,0.204,0.040,-0.440,2,9.870,96.187,4
103.100,012,+56.5979553,+23.6903485,37.010,0.00,+0.00,+0.000,992.678,-0.110,-0.160,0.194,0.110,-1.040,2,9.970,97.220,4
103.200,012,+56.5979474,+23.6903571,36.610,0.00,+0.00,+0.000,993.700,-0.100,-0.160,0.189,0.100,-0.950,2,10.070,98.242,4
103.300,012,+56.5979397,+23.6903658,36.340,0.00,+0.00,+0.000,994.714,-0.050,-0.140,0.149,0.050,-0.530,2,10.170,99.255,4
103.400,012,+56.5979320,+23.6903746,36.280,0.00,+0.00,+0.000,995.722,+0.010,-0.130,0.130,0.000,+0.070,2,10.270,100.264,4
103.500,012,+56.5979245,+23.6903836,36.330,0.00,+0.00,+0.000,996.731,-0.010,-0.090,0.091,0.010,-0.050,2,10.370,101.272,4
103.600,012,+56.5979170,+23.6903928,36.180,0.00,+0.00,+0.000,997.738,-0.070,-0.080,0.106,0.070,-0.650,2,10.470,102.279,4
103.700,012,+56.5979096,+23.6904021,35.820,0.00,+0.00,+0.000,998.738,-0.130,-0.060,0.143,0.130,-1.250,2,10.570,103.279,4
103.800,012,+56.5979023,+23.6904112,35.240,0.00,+0.00,+0.000,999.725,-0.190,-0.040,0.194,0.190,-1.850,2,10.670,104.266,4
103.900,012,+56.5978952,+23.6904201,34.620,0.00,+0.00,+0.000,1000.695,-0.150,-0.060,0.162,0.150,-1.490,2,10.770,105.237,4
104.000,012,+56.5978881,+23.6904289,34.210,0.00,+0.00,+0.000,1001.651,-0.090,-0.050,0.103,0.090,-0.890,2,10.870,106.193,4
104.100,012,+56.5978812,+23.6904378,34.000,0.00,+0.00,+0.000,1002.598,-0.060,-0.090,0.108,0.060,-0.550,2,10.970,107.140,4
104.200,012,+56.5978743,+23.6904468,33.820,0.00,+0.00,+0.000,1003.540,-0.050,-0.120,0.130,0.050,-0.500,2,11.070,108.082,4
104.300,012,+56.5978675,+23.6904558,33.660,0.00,+0.00,+0.000,1004.478,-0.040,-0.120,0.126,0.040,-0.420,2,11.170,109.019,4
104.400,012,+56.5978609,+23.6904651,33.560,0.00,+0.00,+0.000,1005.411,-0.020,-0.140,0.141,0.020,-0.200,2,11.270,109.953,4
104.500,012,+56.5978543,+23.6904745,33.560,0.00,+0.00,+0.000,1006.343,+0.020,-0.140,0.141,0.000,+0.190,2,11.370,110.885,4
104.600,012,+56.5978478,+23.6904841,33.760,0.00,+0.00,+0.000,1007.278,+0.080,-0.140,0.161,0.000,+0.790,2,11.470,111.820,4
104.700,012,+56.5978413,+23.6904939,34.030,0.00,+0.00,+0.000,1008.220,+0.070,-0.140,0.157,0.000,+0.670,2,11.570,112.762,4
104.800,012,+56.5978348,+23.6905040,34.140,0.00,+0.00,+0.000,1009.167,+0.010,-0.140,0.140,0.000,+0.070,2,11.670,113.708,4
104.900,012,+56.5978285,+23.6905142,34.040,0.00,+0.00,+0.000,1010.114,-0.050,-0.140,0.149,0.050,-0.530,2,11.770,114.655,4
105.000,012,+56.5978222,+23.6905246,33.720,0.00,+0.00,+0.000,1011.055,-0.120,-0.140,0.184,0.120,-1.130,2,11.870,115.596,4
105.100,012,+56.5978162,+23.6905349,33.200,0.00,+0.00,+0.000,1011.984,-0.150,-0.130,0.198,0.150,-1.490,2,11.970,116.526,4
105.200,012,+56.5978103,+23.6905453,32.720,0.00,+0.00,+0.000,1012.900,-0.120,-0.130,0.177,0.120,-1.130,2,12.070,117.441,4
105.300,012,+56.5978045,+23.6905556,32.190,0.00,+0.00,+0.000,1013.801,-0.180,-0.130,0.222,0.180,-1.730,2,12.170,118.343,4
105.400,012,+56.5977990,+23.6905659,31.610,0.00,+0.00,+0.000,1014.687,-0.140,-0.110,0.178,0.140,-1.370,2,12.270,119.229,4
105.500,012,+56.5977936,+23.6905762,31.240,0.00,+0.00,+0.000,1015.560,-0.080,-0.070,0.106,0.080,-0.770,2,12.370,120.102,4
105.600,012,+56.5977883,+23.6905865,31.100,0.00,+0.00,+0.000,1016.426,-0.020,-0.070,0.073,0.020,-0.170,2,12.470,120.968,4
105.700,012,+56.5977831,+23.6905969,31.160,0.00,+0.00,+0.000,1017.291,+0.040,-0.040,0.057,0.000,+0.430,2,12.570,121.832,4
105.800,012,+56.5977778,+23.6906074,31.450,0.00,+0.00,+0.000,1018.160,+0.110,-0.040,0.117,0.000,+1.030,2,12.670,122.702,4
105.900,012,+56.5977725,+23.6906181,31.950,0.00,+0.00,+0.000,1019.041,+0.170,-0.020,0.171,0.000,+1.630,2,12.770,123.583,4
106.000,012,+56.5977671,+23.6906289,32.670,0.00,+0.00,+0.000,1019.939,+0.230,+0.000,0.230,0.000,+2.230,2,12.870,124.480,4
106.100,012,+56.5977615,+23.6906400,33.550,0.00,+0.00,+0.000,1020.858,+0.240,+0.000,0.240,0.000,+2.350,2,12.970,125.400,4
106.200,012,+56.5977558,+23.6906514,34.270,0.00,+0.00,+0.000,1021.800,+0.180,+0.000,0.180,0.000,+1.750,2,13.070,126.342,4
106.300,012,+56.5977500,+23.6906630,34.770,0.00,+0.00,+0.000,1022.759,+0.120,+0.000,0.120,0.000,+1.150,2,13.170,127.301,4
106.400,012,+56.5977442,+23.6906747,35.050,0.00,+0.00,+0.000,1023.729,+0.060,-0.040,0.072,0.000,+0.550,2,13.270,128.270,4
106.500,012,+56.5977383,+23.6906865,35.120,0.00,+0.00,+0.000,1024.703,+0.000,-0.110,0.110,0.000,-0.050,2,13.370,129.245,4
106.600,012,+56.5977324,+23.6906982,34.990,0.00,+0.00,+0.000,1025.677,-0.040,-0.190,0.194,0.040,-0.410,2,13.470,130.219,4
106.700,012,+56.5977267,+23.6907101,34.800,0.00,+0.00,+0.000,1026.646,-0.050,-0.190,0.196,0.050,-0.530,2,13.570,131.188,4
106.800,012,+56.5977211,+23.6907221,34.580,0.00,+0.00,+0.000,1027.610,-0.070,-0.260,0.269,0.070,-0.650,2,13.670,132.152,4
106.900,012,+56.5977159,+23.6907344,34.380,0.00,+0.00,+0.000,1028.568,-0.040,-0.340,0.342,0.040,-0.350,2,13.770,133.109,4
107.000,012,+56.5977109,+23.6907471,34.380,0.00,+0.00,+0.000,1029.523,+0.030,-0.380,0.381,0.000,+0.250,2,13.870,134.064,4
107.100,012,+56.5977062,+23.6907602,34.600,0.00,+0.00,+0.000,1030.481,+0.090,-0.380,0.391,0.000,+0.850,2,13.970,135.023,4
107.200,012,+56.5977017,+23.6907737,35.040,0.00,+0.00,+0.000,1031.448,+0.150,-0.390,0.418,0.000,+1.450,2,14.070,135.990,4
107.300,012,+56.5976975,+23.6907877,35.690,0.00,+0.00,+0.000,1032.430,+0.210,-0.410,0.461,0.000,+2.050,2,14.170,136.972,4
107.400,012,+56.5976935,+23.6908024,36.550,0.00,+0.00,+0.000,1033.434,+0.270,-0.430,0.508,0.000,+2.650,2,14.270,137.975,4
107.500,012,+56.5976897,+23.6908177,37.580,0.00,+0.00,+0.000,1034.463,+0.280,-0.450,0.530,0.000,+2.770,2,14.370,139.005,4
107.600,012,+56.5976862,+23.6908338,38.450,0.00,+0.00,+0.000,1035.519,+0.220,-0.440,0.492,0.000,+2.170,2,14.470,140.061,4
107.700,012,+56.5976831,+23.6908504,39.100,0.00,+0.00,+0.000,1036.596,+0.160,-0.380,0.412,0.000,+1.570,2,14.570,141.138,4
107.800,012,+56.5976803,+23.6908675,39.540,0.00,+0.00,+0.000,1037.689,+0.100,-0.290,0.307,0.000,+0.970,2,14.670,142.230,4
107.900,012,+56.5976777,+23.6908848,39.760,0.00,+0.00,+0.000,1038.790,+0.040,-0.330,0.332,0.000,+0.370,2,14.770,143.332,4
108.000,012,+56.5976754,+23.6909023,39.760,0.00,+0.00,+0.000,1039.894,-0.020,-0.260,0.261,0.020,-0.230,2,14.870,144.436,4
108.100,012,+56.5976732,+23.6909198,39.550,0.00,+0.00,+0.000,1040.996,-0.080,-0.190,0.206,0.080,-0.830,2,14.970,145.538,4
108.200,012,+56.5976712,+23.6909372,39.120,0.00,+0.00,+0.000,1042.089,-0.150,-0.160,0.219,0.150,-1.430,2,15.070,146.630,4
108.300,012,+56.5976693,+23.6909544,38.520,0.00,+0.00,+0.000,1043.167,-0.180,-0.150,0.234,0.180,-1.790,2,15.170,147.709,4
108.400,012,+56.5976676,+23.6909713,37.830,0.00,+0.00,+0.000,1044.227,-0.220,-0.150,0.266,0.220,-2.150,2,15.270,148.769,4
108.500,012,+56.5976660,+23.6909880,36.980,0.00,+0.00,+0.000,1045.266,-0.260,-0.140,0.295,0.260,-2.510,2,15.370,149.808,4
108.600,012,+56.5976646,+23.6910043,36.050,0.00,+0.00,+0.000,1046.281,-0.270,-0.110,0.292,0.270,-2.630,2,15.470,150.822,4
108.700,012,+56.5976634,+23.6910201,35.040,0.00,+0.00,+0.000,1047.268,-0.280,-0.130,0.309,0.280,-2.750,2,15.570,151.810,4
108.800,012,+56.5976623,+23.6910356,34.080,0.00,+0.00,+0.000,1048.228,-0.290,-0.110,0.310,0.290,-2.810,2,15.670,152.770,4
108.900,012,+56.5976613,+23.6910506,32.960,0.00,+0.00,+0.000,1049.159,-0.320,-0.080,0.330,0.320,-3.170,2,15.770,153.701,4
109.000,012,+56.5976604,+23.6910651,31.790,0.00,+0.00,+0.000,1050.059,-0.320,-0.050,0.324,0.320,-3.180,2,15.870,154.600,4
109.100,012,+56.5976597,+23.6910792,30.780,0.00,+0.00,+0.000,1050.928,-0.260,-0.050,0.265,0.260,-2.580,2,15.970,155.469,4
109.200,012,+56.5976589,+23.6910928,29.980,0.00,+0.00,+0.000,1051.771,-0.200,-0.030,0.202,0.200,-1.980,2,16.070,156.313,4
109.300,012,+56.5976582,+23.6911061,29.380,0.00,+0.00,+0.000,1052.596,-0.150,-0.010,0.150,0.150,-1.510,2,16.170,157.138,4
109.400,012,+56.5976576,+23.6911192,28.830,0.00,+0.00,+0.000,1053.404,-0.150,-0.010,0.150,0.150,-1.500,2,16.270,157.946,4
109.500,012,+56.5976569,+23.6911321,28.340,0.00,+0.00,+0.000,1054.198,-0.130,+0.000,0.130,0.130,-1.320,2,16.370,158.740,4
109.600,012,+56.5976562,+23.6911447,27.940,0.00,+0.00,+0.000,1054.980,-0.090,+0.000,0.090,0.090,-0.920,2,16.470,159.522,4
109.700,012,+56.5976556,+23.6911572,27.740,0.00,+0.00,+0.000,1055.753,-0.030,+0.000,0.030,0.030,-0.320,2,16.570,160.295,4
109.800,012,+56.5976549,+23.6911697,27.760,0.00,+0.00,+0.000,1056.524,+0.030,+0.000,0.030,0.000,+0.280,2,16.670,161.066,4
109.900,012,+56.5976542,+23.6911823,27.990,0.00,+0.00,+0.000,1057.299,+0.090,+0.000,0.090,0.000,+0.880,2,16.770,161.840,4
110.000,012,+56.5976536,+23.6911950,28.440,0.00,+0.00,+0.000,1058.082,+0.150,+0.000,0.150,0.000,+1.480,2,16.870,162.624,4
110.100,012,+56.5976529,+23.6912080,29.100,0.00,+0.00,+0.000,1058.881,+0.210,+0.000,0.210,0.000,+2.080,2,16.970,163.423,4
110.200,012,+56.5976522,+23.6912213,29.810,0.00,+0.00,+0.000,1059.700,+0.180,+0.000,0.180,0.000,+1.720,2,17.070,164.241,4
110.300,012,+56.5976515,+23.6912348,30.300,0.00,+0.00,+0.000,1060.534,+0.110,+0.000,0.110,0.000,+1.120,2,17.170,165.076,4
110.400,012,+56.5976508,+23.6912486,30.580,0.00,+0.00,+0.000,1061.380,+0.050,+0.000,0.050,0.000,+0.520,2,17.270,165.922,4
110.500,012,+56.5976500,+23.6912624,30.640,0.00,+0.00,+0.000,1062.230,-0.010,+0.000,0.010,0.010,-0.080,2,17.370,166.772,4
110.600,012,+56.5976493,+23.6912761,30.480,0.00,+0.00,+0.000,1063.079,-0.070,+0.000,0.070,0.070,-0.680,2,17.470,167.621,4
110.700,012,+56.5976486,+23.6912898,30.280,0.00,+0.00,+0.000,1063.923,-0.030,+0.000,0.030,0.030,-0.320,2,17.570,168.465,4
110.800,012,+56.5976479,+23.6913034,30.230,0.00,+0.00,+0.000,1064.764,-0.030,+0.000,0.030,0.030,-0.270,2,17.670,169.305,4
110.900,012,+56.5976472,+23.6913170,30.050,0.00,+0.00,+0.000,1065.601,-0.070,+0.000,0.070,0.070,-0.660,2,17.770,170.142,4
111.000,012,+56.5976464,+23.6913305,29.820,0.00,+0.00,+0.000,1066.432,-0.080,+0.000,0.080,0.080,-0.780,2,17.870,170.974,4
111.100,012,+56.5976457,+23.6913438,29.580,0.00,+0.00,+0.000,1067.257,-0.050,+0.000,0.050,0.050,-0.500,2,17.970,171.799,4
111.200,012,+56.5976450,+23.6913571,29.530,0.00,+0.00,+0.000,1068.078,+0.010,+0.000,0.010,0.000,+0.100,2,18.070,172.620,4
111.300,012,+56.5976443,+23.6913704,29.690,0.00,+0.00,+0.000,1068.901,+0.070,+0.000,0.070,0.000,+0.700,2,18.170,173.442,4
111.400,012,+56.5976436,+23.6913839,30.070,0.00,+0.00,+0.000,1069.731,+0.130,+0.000,0.130,0.000,+1.300,2,18.270,174.272,4
111.500,012,+56.5976429,+23.6913976,30.670,0.00,+0.00,+0.000,1070.574,+0.190,+0.000,0.190,0.000,+1.900,2,18.370,175.116,4
111.600,012,+56.5976422,+23.6914116,31.480,0.00,+0.00,+0.000,1071.438,+0.250,-0.040,0.253,0.000,+2.500,2,18.470,175.979,4
111.700,012,+56.5976414,+23.6914261,32.440,0.00,+0.00,+0.000,1072.325,+0.270,-0.210,0.342,0.000,+2.620,2,18.570,176.867,4
111.800,012,+56.5976406,+23.6914409,33.250,0.00,+0.00,+0.000,1073.238,+0.210,-0.320,0.383,0.000,+2.020,2,18.670,177.779,4
111.900,012,+56.5976399,+23.6914560,33.850,0.00,+0.00,+0.000,1074.170,+0.140,-0.530,0.548,0.000,+1.420,2,18.770,178.711,4
112.000,012,+56.5976398,+23.6914714,34.230,0.00,+0.00,+0.000,1075.115,+0.080,-0.740,0.744,0.000,+0.820,2,18.870,179.657,4
112.100,012,+56.5976406,+23.6914869,34.390,0.00,+0.00,+0.000,1076.068,+0.020,-0.850,0.850,0.000,+0.220,2,18.970,180.610,4
112.200,012,+56.5976424,+23.6915021,34.350,0.00,+0.00,+0.000,1077.023,-0.020,-0.940,0.940,0.020,-0.160,2,19.070,181.565,4
112.300,012,+56.5976450,+23.6915169,34.250,0.00,+0.00,+0.000,1077.976,-0.030,-0.720,0.721,0.030,-0.280,2,19.170,182.517,4
112.400,012,+56.5976485,+23.6915310,34.280,0.00,+0.00,+0.000,1078.928,+0.030,-0.350,0.351,0.000,+0.320,2,19.270,183.469,4
112.500,012,+56.5976527,+23.6915445,34.530,0.00,+0.00,+0.000,1079.883,+0.090,-0.080,0.120,0.000,+0.920,2,19.370,184.425,4
112.600,012,+56.5976569,+23.6915583,34.810,0.00,+0.00,+0.000,1080.846,+0.060,+0.300,0.306,0.000,+0.560,2,19.470,185.388,4
112.700,012,+56.5976604,+23.6915727,34.880,0.00,+0.00,+0.000,1081.814,+0.000,+0.680,0.680,0.000,-0.040,2,19.570,186.356,4
112.800,012,+56.5976629,+23.6915878,34.740,0.00,+0.00,+0.000,1082.781,-0.070,+0.560,0.564,0.070,-0.640,2,19.670,187.323,4
112.900,012,+56.5976645,+23.6916031,34.480,0.00,+0.00,+0.000,1083.743,-0.050,+0.060,0.078,0.050,-0.520,2,19.770,188.284,4
113.000,012,+56.5976653,+23.6916186,34.320,0.00,+0.00,+0.000,1084.698,-0.070,-0.490,0.495,0.070,-0.640,2,19.870,189.240,4
113.100,012,+56.5976657,+23.6916340,33.960,0.00,+0.00,+0.000,1085.646,-0.130,-1.080,1.088,0.130,-1.240,2,19.970,190.188,4
113.200,012,+56.5976679,+23.6916486,33.380,0.00,+0.00,+0.000,1086.582,-0.190,-1.550,1.562,0.190,-1.840,2,20.070,191.123,4
113.300,012,+56.5976723,+23.6916611,32.590,0.00,+0.00,+0.000,1087.498,-0.250,-1.720,1.738,0.250,-2.440,2,20.170,192.040,4
113.400,012,+56.5976785,+23.6916701,31.580,0.00,+0.00,+0.000,1088.389,-0.310,-1.680,1.708,0.310,-3.040,2,20.270,192.931,4
113.500,012,+56.5976856,+23.6916757,30.530,0.00,+0.00,+0.000,1089.252,-0.270,-1.340,1.367,0.270,-2.680,2,20.370,193.793,4
113.600,012,+56.5976928,+23.6916794,29.700,0.00,+0.00,+0.000,1090.088,-0.210,-0.960,0.983,0.210,-2.080,2,20.470,194.630,4
113.700,012,+56.5976999,+23.6916828,29.080,0.00,+0.00,+0.000,1090.905,-0.150,-0.620,0.638,0.150,-1.480,2,20.570,195.446,4
113.800,012,+56.5977069,+23.6916857,28.670,0.00,+0.00,+0.000,1091.707,-0.090,-0.340,0.352,0.090,-0.880,2,20.670,196.248,4
113.900,012,+56.5977138,+23.6916882,28.490,0.00,+0.00,+0.000,1092.501,-0.030,-0.270,0.272,0.030,-0.280,2,20.770,197.042,4
114.000,012,+56.5977209,+23.6916904,28.510,0.00,+0.00,+0.000,1093.292,+0.030,-0.230,0.232,0.000,+0.320,2,20.870,197.834,4
114.100,012,+56.5977279,+23.6916922,28.760,0.00,+0.00,+0.000,1094.088,+0.090,-0.220,0.238,0.000,+0.920,2,20.970,198.629,4
114.200,012,+56.5977351,+23.6916936,29.220,0.00,+0.00,+0.000,1094.893,+0.150,-0.200,0.250,0.000,+1.520,2,21.070,199.435,4
114.300,012,+56.5977425,+23.6916946,29.830,0.00,+0.00,+0.000,1095.713,+0.170,-0.180,0.248,0.000,+1.640,2,21.170,200.255,4
114.400,012,+56.5977500,+23.6916953,30.410,0.00,+0.00,+0.000,1096.550,+0.180,-0.130,0.222,0.000,+1.760,2,21.270,201.092,4
114.500,012,+56.5977577,+23.6916958,31.000,0.00,+0.00,+0.000,1097.403,+0.170,-0.100,0.197,0.000,+1.640,2,21.370,201.944,4
114.600,012,+56.5977655,+23.6916963,31.600,0.00,+0.00,+0.000,1098.272,+0.180,-0.080,0.197,0.000,+1.760,2,21.470,202.814,4
114.700,012,+56.5977735,+23.6916968,32.360,0.00,+0.00,+0.000,1099.161,+0.240,-0.020,0.241,0.000,+2.360,2,21.570,203.702,4
114.800,012,+56.5977817,+23.6916973,33.340,0.00,+0.00,+0.000,1100.073,+0.300,+0.000,0.300,0.000,+2.960,2,21.670,204.615,4
114.900,012,+56.5977902,+23.6916978,34.530,0.00,+0.00,+0.000,1101.016,+0.360,+0.000,0.360,0.000,+3.560,2,21.770,205.557,4
115.000,012,+56.5977990,+23.6916984,35.930,0.00,+0.00,+0.000,1101.994,+0.400,+0.000,0.400,0.000,+3.920,2,21.870,206.536,4
115.100,012,+56.5978082,+23.6916990,37.240,0.00,+0.00,+0.000,1103.011,+0.360,+0.000,0.360,0.000,+3.560,2,21.970,207.552,4
115.200,012,+56.5978176,+23.6916996,38.460,0.00,+0.00,+0.000,1104.062,+0.330,+0.000,0.330,0.000,+3.200,2,22.070,208.604,4
115.300,012,+56.5978274,+23.6917002,39.480,0.00,+0.00,+0.000,1105.144,+0.260,+0.000,0.260,0.000,+2.600,2,22.170,209.686,4
115.400,012,+56.5978374,+23.6917008,40.290,0.00,+0.00,+0.000,1106.252,+0.200,+0.000,0.200,0.000,+2.000,2,22.270,210.794,4
115.500,012,+56.5978475,+23.6917014,40.880,0.00,+0.00,+0.000,1107.380,+0.140,+0.000,0.140,0.000,+1.400,2,22.370,211.921,4
115.600,012,+56.5978577,+23.6917021,41.250,0.00,+0.00,+0.000,1108.520,+0.080,+0.000,0.080,0.000,+0.800,2,22.470,213.062,4
115.700,012,+56.5978681,+23.6917027,41.410,0.00,+0.00,+0.000,1109.669,+0.020,+0.000,0.020,0.000,+0.200,2,22.570,214.210,4
115.800,012,+56.5978784,+23.6917033,41.350,0.00,+0.00,+0.000,1110.818,-0.040,+0.000,0.040,0.040,-0.400,2,22.670,215.360,4
115.900,012,+56.5978887,+23.6917040,41.080,0.00,+0.00,+0.000,1111.963,-0.100,+0.000,0.100,0.100,-1.000,2,22.770,216.504,4
116.000,012,+56.5978988,+23.6917046,40.590,0.00,+0.00,+0.000,1113.097,-0.160,+0.000,0.160,0.160,-1.600,2,22.870,217.639,4
116.100,012,+56.5979089,+23.6917053,39.880,0.00,+0.00,+0.000,1114.215,-0.220,+0.000,0.220,0.220,-2.200,2,22.970,218.756,4
116.200,012,+56.5979187,+23.6917059,38.960,0.00,+0.00,+0.000,1115.310,-0.290,+0.000,0.290,0.290,-2.800,2,23.070,219.851,4
116.300,012,+56.5979282,+23.6917065,38.080,0.00,+0.00,+0.000,1116.380,-0.220,+0.000,0.220,0.220,-2.200,2,23.170,220.921,4
116.400,012,+56.5979376,+23.6917071,37.420,0.00,+0.00,+0.000,1117.428,-0.160,+0.000,0.160,0.160,-1.600,2,23.270,221.970,4
116.500,012,+56.5979469,+23.6917076,36.970,0.00,+0.00,+0.000,1118.462,-0.100,+0.000,0.100,0.100,-1.000,2,23.370,223.003,4
116.600,012,+56.5979561,+23.6917082,36.740,0.00,+0.00,+0.000,1119.485,-0.040,+0.000,0.040,0.040,-0.400,2,23.470,224.027,4
116.700,012,+56.5979652,+23.6917088,36.680,0.00,+0.00,+0.000,1120.505,+0.000,+0.000,0.000,0.000,-0.040,2,23.570,225.047,4
116.800,012,+56.5979744,+23.6917093,36.620,0.00,+0.00,+0.000,1121.523,-0.020,+0.000,0.020,0.020,-0.160,2,23.670,226.065,4
116.900,012,+56.5979835,+23.6917099,36.430,0.00,+0.00,+0.000,1122.538,-0.080,+0.000,0.080,0.080,-0.760,2,23.770,227.079,4
117.000,012,+56.5979925,+23.6917105,36.030,0.00,+0.00,+0.000,1123.544,-0.140,+0.000,0.140,0.140,-1.360,2,23.870,228.086,4
117.100,012,+56.5980014,+23.6917110,35.410,0.00,+0.00,+0.000,1124.536,-0.200,+0.000,0.200,0.200,-1.960,2,23.970,229.078,4
117.200,012,+56.5980101,+23.6917116,34.570,0.00,+0.00,+0.000,1125.508,-0.260,+0.000,0.260,0.260,-2.560,2,24.070,230.050,4
117.300,012,+56.5980186,+23.6917121,33.540,0.00,+0.00,+0.000,1126.454,-0.300,+0.000,0.300,0.300,-2.920,2,24.170,230.996,4
117.400,012,+56.5980268,+23.6917126,32.510,0.00,+0.00,+0.000,1127.372,-0.290,+0.000,0.290,0.290,-2.800,2,24.270,231.913,4
117.500,012,+56.5980347,+23.6917131,31.560,0.00,+0.00,+0.000,1128.261,-0.250,+0.000,0.250,0.250,-2.440,2,24.370,232.803,4
117.600,012,+56.5980425,+23.6917136,30.810,0.00,+0.00,+0.000,1129.128,-0.190,+0.000,0.190,0.190,-1.840,2,24.470,233.669,4
117.700,012,+56.5980501,+23.6917141,30.280,0.00,+0.00,+0.000,1129.976,-0.130,+0.000,0.130,0.130,-1.240,2,24.570,234.518,4
117.800,012,+56.5980576,+23.6917145,29.960,0.00,+0.00,+0.000,1130.813,-0.070,+0.000,0.070,0.070,-0.640,2,24.670,235.354,4
117.900,012,+56.5980651,+23.6917150,29.860,0.00,+0.00,+0.000,1131.644,+0.000,+0.000,0.000,0.000,-0.040,2,24.770,236.185,4
118.000,012,+56.5980725,+23.6917155,29.980,0.00,+0.00,+0.000,1132.475,+0.060,+0.000,0.060,0.000,+0.560,2,24.870,237.016,4
118.100,012,+56.5980800,+23.6917159,30.310,0.00,+0.00,+0.000,1133.312,+0.120,+0.000,0.120,0.000,+1.160,2,24.970,237.854,4
118.200,012,+56.5980877,+23.6917164,30.860,0.00,+0.00,+0.000,1134.162,+0.180,+0.000,0.180,0.000,+1.760,2,25.070,238.703,4
118.300,012,+56.5980955,+23.6917169,31.620,0.00,+0.00,+0.000,1135.029,+0.240,+0.000,0.240,0.000,+2.360,2,25.170,239.571,4
118.400,012,+56.5981035,+23.6917174,32.600,0.00,+0.00,+0.000,1135.921,+0.300,+0.000,0.300,0.000,+2.960,2,25.270,240.463,4
118.500,012,+56.5981118,+23.6917179,33.790,0.00,+0.00,+0.000,1136.844,+0.360,-0.040,0.362,0.000,+3.560,2,25.370,241.385,4
118.600,012,+56.5981204,+23.6917185,35.200,0.00,+0.00,+0.000,1137.802,+0.420,-0.130,0.440,0.000,+4.160,2,25.470,242.343,4
118.700,012,+56.5981294,+23.6917190,36.830,0.00,+0.00,+0.000,1138.802,+0.490,-0.330,0.591,0.000,+4.760,2,25.570,243.344,4
118.800,012,+56.5981389,+23.6917194,38.410,0.00,+0.00,+0.000,1139.847,+0.420,-0.470,0.630,0.000,+4.160,2,25.670,244.389,4
118.900,012,+56.5981487,+23.6917185,39.780,0.00,+0.00,+0.000,1140.933,+0.360,-0.730,0.814,0.000,+3.560,2,25.770,245.475,4
119.000,012,+56.5981587,+23.6917160,40.930,0.00,+0.00,+0.000,1142.054,+0.300,-1.010,1.054,0.000,+2.960,2,25.870,246.596,4
119.100,012,+56.5981687,+23.6917117,41.870,0.00,+0.00,+0.000,1143.204,+0.240,-1.000,1.028,0.000,+2.360,2,25.970,247.746,4
119.200,012,+56.5981787,+23.6917056,42.590,0.00,+0.00,+0.000,1144.377,+0.180,-0.970,0.987,0.000,+1.760,2,26.070,248.919,4
119.300,012,+56.5981885,+23.6916978,43.090,0.00,+0.00,+0.000,1145.567,+0.120,-0.920,0.928,0.000,+1.160,2,26.170,250.109,4
119.400,012,+56.5981981,+23.6916886,43.380,0.00,+0.00,+0.000,1146.768,+0.060,-0.830,0.832,0.000,+0.560,2,26.270,251.310,4
119.500,012,+56.5982075,+23.6916789,43.450,0.00,+0.00,+0.000,1147.974,+0.000,-0.940,0.940,0.000,-0.040,2,26.370,252.516,4
119.600,012,+56.5982165,+23.6916680,43.310,0.00,+0.00,+0.000,1149.179,-0.070,-0.880,0.883,0.070,-0.640,2,26.470,253.721,4
119.700,012,+56.5982248,+23.6916557,42.940,0.00,+0.00,+0.000,1150.377,-0.130,-0.680,0.692,0.130,-1.240,2,26.570,254.919,4
119.800,012,+56.5982325,+23.6916424,42.370,0.00,+0.00,+0.000,1151.562,-0.190,-0.160,0.248,0.190,-1.840,2,26.670,256.103,4
119.900,012,+56.5982396,+23.6916284,41.580,0.00,+0.00,+0.000,1152.728,-0.250,+0.230,0.340,0.250,-2.440,2,26.770,257.269,4
120.000,012,+56.5982470,+23.6916157,40.650,0.00,+0.00,+0.000,1153.870,-0.260,+0.610,0.663,0.260,-2.560,2,26.870,258.412,4
120.100,012,+56.5982550,+23.6916047,39.740,0.00,+0.00,+0.000,1154.986,-0.270,+0.920,0.959,0.270,-2.680,2,26.970,259.528,4
120.200,012,+56.5982633,+23.6915955,38.800,0.00,+0.00,+0.000,1156.077,-0.250,+0.950,0.982,0.250,-2.480,2,27.070,260.619,4
120.300,012,+56.5982719,+23.6915878,38.040,0.00,+0.00,+0.000,1157.144,-0.190,+0.790,0.813,0.190,-1.880,2,27.170,261.686,4
120.400,012,+56.5982806,+23.6915813,37.490,0.00,+0.00,+0.000,1158.194,-0.130,+0.670,0.682,0.130,-1.280,2,27.270,262.735,4
120.500,012,+56.5982894,+23.6915760,37.160,0.00,+0.00,+0.000,1159.230,-0.070,+0.670,0.674,0.070,-0.680,2,27.370,263.772,4
120.600,012,+56.5982983,+23.6915715,37.040,0.00,+0.00,+0.000,1160.261,-0.010,+0.940,0.940,0.010,-0.080,2,27.470,264.802,4
120.700,012,+56.5983072,+23.6915673,36.880,0.00,+0.00,+0.000,1161.288,-0.070,+1.280,1.282,0.070,-0.680,2,27.570,265.829,4
120.800,012,+56.5983163,+23.6915650,36.510,0.00,+0.00,+0.000,1162.307,-0.130,+1.550,1.555,0.130,-1.280,2,27.670,266.848,4
120.900,012,+56.5983253,+23.6915659,35.920,0.00,+0.00,+0.000,1163.313,-0.190,+1.790,1.800,0.190,-1.880,2,27.770,267.854,4
121.000,012,+56.5983338,+23.6915703,35.110,0.00,+0.00,+0.000,1164.299,-0.250,+1.710,1.728,0.250,-2.480,2,27.870,268.841,4
121.100,012,+56.5983413,+23.6915776,34.090,0.00,+0.00,+0.000,1165.260,-0.310,+1.460,1.493,0.310,-3.080,2,27.970,269.802,4
121.200,012,+56.5983479,+23.6915870,32.950,0.00,+0.00,+0.000,1166.192,-0.300,+1.020,1.063,0.300,-2.960,2,28.070,270.733,4
121.300,012,+56.5983535,+23.6915975,31.890,0.00,+0.00,+0.000,1167.092,-0.290,+0.590,0.657,0.290,-2.840,2,28.170,271.634,4
121.400,012,+56.5983587,+23.6916080,30.760,0.00,+0.00,+0.000,1167.962,-0.330,+0.360,0.488,0.330,-3.200,2,28.270,272.504,4
121.500,012,+56.5983638,+23.6916179,29.650,0.00,+0.00,+0.000,1168.801,-0.290,+0.030,0.292,0.290,-2.820,2,28.370,273.343,4
121.600,012,+56.5983689,+23.6916273,28.770,0.00,+0.00,+0.000,1169.613,-0.230,-0.110,0.255,0.230,-2.220,2,28.470,274.154,4
121.700,012,+56.5983740,+23.6916362,28.100,0.00,+0.00,+0.000,1170.403,-0.170,-0.190,0.255,0.170,-1.620,2,28.570,274.944,4
121.800,012,+56.5983791,+23.6916447,27.640,0.00,+0.00,+0.000,1171.177,-0.100,-0.220,0.242,0.100,-1.020,2,28.670,275.718,4
121.900,012,+56.5983843,+23.6916529,27.400,0.00,+0.00,+0.000,1171.941,-0.040,-0.230,0.233,0.040,-0.420,2,28.770,276.483,4
122.000,012,+56.5983895,+23.6916607,27.380,0.00,+0.00,+0.000,1172.702,+0.020,-0.230,0.231,0.000,+0.180,2,28.870,277.244,4
122.100,012,+56.5983950,+23.6916683,27.570,0.00,+0.00,+0.000,1173.465,+0.080,-0.200,0.215,0.000,+0.780,2,28.970,278.007,4
122.200,012,+56.5984006,+23.6916756,27.980,0.00,+0.00,+0.000,1174.237,+0.140,-0.200,0.244,0.000,+1.380,2,29.070,278.778,4
122.300,012,+56.5984064,+23.6916828,28.570,0.00,+0.00,+0.000,1175.022,+0.180,-0.190,0.262,0.000,+1.740,2,29.170,279.564,4
122.400,012,+56.5984125,+23.6916899,29.140,0.00,+0.00,+0.000,1175.824,+0.140,-0.220,0.261,0.000,+1.380,2,29.270,280.365,4
122.500,012,+56.5984188,+23.6916968,29.510,0.00,+0.00,+0.000,1176.638,+0.080,-0.190,0.206,0.000,+0.780,2,29.370,281.180,4
122.600,012,+56.5984252,+23.6917034,29.920,0.00,+0.00,+0.000,1177.464,+0.140,-0.190,0.236,0.000,+1.380,2,29.470,282.005,4
122.700,012,+56.5984319,+23.6917100,30.540,0.00,+0.00,+0.000,1178.303,+0.200,-0.200,0.283,0.000,+1.980,2,29.570,282.845,4
122.800,012,+56.5984387,+23.6917167,31.380,0.00,+0.00,+0.000,1179.163,+0.260,-0.210,0.334,0.000,+2.580,2,29.670,283.705,4
122.900,012,+56.5984458,+23.6917232,32.420,0.00,+0.00,+0.000,1180.049,+0.300,-0.220,0.372,0.000,+2.940,2,29.770,284.591,4
123.000,012,+56.5984533,+23.6917295,33.350,0.00,+0.00,+0.000,1180.963,+0.240,-0.260,0.354,0.000,+2.340,2,29.870,285.505,4
123.100,012,+56.5984610,+23.6917355,34.170,0.00,+0.00,+0.000,1181.901,+0.250,-0.300,0.391,0.000,+2.460,2,29.970,286.442,4
123.200,012,+56.5984691,+23.6917412,35.080,0.00,+0.00,+0.000,1182.863,+0.240,-0.310,0.392,0.000,+2.340,2,30.070,287.404,4
123.300,012,+56.5984775,+23.6917466,35.790,0.00,+0.00,+0.000,1183.847,+0.180,-0.330,0.376,0.000,+1.740,2,30.170,288.388,4
123.400,012,+56.5984860,+23.6917515,36.280,0.00,+0.00,+0.000,1184.848,+0.120,-0.330,0.351,0.000,+1.140,2,30.270,289.389,4
123.500,012,+56.5984948,+23.6917559,36.560,0.00,+0.00,+0.000,1185.859,+0.050,-0.310,0.314,0.000,+0.540,2,30.370,290.401,4
123.600,012,+56.5985037,+23.6917597,36.630,0.00,+0.00,+0.000,1186.876,-0.010,-0.290,0.290,0.010,-0.060,2,30.470,291.418,4
123.700,012,+56.5985127,+23.6917630,36.610,0.00,+0.00,+0.000,1187.893,+0.020,-0.390,0.391,0.000,+0.160,2,30.570,292.435,4
123.800,012,+56.5985217,+23.6917660,36.780,0.00,+0.00,+0.000,1188.913,+0.050,-0.420,0.423,0.000,+0.520,2,30.670,293.454,4
123.900,012,+56.5985307,+23.6917688,36.840,0.00,+0.00,+0.000,1189.935,-0.010,-0.530,0.530,0.010,-0.080,2,30.770,294.477,4
124.000,012,+56.5985398,+23.6917706,36.680,0.00,+0.00,+0.000,1190.956,-0.070,-0.550,0.554,0.070,-0.680,2,30.870,295.498,4
124.100,012,+56.5985489,+23.6917712,36.310,0.00,+0.00,+0.000,1191.970,-0.130,-0.660,0.673,0.130,-1.280,2,30.970,296.512,4
124.200,012,+56.5985579,+23.6917705,35.820,0.00,+0.00,+0.000,1192.972,-0.120,-0.720,0.730,0.120,-1.170,2,31.070,297.513,4
124.300,012,+56.5985667,+23.6917688,35.500,0.00,+0.00,+0.000,1193.962,-0.070,-0.610,0.614,0.070,-0.660,2,31.170,298.504,4
124.400,012,+56.5985754,+23.6917659,35.390,0.00,+0.00,+0.000,1194.947,-0.010,-0.710,0.710,0.010,-0.060,2,31.270,299.488,4
124.500,012,+56.5985840,+23.6917620,35.500,0.00,+0.00,+0.000,1195.931,+0.060,-0.750,0.752,0.000,+0.540,2,31.370,300.473,4
124.600,012,+56.5985925,+23.6917575,35.660,0.00,+0.00,+0.000,1196.920,+0.020,-0.880,0.880,0.000,+0.180,2,31.470,301.461,4
124.700,012,+56.5986008,+23.6917518,35.590,0.00,+0.00,+0.000,1197.909,-0.040,-1.000,1.001,0.040,-0.420,2,31.570,302.451,4
124.800,012,+56.5986086,+23.6917442,35.310,0.00,+0.00,+0.000,1198.894,-0.100,-1.020,1.025,0.100,-1.020,2,31.670,303.436,4
124.900,012,+56.5986157,+23.6917350,34.820,0.00,+0.00,+0.000,1199.868,-0.160,-1.000,1.013,0.160,-1.620,2,31.770,304.410,4
125.000,012,+56.5986220,+23.6917244,34.300,0.00,+0.00,+0.000,1200.828,-0.130,-0.880,0.890,0.130,-1.260,2,31.870,305.370,4
125.100,012,+56.5986277,+23.6917129,33.970,0.00,+0.00,+0.000,1201.776,-0.070,-0.770,0.773,0.070,-0.660,2,31.970,306.318,4
125.200,012,+56.5986330,+23.6917009,33.770,0.00,+0.00,+0.000,1202.717,-0.060,-0.660,0.663,0.060,-0.590,2,32.070,307.259,4
125.300,012,+56.5986378,+23.6916885,33.570,0.00,+0.00,+0.000,1203.652,-0.050,-0.500,0.502,0.050,-0.530,2,32.170,308.194,4
125.400,012,+56.5986423,+23.6916757,33.420,0.00,+0.00,+0.000,1204.583,-0.030,-0.360,0.361,0.030,-0.320,2,32.270,309.124,4
125.500,012,+56.5986464,+23.6916626,33.340,0.00,+0.00,+0.000,1205.510,-0.010,-0.280,0.280,0.010,-0.090,2,32.370,310.052,4
125.600,012,+56.5986502,+23.6916492,33.390,0.00,+0.00,+0.000,1206.437,+0.030,-0.210,0.212,0.000,+0.340,2,32.470,310.978,4
125.700,012,+56.5986541,+23.6916357,33.620,0.00,+0.00,+0.000,1207.368,+0.070,-0.180,0.193,0.000,+0.700,2,32.570,311.909,4
125.800,012,+56.5986580,+23.6916222,33.950,0.00,+0.00,+0.000,1208.306,+0.080,-0.100,0.128,0.000,+0.820,2,32.670,312.848,4
125.900,012,+56.5986619,+23.6916085,34.120,0.00,+0.00,+0.000,1209.251,+0.020,-0.140,0.141,0.000,+0.220,2,32.770,313.793,4
126.000,012,+56.5986658,+23.6915948,34.070,0.00,+0.00,+0.000,1210.199,-0.040,-0.230,0.233,0.040,-0.380,2,32.870,314.740,4
126.100,012,+56.5986694,+23.6915809,33.800,0.00,+0.00,+0.000,1211.141,-0.100,-0.230,0.251,0.100,-0.980,2,32.970,315.683,4
126.200,012,+56.5986727,+23.6915670,33.320,0.00,+0.00,+0.000,1212.073,-0.160,-0.310,0.349,0.160,-1.580,2,33.070,316.615,4
126.300,012,+56.5986757,+23.6915531,32.800,0.00,+0.00,+0.000,1212.992,-0.140,-0.390,0.414,0.140,-1.360,2,33.170,317.533,4
126.400,012,+56.5986783,+23.6915392,32.180,0.00,+0.00,+0.000,1213.894,-0.200,-0.420,0.465,0.200,-1.960,2,33.270,318.436,4
126.500,012,+56.5986805,+23.6915254,31.520,0.00,+0.00,+0.000,1214.779,-0.160,-0.330,0.367,0.160,-1.600,2,33.370,319.321,4
126.600,012,+56.5986824,+23.6915117,31.070,0.00,+0.00,+0.000,1215.648,-0.100,-0.400,0.412,0.100,-1.000,2,33.470,320.190,4
126.700,012,+56.5986839,+23.6914980,30.840,0.00,+0.00,+0.000,1216.508,-0.040,-0.390,0.392,0.040,-0.400,2,33.570,321.050,4
126.800,012,+56.5986850,+23.6914842,30.830,0.00,+0.00,+0.000,1217.365,+0.020,-0.320,0.321,0.000,+0.200,2,33.670,321.906,4
126.900,012,+56.5986859,+23.6914703,31.030,0.00,+0.00,+0.000,1218.224,+0.080,-0.400,0.408,0.000,+0.800,2,33.770,322.765,4
127.000,012,+56.5986865,+23.6914562,31.450,0.00,+0.00,+0.000,1219.092,+0.140,-0.400,0.424,0.000,+1.400,2,33.870,323.633,4
127.100,012,+56.5986866,+23.6914418,32.090,0.00,+0.00,+0.000,1219.974,+0.200,-0.330,0.386,0.000,+2.000,2,33.970,324.516,4
127.200,012,+56.5986865,+23.6914271,32.830,0.00,+0.00,+0.000,1220.876,+0.190,-0.390,0.434,0.000,+1.880,2,34.070,325.417,4
127.300,012,+56.5986861,+23.6914121,33.380,0.00,+0.00,+0.000,1221.795,+0.130,-0.310,0.336,0.000,+1.280,2,34.170,326.337,4
127.400,012,+56.5986852,+23.6913970,33.720,0.00,+0.00,+0.000,1222.727,+0.070,-0.220,0.231,0.000,+0.680,2,34.270,327.269,4
127.500,012,+56.5986841,+23.6913818,33.830,0.00,+0.00,+0.000,1223.665,+0.010,-0.130,0.130,0.000,+0.080,2,34.370,328.207,4
127.600,012,+56.5986829,+23.6913667,33.730,0.00,+0.00,+0.000,1224.604,-0.050,-0.130,0.139,0.050,-0.520,2,34.470,329.145,4
127.700,012,+56.5986818,+23.6913516,33.520,0.00,+0.00,+0.000,1225.538,-0.050,-0.040,0.064,0.050,-0.540,2,34.570,330.079,4
127.800,012,+56.5986806,+23.6913366,33.350,0.00,+0.00,+0.000,1226.467,-0.040,+0.000,0.040,0.040,-0.420,2,34.670,331.008,4
127.900,012,+56.5986795,+23.6913217,33.230,0.00,+0.00,+0.000,1227.391,-0.030,+0.000,0.030,0.030,-0.300,2,34.770,331.933,4
128.000,012,+56.5986783,+23.6913069,33.090,0.00,+0.00,+0.000,1228.312,-0.020,+0.000,0.020,0.020,-0.240,2,34.870,332.854,4
128.100,012,+56.5986772,+23.6912921,33.130,0.00,+0.00,+0.000,1229.232,+0.040,+0.000,0.040,0.000,+0.360,2,34.970,333.774,4
128.200,012,+56.5986761,+23.6912772,33.390,0.00,+0.00,+0.000,1230.156,+0.100,+0.000,0.100,0.000,+0.960,2,35.070,334.698,4
128.300,012,+56.5986749,+23.6912621,33.870,0.00,+0.00,+0.000,1231.090,+0.160,+0.000,0.160,0.000,+1.560,2,35.170,335.632,4
128.400,012,+56.5986737,+23.6912467,34.560,0.00,+0.00,+0.000,1232.041,+0.220,+0.000,0.220,0.000,+2.160,2,35.270,336.582,4
128.500,012,+56.5986725,+23.6912310,35.470,0.00,+0.00,+0.000,1233.013,+0.280,+0.140,0.313,0.000,+2.760,2,35.370,337.555,4
128.600,012,+56.5986713,+23.6912148,36.590,0.00,+0.00,+0.000,1234.014,+0.340,+0.240,0.416,0.000,+3.360,2,35.470,338.556,4
128.700,012,+56.5986700,+23.6911981,37.670,0.00,+0.00,+0.000,1235.045,+0.280,+0.360,0.456,0.000,+2.760,2,35.570,339.587,4
128.800,012,+56.5986691,+23.6911809,38.540,0.00,+0.00,+0.000,1236.104,+0.220,+0.610,0.648,0.000,+2.160,2,35.670,340.646,4
128.900,012,+56.5986689,+23.6911633,39.180,0.00,+0.00,+0.000,1237.183,+0.160,+0.740,0.757,0.000,+1.560,2,35.770,341.725,4
129.000,012,+56.5986696,+23.6911455,39.620,0.00,+0.00,+0.000,1238.278,+0.100,+0.940,0.945,0.000,+0.960,2,35.870,342.819,4
129.100,012,+56.5986711,+23.6911278,39.830,0.00,+0.00,+0.000,1239.381,+0.040,+0.950,0.951,0.000,+0.360,2,35.970,343.923,4
129.200,012,+56.5986735,+23.6911103,39.830,0.00,+0.00,+0.000,1240.488,-0.020,+0.970,0.970,0.020,-0.240,2,36.070,345.029,4
129.300,012,+56.5986767,+23.6910933,39.620,0.00,+0.00,+0.000,1241.591,-0.090,+0.990,0.994,0.090,-0.840,2,36.170,346.133,4
129.400,012,+56.5986807,+23.6910770,39.210,0.00,+0.00,+0.000,1242.686,-0.120,+1.020,1.027,0.120,-1.200,2,36.270,347.228,4
129.500,012,+56.5986854,+23.6910616,38.700,0.00,+0.00,+0.000,1243.768,-0.160,+1.030,1.042,0.160,-1.560,2,36.370,348.310,4
129.600,012,+56.5986909,+23.6910475,38.010,0.00,+0.00,+0.000,1244.834,-0.220,+1.050,1.073,0.220,-2.160,2,36.470,349.375,4
129.700,012,+56.5986970,+23.6910346,37.150,0.00,+0.00,+0.000,1245.877,-0.260,+1.020,1.053,0.260,-2.520,2,36.570,350.419,4
129.800,012,+56.5987037,+23.6910234,36.130,0.00,+0.00,+0.000,1246.895,-0.290,+1.020,1.060,0.290,-2.880,2,36.670,351.437,4
129.900,012,+56.5987107,+23.6910137,35.120,0.00,+0.00,+0.000,1247.885,-0.310,+0.740,0.802,0.310,-3.000,2,36.770,352.426,4
130.000,012,+56.5987180,+23.6910055,33.910,0.00,+0.00,+0.000,1248.844,-0.370,+0.580,0.688,0.370,-3.600,2,36.870,353.385,4
130.100,012,+56.5987253,+23.6909986,32.490,0.00,+0.00,+0.000,1249.766,-0.430,+0.430,0.608,0.430,-4.200,2,36.970,354.307,4
130.200,012,+56.5987324,+23.6909924,30.990,0.00,+0.00,+0.000,1250.647,-0.420,+0.210,0.470,0.420,-4.080,2,37.070,355.189,4
130.300,012,+56.5987392,+23.6909865,29.650,0.00,+0.00,+0.000,1251.490,-0.350,+0.110,0.367,0.350,-3.480,2,37.170,356.031,4
130.400,012,+56.5987457,+23.6909808,28.520,0.00,+0.00,+0.000,1252.298,-0.290,+0.030,0.292,0.290,-2.880,2,37.270,356.839,4
130.500,012,+56.5987520,+23.6909753,27.620,0.00,+0.00,+0.000,1253.077,-0.230,+0.000,0.230,0.230,-2.280,2,37.370,357.619,4
130.600,012,+56.5987581,+23.6909700,26.930,0.00,+0.00,+0.000,1253.835,-0.170,+0.000,0.170,0.170,-1.680,2,37.470,358.377,4
130.700,012,+56.5987641,+23.6909647,26.450,0.00,+0.00,+0.000,1254.576,-0.110,+0.000,0.110,0.110,-1.080,2,37.570,359.118,4
130.800,012,+56.5987700,+23.6909596,26.190,0.00,+0.00,+0.000,1255.307,-0.050,+0.000,0.050,0.050,-0.480,2,37.670,359.849,4
130.900,012,+56.5987759,+23.6909544,26.150,0.00,+0.00,+0.000,1256.034,+0.010,+0.000,0.010,0.000,+0.120,2,37.770,360.576,4
131.000,012,+56.5987818,+23.6909493,26.330,0.00,+0.00,+0.000,1256.763,+0.070,+0.000,0.070,0.000,+0.720,2,37.870,361.305,4
131.100,012,+56.5987878,+23.6909440,26.720,0.00,+0.00,+0.000,1257.500,+0.130,+0.000,0.130,0.000,+1.320,2,37.970,362.042,4
131.200,012,+56.5987938,+23.6909387,27.320,0.00,+0.00,+0.000,1258.251,+0.200,+0.000,0.200,0.000,+1.920,2,38.070,362.792,4
131.300,012,+56.5988001,+23.6909333,28.140,0.00,+0.00,+0.000,1259.021,+0.260,+0.000,0.260,0.000,+2.520,2,38.170,363.562,4
131.400,012,+56.5988065,+23.6909276,28.920,0.00,+0.00,+0.000,1259.813,+0.200,+0.000,0.200,0.000,+1.920,2,38.270,364.355,4
131.500,012,+56.5988131,+23.6909219,29.480,0.00,+0.00,+0.000,1260.624,+0.130,+0.000,0.130,0.000,+1.320,2,38.370,365.166,4
131.600,012,+56.5988198,+23.6909160,29.830,0.00,+0.00,+0.000,1261.448,+0.070,+0.000,0.070,0.000,+0.720,2,38.470,365.990,4
131.700,012,+56.5988265,+23.6909101,29.960,0.00,+0.00,+0.000,1262.279,+0.010,+0.000,0.010,0.000,+0.120,2,38.570,366.820,4
131.800,012,+56.5988332,+23.6909043,29.870,0.00,+0.00,+0.000,1263.110,-0.050,+0.000,0.050,0.050,-0.480,2,38.670,367.651,4
131.900,012,+56.5988399,+23.6908984,29.740,0.00,+0.00,+0.000,1263.938,-0.010,+0.000,0.010,0.010,-0.120,2,38.770,368.479,4
132.000,012,+56.5988466,+23.6908925,29.780,0.00,+0.00,+0.000,1264.764,+0.000,+0.000,0.000,0.000,+0.000,2,38.870,369.306,4
132.100,012,+56.5988533,+23.6908867,29.650,0.00,+0.00,+0.000,1265.590,-0.060,+0.000,0.060,0.060,-0.600,2,38.970,370.131,4
132.200,012,+56.5988599,+23.6908809,29.440,0.00,+0.00,+0.000,1266.410,-0.070,+0.000,0.070,0.070,-0.720,2,39.070,370.952,4
132.300,012,+56.5988665,+23.6908751,29.200,0.00,+0.00,+0.000,1267.225,-0.060,+0.000,0.060,0.060,-0.560,2,39.170,371.766,4
132.400,012,+56.5988731,+23.6908694,29.130,0.00,+0.00,+0.000,1268.035,+0.000,+0.000,0.000,0.000,+0.040,2,39.270,372.577,4
132.500,012,+56.5988796,+23.6908637,29.280,0.00,+0.00,+0.000,1268.846,+0.070,+0.000,0.070,0.000,+0.640,2,39.370,373.388,4
132.600,012,+56.5988862,+23.6908579,29.640,0.00,+0.00,+0.000,1269.664,+0.130,+0.000,0.130,0.000,+1.240,2,39.470,374.206,4
132.700,012,+56.5988930,+23.6908520,30.220,0.00,+0.00,+0.000,1270.496,+0.190,+0.000,0.190,0.000,+1.840,2,39.570,375.037,4
132.800,012,+56.5988999,+23.6908459,31.010,0.00,+0.00,+0.000,1271.346,+0.250,+0.000,0.250,0.000,+2.440,2,39.670,375.888,4
132.900,012,+56.5989070,+23.6908397,31.920,0.00,+0.00,+0.000,1272.220,+0.240,+0.000,0.240,0.000,+2.320,2,39.770,376.762,4
133.000,012,+56.5989142,+23.6908334,32.620,0.00,+0.00,+0.000,1273.117,+0.180,+0.000,0.180,0.000,+1.720,2,39.870,377.658,4
133.100,012,+56.5989216,+23.6908269,33.110,0.00,+0.00,+0.000,1274.030,+0.110,+0.000,0.110,0.000,+1.120,2,39.970,378.571,4
133.200,012,+56.5989291,+23.6908204,33.390,0.00,+0.00,+0.000,1274.953,+0.050,+0.000,0.050,0.000,+0.520,2,40.070,379.495,4
133.300,012,+56.5989366,+23.6908138,33.620,0.00,+0.00,+0.000,1275.884,+0.090,+0.000,0.090,0.000,+0.880,2,40.170,380.426,4
133.400,012,+56.5989443,+23.6908071,34.070,0.00,+0.00,+0.000,1276.824,+0.150,+0.000,0.150,0.000,+1.480,2,40.270,381.366,4
133.500,012,+56.5989520,+23.6908003,34.730,0.00,+0.00,+0.000,1277.780,+0.210,+0.000,0.210,0.000,+2.080,2,40.370,382.321,4
133.600,012,+56.5989599,+23.6907934,35.610,0.00,+0.00,+0.000,1278.757,+0.270,+0.000,0.270,0.000,+2.680,2,40.470,383.298,4
133.700,012,+56.5989681,+23.6907863,36.710,0.00,+0.00,+0.000,1279.761,+0.330,+0.000,0.330,0.000,+3.280,2,40.570,384.303,4
133.800,012,+56.5989765,+23.6907789,38.020,0.00,+0.00,+0.000,1280.799,+0.400,+0.000,0.400,0.000,+3.880,2,40.670,385.341,4
133.900,012,+56.5989852,+23.6907713,39.490,0.00,+0.00,+0.000,1281.875,+0.410,+0.000,0.410,0.000,+4.000,2,40.770,386.417,4
134.000,012,+56.5989943,+23.6907633,40.810,0.00,+0.00,+0.000,1282.991,+0.350,+0.000,0.350,0.000,+3.400,2,40.870,387.532,4
134.100,012,+56.5990036,+23.6907552,41.990,0.00,+0.00,+0.000,1284.141,+0.330,+0.000,0.330,0.000,+3.280,2,40.970,388.682,4
134.200,012,+56.5990132,+23.6907468,43.040,0.00,+0.00,+0.000,1285.322,+0.270,+0.000,0.270,0.000,+2.680,2,41.070,389.863,4
134.300,012,+56.5990230,+23.6907382,43.880,0.00,+0.00,+0.000,1286.529,+0.210,+0.000,0.210,0.000,+2.080,2,41.170,391.071,4
134.400,012,+56.5990329,+23.6907295,44.500,0.00,+0.00,+0.000,1287.756,+0.150,+0.000,0.150,0.000,+1.480,2,41.270,392.298,4
134.500,012,+56.5990430,+23.6907207,44.900,0.00,+0.00,+0.000,1288.998,+0.090,+0.000,0.090,0.000,+0.880,2,41.370,393.540,4
134.600,012,+56.5990531,+23.6907119,45.090,0.00,+0.00,+0.000,1290.248,+0.030,+0.000,0.030,0.000,+0.280,2,41.470,394.790,4
134.700,012,+56.5990632,+23.6907030,45.060,0.00,+0.00,+0.000,1291.500,-0.030,+0.000,0.030,0.030,-0.320,2,41.570,396.042,4
134.800,012,+56.5990733,+23.6906942,44.820,0.00,+0.00,+0.000,1292.748,-0.090,+0.000,0.090,0.090,-0.920,2,41.670,397.290,4
134.900,012,+56.5990834,+23.6906854,44.600,0.00,+0.00,+0.000,1293.990,-0.060,+0.000,0.060,0.060,-0.560,2,41.770,398.532,4
135.000,012,+56.5990933,+23.6906766,44.270,0.00,+0.00,+0.000,1295.225,-0.120,+0.060,0.134,0.120,-1.160,2,41.870,399.766,4
135.100,012,+56.5991032,+23.6906680,43.730,0.00,+0.00,+0.000,1296.447,-0.180,+0.280,0.333,0.180,-1.760,2,41.970,400.988,4
135.200,012,+56.5991130,+23.6906595,42.960,0.00,+0.00,+0.000,1297.651,-0.240,+0.490,0.546,0.240,-2.360,2,42.070,402.192,4
135.300,012,+56.5991227,+23.6906520,42.040,0.00,+0.00,+0.000,1298.831,-0.250,+0.680,0.724,0.250,-2.470,2,42.170,403.373,4
135.400,012,+56.5991325,+23.6906461,41.070,0.00,+0.00,+0.000,1299.986,-0.260,+0.850,0.889,0.260,-2.590,2,42.270,404.527,4
135.500,012,+56.5991423,+23.6906419,40.180,0.00,+0.00,+0.000,1301.114,-0.230,+0.960,0.987,0.230,-2.230,2,42.370,405.656,4
135.600,012,+56.5991521,+23.6906393,39.300,0.00,+0.00,+0.000,1302.218,-0.260,+0.940,0.975,0.260,-2.590,2,42.470,406.760,4
135.700,012,+56.5991617,+23.6906381,38.230,0.00,+0.00,+0.000,1303.295,-0.330,+0.810,0.875,0.330,-3.190,2,42.570,407.837,4
135.800,012,+56.5991711,+23.6906382,37.080,0.00,+0.00,+0.000,1304.341,-0.340,+0.860,0.925,0.340,-3.310,2,42.670,408.882,4
135.900,012,+56.5991801,+23.6906398,35.750,0.00,+0.00,+0.000,1305.352,-0.400,+0.820,0.912,0.400,-3.910,2,42.770,409.894,4
136.000,012,+56.5991887,+23.6906425,34.300,0.00,+0.00,+0.000,1306.325,-0.410,+0.700,0.811,0.410,-4.030,2,42.870,410.867,4
136.100,012,+56.5991968,+23.6906464,32.980,0.00,+0.00,+0.000,1307.260,-0.350,+0.680,0.765,0.350,-3.430,2,42.970,411.801,4
136.200,012,+56.5992044,+23.6906512,31.870,0.00,+0.00,+0.000,1308.160,-0.290,+0.690,0.748,0.290,-2.830,2,43.070,412.702,4
136.300,012,+56.5992115,+23.6906568,30.980,0.00,+0.00,+0.000,1309.033,-0.230,+0.720,0.756,0.230,-2.230,2,43.170,413.575,4
136.400,012,+56.5992183,+23.6906631,30.310,0.00,+0.00,+0.000,1309.885,-0.170,+0.770,0.789,0.170,-1.630,2,43.270,414.426,4
136.500,012,+56.5992248,+23.6906700,29.740,0.00,+0.00,+0.000,1310.719,-0.180,+0.890,0.908,0.180,-1.750,2,43.370,415.260,4
136.600,012,+56.5992307,+23.6906777,28.980,0.00,+0.00,+0.000,1311.534,-0.240,+0.920,0.951,0.240,-2.350,2,43.470,416.076,4
136.700,012,+56.5992358,+23.6906866,28.000,0.00,+0.00,+0.000,1312.326,-0.300,+0.870,0.920,0.300,-2.950,2,43.570,416.867,4
136.800,012,+56.5992400,+23.6906963,26.830,0.00,+0.00,+0.000,1313.087,-0.340,+0.870,0.934,0.340,-3.310,2,43.670,417.629,4
136.900,012,+56.5992433,+23.6907065,25.710,0.00,+0.00,+0.000,1313.817,-0.300,+0.890,0.939,0.300,-2.950,2,43.770,418.358,4
137.000,012,+56.5992457,+23.6907170,24.710,0.00,+0.00,+0.000,1314.517,-0.260,+0.740,0.784,0.260,-2.590,2,43.870,419.059,4
137.100,012,+56.5992473,+23.6907275,23.910,0.00,+0.00,+0.000,1315.192,-0.200,+0.610,0.642,0.200,-1.990,2,43.970,419.734,4
137.200,012,+56.5992483,+23.6907380,23.320,0.00,+0.00,+0.000,1315.848,-0.140,+0.510,0.529,0.140,-1.390,2,44.070,420.390,4
137.300,012,+56.5992486,+23.6907484,22.950,0.00,+0.00,+0.000,1316.491,-0.080,+0.410,0.418,0.080,-0.790,2,44.170,421.033,4
137.400,012,+56.5992487,+23.6907588,22.790,0.00,+0.00,+0.000,1317.126,-0.020,+0.320,0.321,0.020,-0.190,2,44.270,421.668,4
137.500,012,+56.5992487,+23.6907691,22.850,0.00,+0.00,+0.000,1317.760,+0.040,+0.250,0.253,0.000,+0.410,2,44.370,422.302,4
137.600,012,+56.5992487,+23.6907795,23.120,0.00,+0.00,+0.000,1318.399,+0.100,+0.170,0.197,0.000,+1.010,2,44.470,422.940,4
137.700,012,+56.5992487,+23.6907901,23.620,0.00,+0.00,+0.000,1319.048,+0.160,+0.100,0.189,0.000,+1.610,2,44.570,423.589,4
137.800,012,+56.5992487,+23.6908009,24.320,0.00,+0.00,+0.000,1319.714,+0.220,+0.030,0.222,0.000,+2.210,2,44.670,424.255,4
137.900,012,+56.5992487,+23.6908122,25.250,0.00,+0.00,+0.000,1320.402,+0.290,+0.090,0.304,0.000,+2.810,2,44.770,424.944,4
138.000,012,+56.5992487,+23.6908239,26.390,0.00,+0.00,+0.000,1321.119,+0.350,+0.160,0.385,0.000,+3.410,2,44.870,425.661,4
138.100,012,+56.5992487,+23.6908362,27.740,0.00,+0.00,+0.000,1321.871,+0.410,+0.330,0.526,0.000,+4.010,2,44.970,426.413,4
138.200,012,+56.5992487,+23.6908492,29.310,0.00,+0.00,+0.000,1322.664,+0.470,+0.540,0.716,0.000,+4.610,2,45.070,427.205,4
138.300,012,+56.5992483,+23.6908628,30.840,0.00,+0.00,+0.000,1323.499,+0.410,+0.790,0.890,0.000,+4.010,2,45.170,428.041,4
138.400,012,+56.5992467,+23.6908769,32.150,0.00,+0.00,+0.000,1324.374,+0.350,+1.030,1.088,0.000,+3.410,2,45.270,428.915,4
138.500,012,+56.5992440,+23.6908908,33.250,0.00,+0.00,+0.000,1325.282,+0.290,+1.250,1.283,0.000,+2.810,2,45.370,429.824,4
138.600,012,+56.5992398,+23.6909041,34.130,0.00,+0.00,+0.000,1326.218,+0.220,+1.420,1.437,0.000,+2.210,2,45.470,430.760,4
138.700,012,+56.5992345,+23.6909163,34.800,0.00,+0.00,+0.000,1327.175,+0.160,+1.410,1.419,0.000,+1.610,2,45.570,431.717,4
138.800,012,+56.5992282,+23.6909274,35.240,0.00,+0.00,+0.000,1328.148,+0.100,+1.240,1.244,0.000,+1.010,2,45.670,432.690,4
138.900,012,+56.5992213,+23.6909373,35.480,0.00,+0.00,+0.000,1329.130,+0.040,+1.130,1.131,0.000,+0.410,2,45.770,433.672,4
139.000,012,+56.5992137,+23.6909457,35.510,0.00,+0.00,+0.000,1330.116,+0.000,+0.890,0.890,0.000,+0.050,2,45.870,434.658,4
139.100,012,+56.5992057,+23.6909526,35.660,0.00,+0.00,+0.000,1331.105,+0.070,+0.720,0.723,0.000,+0.650,2,45.970,435.646,4
139.200,012,+56.5991973,+23.6909580,36.020,0.00,+0.00,+0.000,1332.100,+0.130,+0.560,0.575,0.000,+1.250,2,46.070,436.642,4
139.300,012,+56.5991887,+23.6909633,36.340,0.00,+0.00,+0.000,1333.105,+0.070,+0.300,0.308,0.000,+0.650,2,46.170,437.647,4
139.400,012,+56.5991801,+23.6909686,36.440,0.00,+0.00,+0.000,1334.116,+0.000,+0.130,0.130,0.000,+0.050,2,46.270,438.658,4
139.500,012,+56.5991715,+23.6909739,36.330,0.00,+0.00,+0.000,1335.127,-0.050,+0.000,0.050,0.050,-0.530,2,46.370,439.668,4
139.600,012,+56.5991630,+23.6909792,36.160,0.00,+0.00,+0.000,1336.134,-0.050,+0.000,0.050,0.050,-0.440,2,46.470,440.675,4
139.700,012,+56.5991544,+23.6909844,36.040,0.00,+0.00,+0.000,1337.136,-0.020,+0.000,0.020,0.020,-0.220,2,46.570,441.678,4
139.800,012,+56.5991459,+23.6909896,36.060,0.00,+0.00,+0.000,1338.138,+0.030,+0.000,0.030,0.000,+0.260,2,46.670,442.679,4
139.900,012,+56.5991374,+23.6909949,36.280,0.00,+0.00,+0.000,1339.143,+0.090,+0.000,0.090,0.000,+0.860,2,46.770,443.684,4
140.000,012,+56.5991288,+23.6910002,36.480,0.00,+0.00,+0.000,1340.153,+0.050,+0.000,0.050,0.000,+0.500,2,46.870,444.695,4
140.100,012,+56.5991201,+23.6910055,36.590,0.00,+0.00,+0.000,1341.168,+0.010,+0.000,0.010,0.000,+0.140,2,46.970,445.710,4
140.200,012,+56.5991115,+23.6910108,36.590,0.00,+0.00,+0.000,1342.184,+0.000,+0.000,0.000,0.000,+0.020,2,47.070,446.726,4
140.300,012,+56.5991029,+23.6910162,36.470,0.00,+0.00,+0.000,1343.199,-0.060,+0.000,0.060,0.060,-0.580,2,47.170,447.741,4
140.400,012,+56.5990943,+23.6910214,36.200,0.00,+0.00,+0.000,1344.208,-0.100,+0.000,0.100,0.100,-0.940,2,47.270,448.750,4
140.500,012,+56.5990858,+23.6910267,35.870,0.00,+0.00,+0.000,1345.209,-0.090,+0.000,0.090,0.090,-0.900,2,47.370,449.751,4
140.600,012,+56.5990773,+23.6910319,35.510,0.00,+0.00,+0.000,1346.201,-0.120,+0.000,0.120,0.120,-1.220,2,47.470,450.742,4
140.700,012,+56.5990690,+23.6910370,34.940,0.00,+0.00,+0.000,1347.179,-0.190,+0.000,0.190,0.190,-1.820,2,47.570,451.721,4
140.800,012,+56.5990609,+23.6910420,34.230,0.00,+0.00,+0.000,1348.140,-0.200,+0.000,0.200,0.200,-1.940,2,47.670,452.682,4
140.900,012,+56.5990529,+23.6910469,33.550,0.00,+0.00,+0.000,1349.081,-0.180,+0.000,0.180,0.180,-1.750,2,47.770,453.623,4
141.000,012,+56.5990450,+23.6910517,32.970,0.00,+0.00,+0.000,1350.005,-0.160,+0.000,0.160,0.160,-1.530,2,47.870,454.547,4
141.100,012,+56.5990373,+23.6910565,32.460,0.00,+0.00,+0.000,1350.914,-0.150,+0.000,0.150,0.150,-1.440,2,47.970,455.456,4
141.200,012,+56.5990297,+23.6910612,31.970,0.00,+0.00,+0.000,1351.809,-0.140,+0.000,0.140,0.140,-1.380,2,48.070,456.350,4
141.300,012,+56.5990222,+23.6910658,31.510,0.00,+0.00,+0.000,1352.690,-0.130,+0.000,0.130,0.130,-1.240,2,48.170,457.232,4
141.400,012,+56.5990148,+23.6910703,31.190,0.00,+0.00,+0.000,1353.561,-0.070,+0.000,0.070,0.070,-0.690,2,48.270,458.103,4
141.500,012,+56.5990075,+23.6910748,31.070,0.00,+0.00,+0.000,1354.426,-0.010,+0.000,0.010,0.010,-0.090,2,48.370,458.968,4
141.600,012,+56.5990001,+23.6910794,31.160,0.00,+0.00,+0.000,1355.290,+0.050,+0.000,0.050,0.000,+0.510,2,48.470,459.832,4
141.700,012,+56.5989927,+23.6910839,31.480,0.00,+0.00,+0.000,1356.160,+0.110,+0.000,0.110,0.000,+1.110,2,48.570,460.702,4
141.800,012,+56.5989852,+23.6910885,32.000,0.00,+0.00,+0.000,1357.042,+0.170,+0.000,0.170,0.000,+1.710,2,48.670,461.584,4
141.900,012,+56.5989776,+23.6910933,32.750,0.00,+0.00,+0.000,1357.941,+0.240,+0.000,0.240,0.000,+2.310,2,48.770,462.483,4
142.000,012,+56.5989697,+23.6910981,33.710,0.00,+0.00,+0.000,1358.864,+0.300,+0.000,0.300,0.000,+2.910,2,48.870,463.406,4
142.100,012,+56.5989616,+23.6911031,34.890,0.00,+0.00,+0.000,1359.817,+0.360,+0.000,0.360,0.000,+3.510,2,48.970,464.359,4
142.200,012,+56.5989531,+23.6911083,36.280,0.00,+0.00,+0.000,1360.806,+0.420,+0.000,0.420,0.000,+4.110,2,49.070,465.347,4
142.300,012,+56.5989443,+23.6911137,37.890,0.00,+0.00,+0.000,1361.836,+0.480,+0.000,0.480,0.000,+4.710,2,49.170,466.377,4
142.400,012,+56.5989351,+23.6911194,39.650,0.00,+0.00,+0.000,1362.913,+0.500,+0.000,0.500,0.000,+4.910,2,49.270,467.454,4
142.500,012,+56.5989255,+23.6911253,41.420,0.00,+0.00,+0.000,1364.039,+0.500,+0.000,0.500,0.000,+4.910,2,49.370,468.580,4
142.600,012,+56.5989155,+23.6911315,43.180,0.00,+0.00,+0.000,1365.214,+0.500,-0.040,0.502,0.000,+4.910,2,49.470,469.755,4
142.700,012,+56.5989050,+23.6911379,44.820,0.00,+0.00,+0.000,1366.436,+0.440,-0.140,0.462,0.000,+4.310,2,49.570,470.977,4
142.800,012,+56.5988942,+23.6911445,46.240,0.00,+0.00,+0.000,1367.701,+0.380,-0.360,0.523,0.000,+3.700,2,49.670,472.242,4
142.900,012,+56.5988833,+23.6911520,47.440,0.00,+0.00,+0.000,1369.002,+0.320,-0.590,0.671,0.000,+3.100,2,49.770,473.543,4
143.000,012,+56.5988723,+23.6911607,48.430,0.00,+0.00,+0.000,1370.333,+0.260,-0.730,0.775,0.000,+2.500,2,49.870,474.875,4
143.100,012,+56.5988614,+23.6911708,49.200,0.00,+0.00,+0.000,1371.689,+0.190,-0.930,0.949,0.000,+1.900,2,49.970,476.231,4
143.200,012,+56.5988509,+23.6911824,49.760,0.00,+0.00,+0.000,1373.064,+0.130,-0.980,0.989,0.000,+1.300,2,50.070,477.605,4
143.300,012,+56.5988406,+23.6911953,50.100,0.00,+0.00,+0.000,1374.451,+0.070,-0.940,0.943,0.000,+0.700,2,50.170,478.992,4
143.400,012,+56.5988308,+23.6912093,50.220,0.00,+0.00,+0.000,1375.844,+0.010,-1.090,1.090,0.000,+0.100,2,50.270,480.386,4
143.500,012,+56.5988216,+23.6912248,50.130,0.00,+0.00,+0.000,1377.238,-0.050,-1.360,1.361,0.050,-0.500,2,50.370,481.779,4
143.600,012,+56.5988135,+23.6912419,49.820,0.00,+0.00,+0.000,1378.626,-0.110,-1.500,1.504,0.110,-1.100,2,50.470,483.168,4
143.700,012,+56.5988065,+23.6912604,49.300,0.00,+0.00,+0.000,1380.003,-0.170,-1.510,1.520,0.170,-1.700,2,50.570,484.544,4
143.800,012,+56.5988007,+23.6912797,48.560,0.00,+0.00,+0.000,1381.362,-0.230,-1.190,1.212,0.230,-2.300,2,50.670,485.903,4
143.900,012,+56.5987960,+23.6912997,47.600,0.00,+0.00,+0.000,1382.697,-0.300,-1.000,1.044,0.300,-2.900,2,50.770,487.239,4
144.000,012,+56.5987924,+23.6913199,46.430,0.00,+0.00,+0.000,1384.003,-0.360,-0.700,0.787,0.360,-3.500,2,50.870,488.545,4
144.100,012,+56.5987892,+23.6913397,45.040,0.00,+0.00,+0.000,1385.274,-0.420,-0.500,0.653,0.420,-4.100,2,50.970,489.815,4
144.200,012,+56.5987863,+23.6913590,43.440,0.00,+0.00,+0.000,1386.503,-0.480,-0.400,0.625,0.480,-4.700,2,51.070,491.044,4
144.300,012,+56.5987839,+23.6913776,41.740,0.00,+0.00,+0.000,1387.686,-0.490,-0.370,0.614,0.490,-4.820,2,51.170,492.227,4
144.400,012,+56.5987819,+23.6913957,39.880,0.00,+0.00,+0.000,1388.819,-0.550,-0.370,0.663,0.550,-5.400,2,51.270,493.361,4
144.500,012,+56.5987803,+23.6914129,37.850,0.00,+0.00,+0.000,1389.899,-0.570,-0.330,0.659,0.570,-5.630,2,51.370,494.440,4
144.600,012,+56.5987790,+23.6914293,35.950,0.00,+0.00,+0.000,1390.924,-0.510,-0.300,0.592,0.510,-5.030,2,51.470,495.465,4
144.700,012,+56.5987780,+23.6914450,34.270,0.00,+0.00,+0.000,1391.899,-0.450,-0.270,0.525,0.450,-4.430,2,51.570,496.441,4
144.800,012,+56.5987773,+23.6914601,32.800,0.00,+0.00,+0.000,1392.831,-0.390,-0.230,0.453,0.390,-3.830,2,51.670,497.372,4
144.900,012,+56.5987769,+23.6914745,31.550,0.00,+0.00,+0.000,1393.724,-0.330,-0.170,0.371,0.330,-3.230,2,51.770,498.266,4
145.000,012,+56.5987766,+23.6914885,30.520,0.00,+0.00,+0.000,1394.586,-0.270,-0.130,0.300,0.270,-2.630,2,51.870,499.128,4
145.100,012,+56.5987765,+23.6915021,29.700,0.00,+0.00,+0.000,1395.423,-0.210,-0.120,0.242,0.210,-2.030,2,51.970,499.964,4
145.200,012,+56.5987765,+23.6915154,29.100,0.00,+0.00,+0.000,1396.239,-0.150,-0.080,0.170,0.150,-1.430,2,52.070,500.781,4
145.300,012,+56.5987765,+23.6915284,28.710,0.00,+0.00,+0.000,1397.042,-0.080,-0.050,0.094,0.080,-0.830,2,52.170,501.584,4
145.400,012,+56.5987765,+23.6915413,28.540,0.00,+0.00,+0.000,1397.838,-0.020,-0.020,0.028,0.020,-0.230,2,52.270,502.379,4
145.500,012,+56.5987765,+23.6915542,28.590,0.00,+0.00,+0.000,1398.631,+0.040,+0.000,0.040,0.000,+0.370,2,52.370,503.173,4
145.600,012,+56.5987765,+23.6915672,28.850,0.00,+0.00,+0.000,1399.429,+0.100,-0.020,0.102,0.000,+0.970,2,52.470,503.970,4
145.700,012,+56.5987765,+23.6915804,29.330,0.00,+0.00,+0.000,1400.237,+0.160,-0.070,0.175,0.000,+1.570,2,52.570,504.778,4
145.800,012,+56.5987765,+23.6915939,30.020,0.00,+0.00,+0.000,1401.061,+0.220,-0.120,0.251,0.000,+2.170,2,52.670,505.603,4
145.900,012,+56.5987765,+23.6916077,30.930,0.00,+0.00,+0.000,1401.908,+0.280,-0.240,0.369,0.000,+2.770,2,52.770,506.449,4
146.000,012,+56.5987768,+23.6916219,32.010,0.00,+0.00,+0.000,1402.782,+0.290,-0.310,0.424,0.000,+2.890,2,52.870,507.323,4
146.100,012,+56.5987775,+23.6916366,32.980,0.00,+0.00,+0.000,1403.684,+0.260,-0.400,0.477,0.000,+2.530,2,52.970,508.226,4
146.200,012,+56.5987786,+23.6916517,33.870,0.00,+0.00,+0.000,1404.613,+0.250,-0.480,0.541,0.000,+2.410,2,53.070,509.155,4
146.300,012,+56.5987803,+23.6916669,34.640,0.00,+0.00,+0.000,1405.564,+0.210,-0.600,0.636,0.000,+2.050,2,53.170,510.106,4
146.400,012,+56.5987824,+23.6916822,35.350,0.00,+0.00,+0.000,1406.537,+0.220,-0.590,0.630,0.000,+2.170,2,53.270,511.078,4
146.500,012,+56.5987851,+23.6916977,36.230,0.00,+0.00,+0.000,1407.531,+0.260,-0.700,0.747,0.000,+2.530,2,53.370,512.072,4
146.600,012,+56.5987884,+23.6917132,37.090,0.00,+0.00,+0.000,1408.549,+0.220,-1.010,1.034,0.000,+2.170,2,53.470,513.091,4
146.700,012,+56.5987924,+23.6917286,37.740,0.00,+0.00,+0.000,1409.588,+0.160,-1.080,1.092,0.000,+1.570,2,53.570,514.130,4
146.800,012,+56.5987973,+23.6917433,38.180,0.00,+0.00,+0.000,1410.643,+0.100,-1.420,1.424,0.000,+0.970,2,53.670,515.184,4
146.900,012,+56.5988035,+23.6917565,38.400,0.00,+0.00,+0.000,1411.706,+0.040,-1.470,1.471,0.000,+0.370,2,53.770,516.248,4
147.000,012,+56.5988107,+23.6917678,38.400,0.00,+0.00,+0.000,1412.773,-0.020,-1.700,1.700,0.020,-0.230,2,53.870,517.315,4
147.100,012,+56.5988188,+23.6917769,38.190,0.00,+0.00,+0.000,1413.837,-0.080,-1.410,1.412,0.080,-0.830,2,53.970,518.378,4
147.200,012,+56.5988276,+23.6917833,37.770,0.00,+0.00,+0.000,1414.892,-0.120,-1.190,1.196,0.120,-1.190,2,54.070,519.433,4
147.300,012,+56.5988367,+23.6917876,37.470,0.00,+0.00,+0.000,1415.937,-0.060,-0.790,0.792,0.060,-0.590,2,54.170,520.478,4
147.400,012,+56.5988458,+23.6917907,37.390,0.00,+0.00,+0.000,1416.977,+0.000,-0.600,0.600,0.000,+0.010,2,54.270,521.518,4
147.500,012,+56.5988550,+23.6917938,37.520,0.00,+0.00,+0.000,1418.017,+0.060,-0.240,0.247,0.000,+0.610,2,54.370,522.559,4
147.600,012,+56.5988643,+23.6917968,37.610,0.00,+0.00,+0.000,1419.060,+0.000,-0.080,0.080,0.000,+0.010,2,54.470,523.602,4
147.700,012,+56.5988735,+23.6917999,37.540,0.00,+0.00,+0.000,1420.104,-0.040,+0.000,0.040,0.040,-0.360,2,54.570,524.646,4
147.800,012,+56.5988827,+23.6918030,37.280,0.00,+0.00,+0.000,1421.143,-0.100,-0.010,0.100,0.100,-0.960,2,54.670,525.685,4
147.900,012,+56.5988917,+23.6918060,36.800,0.00,+0.00,+0.000,1422.172,-0.160,-0.010,0.160,0.160,-1.560,2,54.770,526.714,4
148.000,012,+56.5989007,+23.6918090,36.110,0.00,+0.00,+0.000,1423.185,-0.220,-0.030,0.222,0.220,-2.160,2,54.870,527.727,4
148.100,012,+56.5989094,+23.6918118,35.270,0.00,+0.00,+0.000,1424.176,-0.230,-0.050,0.235,0.230,-2.280,2,54.970,528.718,4
148.200,012,+56.5989180,+23.6918146,34.510,0.00,+0.00,+0.000,1425.145,-0.200,-0.040,0.204,0.200,-1.920,2,55.070,529.687,4
148.300,012,+56.5989264,+23.6918171,33.950,0.00,+0.00,+0.000,1426.096,-0.130,-0.060,0.143,0.130,-1.320,2,55.170,530.638,4
148.400,012,+56.5989347,+23.6918196,33.540,0.00,+0.00,+0.000,1427.034,-0.100,-0.070,0.122,0.100,-0.980,2,55.270,531.575,4
148.500,012,+56.5989429,+23.6918219,33.190,0.00,+0.00,+0.000,1427.960,-0.080,-0.070,0.106,0.080,-0.810,2,55.370,532.502,4
148.600,012,+56.5989510,+23.6918240,33.030,0.00,+0.00,+0.000,1428.880,-0.020,-0.060,0.063,0.020,-0.210,2,55.470,533.422,4
148.700,012,+56.5989592,+23.6918261,33.080,0.00,+0.00,+0.000,1429.798,+0.040,-0.060,0.072,0.000,+0.390,2,55.570,534.340,4
148.800,012,+56.5989674,+23.6918281,33.350,0.00,+0.00,+0.000,1430.721,+0.100,-0.070,0.122,0.000,+0.990,2,55.670,535.263,4
148.900,012,+56.5989758,+23.6918300,33.830,0.00,+0.00,+0.000,1431.654,+0.160,-0.070,0.175,0.000,+1.590,2,55.770,536.196,4
149.000,012,+56.5989842,+23.6918318,34.540,0.00,+0.00,+0.000,1432.604,+0.220,-0.070,0.231,0.000,+2.190,2,55.870,537.145,4
149.100,012,+56.5989929,+23.6918335,35.450,0.00,+0.00,+0.000,1433.576,+0.280,-0.070,0.289,0.000,+2.790,2,55.970,538.117,4
149.200,012,+56.5990019,+23.6918352,36.480,0.00,+0.00,+0.000,1434.575,+0.270,-0.080,0.282,0.000,+2.670,2,56.070,539.116,4
149.300,012,+56.5990111,+23.6918369,37.310,0.00,+0.00,+0.000,1435.600,+0.210,-0.080,0.225,0.000,+2.070,2,56.170,540.141,4
149.400,012,+56.5990204,+23.6918383,37.930,0.00,+0.00,+0.000,1436.645,+0.150,-0.070,0.166,0.000,+1.470,2,56.270,541.186,4
149.500,012,+56.5990299,+23.6918397,38.330,0.00,+0.00,+0.000,1437.704,+0.090,-0.050,0.103,0.000,+0.870,2,56.370,542.245,4
149.600,012,+56.5990395,+23.6918410,38.510,0.00,+0.00,+0.000,1438.771,+0.030,-0.050,0.058,0.000,+0.270,2,56.470,543.313,4
149.700,012,+56.5990491,+23.6918422,38.480,0.00,+0.00,+0.000,1439.840,-0.030,-0.030,0.042,0.030,-0.330,2,56.570,544.382,4
149.800,012,+56.5990586,+23.6918434,38.290,0.00,+0.00,+0.000,1440.907,-0.050,-0.010,0.051,0.050,-0.510,2,56.670,545.448,4
149.900,012,+56.5990682,+23.6918446,38.140,0.00,+0.00,+0.000,1441.968,-0.040,+0.000,0.040,0.040,-0.390,2,56.770,546.510,4
150.000,012,+56.5990776,+23.6918457,38.040,0.00,+0.00,+0.000,1443.026,-0.030,+0.000,0.030,0.030,-0.270,2,56.870,547.568,4
150.100,012,+56.5990871,+23.6918469,38.020,0.00,+0.00,+0.000,1444.083,+0.010,+0.000,0.010,0.000,+0.090,2,56.970,548.624,4
150.200,012,+56.5990966,+23.6918481,38.100,0.00,+0.00,+0.000,1445.140,+0.050,+0.000,0.050,0.000,+0.450,2,57.070,549.681,4
150.300,012,+56.5991061,+23.6918493,38.310,0.00,+0.00,+0.000,1446.201,+0.080,+0.000,0.080,0.000,+0.810,2,57.170,550.743,4
150.400,012,+56.5991157,+23.6918505,38.610,0.00,+0.00,+0.000,1447.269,+0.070,+0.000,0.070,0.000,+0.690,2,57.270,551.811,4
150.500,012,+56.5991253,+23.6918517,38.730,0.00,+0.00,+0.000,1448.344,+0.010,+0.000,0.010,0.000,+0.090,2,57.370,552.885,4
150.600,012,+56.5991349,+23.6918529,38.630,0.00,+0.00,+0.000,1449.418,-0.050,+0.000,0.050,0.050,-0.510,2,57.470,553.960,4
150.700,012,+56.5991445,+23.6918541,38.320,0.00,+0.00,+0.000,1450.487,-0.110,+0.000,0.110,0.110,-1.110,2,57.570,555.028,4
150.800,012,+56.5991540,+23.6918553,37.790,0.00,+0.00,+0.000,1451.544,-0.170,+0.000,0.170,0.170,-1.710,2,57.670,556.085,4
150.900,012,+56.5991633,+23.6918564,37.050,0.00,+0.00,+0.000,1452.583,-0.240,+0.000,0.240,0.240,-2.310,2,57.770,557.125,4
151.000,012,+56.5991724,+23.6918576,36.090,0.00,+0.00,+0.000,1453.599,-0.300,+0.000,0.300,0.300,-2.910,2,57.870,558.141,4
151.100,012,+56.5991812,+23.6918587,34.910,0.00,+0.00,+0.000,1454.585,-0.360,+0.000,0.360,0.360,-3.510,2,57.970,559.127,4
151.200,012,+56.5991897,+23.6918597,33.540,0.00,+0.00,+0.000,1455.536,-0.390,+0.000,0.390,0.390,-3.870,2,58.070,560.077,4
151.300,012,+56.5991978,+23.6918608,32.280,0.00,+0.00,+0.000,1456.450,-0.330,+0.000,0.330,0.330,-3.270,2,58.170,560.992,4
151.400,012,+56.5992057,+23.6918617,31.230,0.00,+0.00,+0.000,1457.332,-0.270,+0.000,0.270,0.270,-2.670,2,58.270,561.874,4
151.500,012,+56.5992133,+23.6918627,30.400,0.00,+0.00,+0.000,1458.188,-0.210,+0.000,0.210,0.210,-2.070,2,58.370,562.730,4
151.600,012,+56.5992208,+23.6918636,29.780,0.00,+0.00,+0.000,1459.024,-0.150,+0.000,0.150,0.150,-1.470,2,58.470,563.566,4
151.700,012,+56.5992281,+23.6918645,29.250,0.00,+0.00,+0.000,1459.844,-0.160,+0.000,0.160,0.160,-1.590,2,58.570,564.385,4
151.800,012,+56.5992353,+23.6918654,28.690,0.00,+0.00,+0.000,1460.648,-0.150,+0.000,0.150,0.150,-1.470,2,58.670,565.190,4
151.900,012,+56.5992424,+23.6918663,28.080,0.00,+0.00,+0.000,1461.437,-0.190,+0.000,0.190,0.190,-1.830,2,58.770,565.979,4
152.000,012,+56.5992493,+23.6918672,27.430,0.00,+0.00,+0.000,1462.208,-0.170,+0.000,0.170,0.170,-1.660,2,58.870,566.750,4
152.100,012,+56.5992560,+23.6918680,26.920,0.00,+0.00,+0.000,1462.963,-0.120,+0.000,0.120,0.120,-1.210,2,58.970,567.504,4
152.200,012,+56.5992627,+23.6918689,26.620,0.00,+0.00,+0.000,1463.706,-0.060,+0.000,0.060,0.060,-0.610,2,59.070,568.248,4
152.300,012,+56.5992693,+23.6918697,26.520,0.00,+0.00,+0.000,1464.444,+0.000,+0.000,0.000,0.000,-0.010,2,59.170,568.986,4
152.400,012,+56.5992759,+23.6918705,26.510,0.00,+0.00,+0.000,1465.181,+0.000,+0.000,0.000,0.000,-0.040,2,59.270,569.723,4
152.500,012,+56.5992825,+23.6918713,26.420,0.00,+0.00,+0.000,1465.916,-0.040,+0.000,0.040,0.040,-0.380,2,59.370,570.458,4
152.600,012,+56.5992890,+23.6918722,26.310,0.00,+0.00,+0.000,1466.649,-0.030,+0.000,0.030,0.030,-0.310,2,59.470,571.190,4
152.700,012,+56.5992956,+23.6918730,26.290,0.00,+0.00,+0.000,1467.379,+0.020,+0.000,0.020,0.000,+0.180,2,59.570,571.921,4
152.800,012,+56.5993021,+23.6918738,26.480,0.00,+0.00,+0.000,1468.112,+0.080,+0.000,0.080,0.000,+0.780,2,59.670,572.654,4
152.900,012,+56.5993088,+23.6918746,26.890,0.00,+0.00,+0.000,1468.853,+0.140,+0.000,0.140,0.000,+1.380,2,59.770,573.395,4
153.000,012,+56.5993156,+23.6918755,27.520,0.00,+0.00,+0.000,1469.609,+0.200,+0.000,0.200,0.000,+1.980,2,59.870,574.151,4
153.100,012,+56.5993225,+23.6918763,28.360,0.00,+0.00,+0.000,1470.385,+0.260,+0.000,0.260,0.000,+2.580,2,59.970,574.927,4
153.200,012,+56.5993298,+23.6918772,29.420,0.00,+0.00,+0.000,1471.188,+0.320,+0.000,0.320,0.000,+3.180,2,60.070,575.729,4
153.300,012,+56.5993373,+23.6918782,30.640,0.00,+0.00,+0.000,1472.022,+0.340,+0.000,0.340,0.000,+3.300,2,60.170,576.563,4
153.400,012,+56.5993451,+23.6918792,31.690,0.00,+0.00,+0.000,1472.887,+0.270,+0.000,0.270,0.000,+2.700,2,60.270,577.429,4
153.500,012,+56.5993531,+23.6918802,32.540,0.00,+0.00,+0.000,1473.779,+0.210,+0.000,0.210,0.000,+2.100,2,60.370,578.321,4
153.600,012,+56.5993613,+23.6918812,33.160,0.00,+0.00,+0.000,1474.692,+0.150,+0.000,0.150,0.000,+1.500,2,60.470,579.234,4
153.700,012,+56.5993696,+23.6918822,33.670,0.00,+0.00,+0.000,1475.620,+0.160,+0.000,0.160,0.000,+1.620,2,60.570,580.162,4
153.800,012,+56.5993781,+23.6918833,34.370,0.00,+0.00,+0.000,1476.565,+0.200,+0.000,0.200,0.000,+1.980,2,60.670,581.107,4
153.900,012,+56.5993867,+23.6918844,34.950,0.00,+0.00,+0.000,1477.528,+0.140,+0.000,0.140,0.000,+1.380,2,60.770,582.070,4
154.000,012,+56.5993955,+23.6918855,35.320,0.00,+0.00,+0.000,1478.504,+0.080,+0.000,0.080,0.000,+0.780,2,60.870,583.046,4
154.100,012,+56.5994043,+23.6918866,35.470,0.00,+0.00,+0.000,1479.487,+0.020,+0.000,0.020,0.000,+0.180,2,60.970,584.029,4
154.200,012,+56.5994132,+23.6918877,35.660,0.00,+0.00,+0.000,1480.475,+0.080,+0.000,0.080,0.000,+0.780,2,61.070,585.017,4
154.300,012,+56.5994221,+23.6918888,35.810,0.00,+0.00,+0.000,1481.468,+0.020,+0.000,0.020,0.000,+0.180,2,61.170,586.009,4
154.400,012,+56.5994310,+23.6918899,35.740,0.00,+0.00,+0.000,1482.461,-0.040,+0.000,0.040,0.040,-0.420,2,61.270,587.003,4
154.500,012,+56.5994398,+23.6918910,35.460,0.00,+0.00,+0.000,1483.450,-0.100,+0.000,0.100,0.100,-1.020,2,61.370,587.992,4
154.600,012,+56.5994486,+23.6918921,34.960,0.00,+0.00,+0.000,1484.428,-0.170,+0.000,0.170,0.170,-1.620,2,61.470,588.970,4
154.700,012,+56.5994572,+23.6918932,34.510,0.00,+0.00,+0.000,1485.393,-0.100,+0.000,0.100,0.100,-1.020,2,61.570,589.935,4
154.800,012,+56.5994658,+23.6918942,34.270,0.00,+0.00,+0.000,1486.348,-0.040,+0.000,0.040,0.040,-0.420,2,61.670,590.890,4
154.900,012,+56.5994743,+23.6918953,34.250,0.00,+0.00,+0.000,1487.300,+0.020,+0.000,0.020,0.000,+0.180,2,61.770,591.842,4
155.000,012,+56.5994828,+23.6918964,34.420,0.00,+0.00,+0.000,1488.254,+0.050,+0.000,0.050,0.000,+0.540,2,61.870,592.796,4
155.100,012,+56.5994914,+23.6918975,34.490,0.00,+0.00,+0.000,1489.211,-0.010,+0.000,0.010,0.010,-0.060,2,61.970,593.753,4
155.200,012,+56.5995000,+23.6918985,34.440,0.00,+0.00,+0.000,1490.168,-0.010,+0.000,0.010,0.010,-0.130,2,62.070,594.710,4
155.300,012,+56.5995086,+23.6918996,34.410,0.00,+0.00,+0.000,1491.125,+0.000,+0.000,0.000,0.000,-0.050,2,62.170,595.666,4
155.400,012,+56.5995171,+23.6919007,34.440,0.00,+0.00,+0.000,1492.081,+0.030,+0.000,0.030,0.000,+0.320,2,62.270,596.623,4
155.500,012,+56.5995257,+23.6919017,34.690,0.00,+0.00,+0.000,1493.041,+0.090,+0.000,0.090,0.000,+0.920,2,62.370,597.583,4
155.600,012,+56.5995344,+23.6919028,35.150,0.00,+0.00,+0.000,1494.011,+0.150,+0.000,0.150,0.000,+1.520,2,62.470,598.553,4
155.700,012,+56.5995432,+23.6919039,35.650,0.00,+0.00,+0.000,1494.994,+0.120,+0.000,0.120,0.000,+1.160,2,62.570,599.536,4
155.800,012,+56.5995522,+23.6919051,35.930,0.00,+0.00,+0.000,1495.988,+0.060,+0.000,0.060,0.000,+0.560,2,62.670,600.530,4
155.900,012,+56.5995611,+23.6919062,36.010,0.00,+0.00,+0.000,1496.988,+0.000,+0.000,0.000,0.000,-0.040,2,62.770,601.529,4
156.000,012,+56.5995701,+23.6919073,35.860,0.00,+0.00,+0.000,1497.986,-0.070,+0.000,0.070,0.070,-0.640,2,62.870,602.527,4
156.100,012,+56.5995790,+23.6919084,35.690,0.00,+0.00,+0.000,1498.980,-0.030,-0.060,0.067,0.030,-0.280,2,62.970,603.521,4
156.200,012,+56.5995879,+23.6919095,35.710,0.00,+0.00,+0.000,1499.971,+0.030,-0.180,0.182,0.000,+0.320,2,63.070,604.513,4
156.300,012,+56.5995968,+23.6919106,35.960,0.00,+0.00,+0.000,1500.967,+0.090,-0.310,0.323,0.000,+0.920,2,63.170,605.508,4
156.400,012,+56.5996058,+23.6919115,36.300,0.00,+0.00,+0.000,1501.970,+0.110,-0.590,0.600,0.000,+1.040,2,63.270,606.512,4
156.500,012,+56.5996149,+23.6919112,36.630,0.00,+0.00,+0.000,1502.983,+0.090,-0.740,0.745,0.000,+0.920,2,63.370,607.525,4
156.600,012,+56.5996240,+23.6919092,36.890,0.00,+0.00,+0.000,1504.004,+0.060,-0.890,0.892,0.000,+0.560,2,63.470,608.546,4
156.700,012,+56.5996330,+23.6919055,37.090,0.00,+0.00,+0.000,1505.032,+0.040,-1.110,1.111,0.000,+0.440,2,63.570,609.573,4
156.800,012,+56.5996417,+23.6919000,37.170,0.00,+0.00,+0.000,1506.063,+0.010,-1.120,1.120,0.000,+0.080,2,63.670,610.605,4
156.900,012,+56.5996501,+23.6918927,37.060,0.00,+0.00,+0.000,1507.094,-0.050,-0.940,0.941,0.050,-0.520,2,63.770,611.636,4
157.000,012,+56.5996579,+23.6918841,36.740,0.00,+0.00,+0.000,1508.119,-0.110,-0.960,0.966,0.110,-1.120,2,63.870,612.661,4
157.100,012,+56.5996652,+23.6918742,36.210,0.00,+0.00,+0.000,1509.132,-0.180,-0.880,0.898,0.180,-1.720,2,63.970,613.674,4
157.200,012,+56.5996719,+23.6918635,35.460,0.00,+0.00,+0.000,1510.128,-0.240,-0.670,0.712,0.240,-2.320,2,64.070,614.669,4
157.300,012,+56.5996781,+23.6918524,34.620,0.00,+0.00,+0.000,1511.101,-0.220,-0.680,0.715,0.220,-2.180,2,64.170,615.643,4
157.400,012,+56.5996838,+23.6918409,33.930,0.00,+0.00,+0.000,1512.053,-0.170,-0.620,0.643,0.170,-1.710,2,64.270,616.595,4
157.500,012,+56.5996890,+23.6918289,33.410,0.00,+0.00,+0.000,1512.989,-0.120,-0.590,0.602,0.120,-1.190,2,64.370,617.530,4
157.600,012,+56.5996937,+23.6918166,33.120,0.00,+0.00,+0.000,1513.913,-0.060,-0.580,0.583,0.060,-0.590,2,64.470,618.454,4
157.700,012,+56.5996980,+23.6918039,33.030,0.00,+0.00,+0.000,1514.831,+0.000,-0.460,0.460,0.000,+0.010,2,64.570,619.373,4
157.800,012,+56.5997019,+23.6917906,33.170,0.00,+0.00,+0.000,1515.751,+0.060,-0.390,0.395,0.000,+0.610,2,64.670,620.292,4
157.900,012,+56.5997054,+23.6917769,33.510,0.00,+0.00,+0.000,1516.677,+0.120,-0.330,0.351,0.000,+1.210,2,64.770,621.218,4
158.000,012,+56.5997086,+23.6917628,34.080,0.00,+0.00,+0.000,1517.616,+0.180,-0.260,0.316,0.000,+1.810,2,64.870,622.157,4
158.100,012,+56.5997118,+23.6917483,34.860,0.00,+0.00,+0.000,1518.573,+0.250,-0.190,0.314,0.000,+2.410,2,64.970,623.115,4
158.200,012,+56.5997151,+23.6917334,35.860,0.00,+0.00,+0.000,1519.555,+0.310,-0.070,0.318,0.000,+3.010,2,65.070,624.097,4
158.300,012,+56.5997185,+23.6917181,36.980,0.00,+0.00,+0.000,1520.567,+0.320,-0.030,0.321,0.000,+3.130,2,65.170,625.109,4
158.400,012,+56.5997220,+23.6917023,38.140,0.00,+0.00,+0.000,1521.610,+0.310,-0.110,0.329,0.000,+3.010,2,65.270,626.152,4
158.500,012,+56.5997255,+23.6916860,39.090,0.00,+0.00,+0.000,1522.683,+0.250,-0.190,0.314,0.000,+2.410,2,65.370,627.225,4
158.600,012,+56.5997290,+23.6916692,39.830,0.00,+0.00,+0.000,1523.779,+0.180,-0.280,0.333,0.000,+1.810,2,65.470,628.321,4
158.700,012,+56.5997322,+23.6916520,40.350,0.00,+0.00,+0.000,1524.893,+0.120,-0.280,0.305,0.000,+1.210,2,65.570,629.434,4
158.800,012,+56.5997351,+23.6916344,40.660,0.00,+0.00,+0.000,1526.018,+0.060,-0.330,0.335,0.000,+0.610,2,65.670,630.559,4
158.900,012,+56.5997378,+23.6916167,40.750,0.00,+0.00,+0.000,1527.148,+0.000,-0.340,0.340,0.000,+0.010,2,65.770,631.690,4
159.000,012,+56.5997402,+23.6915988,40.620,0.00,+0.00,+0.000,1528.279,-0.060,-0.330,0.335,0.060,-0.590,2,65.870,632.820,4
159.100,012,+56.5997423,+23.6915809,40.280,0.00,+0.00,+0.000,1529.402,-0.120,-0.330,0.351,0.120,-1.190,2,65.970,633.944,4
159.200,012,+56.5997440,+23.6915631,39.830,0.00,+0.00,+0.000,1530.515,-0.110,-0.320,0.338,0.110,-1.070,2,66.070,635.057,4
159.300,012,+56.5997455,+23.6915454,39.570,0.00,+0.00,+0.000,1531.618,-0.050,-0.320,0.324,0.050,-0.470,2,66.170,636.159,4
159.400,012,+56.5997467,+23.6915276,39.380,0.00,+0.00,+0.000,1532.714,-0.080,-0.310,0.320,0.080,-0.740,2,66.270,637.256,4
159.500,012,+56.5997476,+23.6915100,39.070,0.00,+0.00,+0.000,1533.804,-0.110,-0.310,0.329,0.110,-1.100,2,66.370,638.345,4
159.600,012,+56.5997482,+23.6914925,38.600,0.00,+0.00,+0.000,1534.883,-0.140,-0.260,0.295,0.140,-1.330,2,66.470,639.424,4
159.700,012,+56.5997485,+23.6914751,38.160,0.00,+0.00,+0.000,1535.949,-0.110,-0.180,0.211,0.110,-1.120,2,66.570,640.490,4
159.800,012,+56.5997487,+23.6914580,37.820,0.00,+0.00,+0.000,1537.004,-0.080,-0.180,0.197,0.080,-0.820,2,66.670,641.546,4
159.900,012,+56.5997487,+23.6914409,37.620,0.00,+0.00,+0.000,1538.052,-0.040,-0.110,0.117,0.040,-0.380,2,66.770,642.593,4
160.000,012,+56.5997487,+23.6914239,37.490,0.00,+0.00,+0.000,1539.095,-0.040,-0.030,0.050,0.040,-0.430,2,66.870,643.637,4
160.100,012,+56.5997487,+23.6914070,37.280,0.00,+0.00,+0.000,1540.133,-0.060,+0.000,0.060,0.060,-0.620,2,66.970,644.675,4
160.200,012,+56.5997487,+23.6913903,36.980,0.00,+0.00,+0.000,1541.165,-0.100,+0.000,0.100,0.100,-0.980,2,67.070,645.706,4
160.300,012,+56.5997487,+23.6913736,36.520,0.00,+0.00,+0.000,1542.186,-0.140,+0.000,0.140,0.140,-1.340,2,67.170,646.727,4
160.400,012,+56.5997487,+23.6913573,35.950,0.00,+0.00,+0.000,1543.192,-0.160,+0.000,0.160,0.160,-1.570,2,67.270,647.734,4
160.500,012,+56.5997487,+23.6913412,35.450,0.00,+0.00,+0.000,1544.184,-0.130,+0.000,0.130,0.130,-1.300,2,67.370,648.725,4
160.600,012,+56.5997487,+23.6913252,35.080,0.00,+0.00,+0.000,1545.163,-0.090,+0.000,0.090,0.090,-0.840,2,67.470,649.705,4
160.700,012,+56.5997487,+23.6913094,34.740,0.00,+0.00,+0.000,1546.133,-0.120,+0.000,0.120,0.120,-1.140,2,67.570,650.675,4
160.800,012,+56.5997487,+23.6912939,34.200,0.00,+0.00,+0.000,1547.091,-0.180,+0.000,0.180,0.180,-1.740,2,67.670,651.632,4
160.900,012,+56.5997487,+23.6912786,33.490,0.00,+0.00,+0.000,1548.031,-0.220,+0.000,0.220,0.220,-2.160,2,67.770,652.572,4
161.000,012,+56.5997487,+23.6912636,32.730,0.00,+0.00,+0.000,1548.950,-0.200,+0.000,0.200,0.200,-1.920,2,67.870,653.492,4
161.100,012,+56.5997487,+23.6912490,32.120,0.00,+0.00,+0.000,1549.851,-0.160,+0.000,0.160,0.160,-1.580,2,67.970,654.393,4
161.200,012,+56.5997487,+23.6912346,31.600,0.00,+0.00,+0.000,1550.736,-0.140,+0.000,0.140,0.140,-1.350,2,68.070,655.278,4
161.300,012,+56.5997487,+23.6912205,31.090,0.00,+0.00,+0.000,1551.607,-0.140,+0.000,0.140,0.140,-1.330,2,68.170,656.148,4
161.400,012,+56.5997487,+23.6912065,30.610,0.00,+0.00,+0.000,1552.464,-0.120,+0.000,0.120,0.120,-1.210,2,68.270,657.005,4
161.500,012,+56.5997487,+23.6911928,30.220,0.00,+0.00,+0.000,1553.309,-0.090,+0.000,0.090,0.090,-0.870,2,68.370,657.850,4
161.600,012,+56.5997487,+23.6911792,30.040,0.00,+0.00,+0.000,1554.146,-0.030,+0.000,0.030,0.030,-0.270,2,68.470,658.687,4
161.700,012,+56.5997487,+23.6911656,30.070,0.00,+0.00,+0.000,1554.980,+0.030,+0.000,0.030,0.000,+0.330,2,68.570,659.522,4
161.800,012,+56.5997487,+23.6911519,30.320,0.00,+0.00,+0.000,1555.819,+0.100,+0.000,0.100,0.000,+0.930,2,68.670,660.361,4
161.900,012,+56.5997487,+23.6911381,30.770,0.00,+0.00,+0.000,1556.668,+0.130,+0.000,0.130,0.000,+1.290,2,68.770,661.209,4
162.000,012,+56.5997487,+23.6911241,31.110,0.00,+0.00,+0.000,1557.527,+0.070,+0.000,0.070,0.000,+0.690,2,68.870,662.069,4
162.100,012,+56.5997487,+23.6911100,31.230,0.00,+0.00,+0.000,1558.393,+0.010,+0.000,0.010,0.000,+0.090,2,68.970,662.935,4
162.200,012,+56.5997487,+23.6910959,31.130,0.00,+0.00,+0.000,1559.259,-0.050,+0.000,0.050,0.050,-0.510,2,69.070,663.801,4
162.300,012,+56.5997487,+23.6910819,30.830,0.00,+0.00,+0.000,1560.120,-0.100,+0.000,0.100,0.100,-1.010,2,69.170,664.661,4
162.400,012,+56.5997487,+23.6910680,30.440,0.00,+0.00,+0.000,1560.971,-0.110,+0.000,0.110,0.110,-1.040,2,69.270,665.512,4
162.500,012,+56.5997487,+23.6910543,30.180,0.00,+0.00,+0.000,1561.813,-0.050,+0.000,0.050,0.050,-0.470,2,69.370,666.354,4
162.600,012,+56.5997487,+23.6910407,30.140,0.00,+0.00,+0.000,1562.650,+0.010,+0.000,0.010,0.000,+0.130,2,69.470,667.192,4
162.700,012,+56.5997487,+23.6910270,30.320,0.00,+0.00,+0.000,1563.490,+0.070,-0.040,0.081,0.000,+0.730,2,69.570,668.032,4
162.800,012,+56.5997487,+23.6910132,30.710,0.00,+0.00,+0.000,1564.338,+0.140,-0.130,0.191,0.000,+1.330,2,69.670,668.879,4
162.900,012,+56.5997487,+23.6909992,31.310,0.00,+0.00,+0.000,1565.199,+0.200,-0.330,0.386,0.000,+1.930,2,69.770,669.741,4
163.000,012,+56.5997487,+23.6909848,32.080,0.00,+0.00,+0.000,1566.080,+0.210,-0.550,0.589,0.000,+2.050,2,69.870,670.621,4
163.100,012,+56.5997483,+23.6909701,32.690,0.00,+0.00,+0.000,1566.979,+0.150,-0.780,0.794,0.000,+1.450,2,69.970,671.521,4
163.200,012,+56.5997469,+23.6909555,33.080,0.00,+0.00,+0.000,1567.893,+0.090,-1.060,1.064,0.000,+0.850,2,70.070,672.434,4
163.300,012,+56.5997441,+23.6909413,33.260,0.00,+0.00,+0.000,1568.814,+0.030,-1.140,1.140,0.000,+0.250,2,70.170,673.356,4
163.400,012,+56.5997401,+23.6909282,33.230,0.00,+0.00,+0.000,1569.737,-0.010,-1.180,1.180,0.010,-0.110,2,70.270,674.279,4
163.500,012,+56.5997351,+23.6909163,33.240,0.00,+0.00,+0.000,1570.661,+0.030,-1.120,1.120,0.000,+0.250,2,70.370,675.202,4
163.600,012,+56.5997294,+23.6909052,33.450,0.00,+0.00,+0.000,1571.587,+0.090,-1.060,1.064,0.000,+0.850,2,70.470,676.128,4
163.700,012,+56.5997233,+23.6908947,33.800,0.00,+0.00,+0.000,1572.521,+0.100,-0.980,0.985,0.000,+0.970,2,70.570,677.062,4
163.800,012,+56.5997167,+23.6908852,34.090,0.00,+0.00,+0.000,1573.464,+0.060,-0.900,0.902,0.000,+0.610,2,70.670,678.005,4
163.900,012,+56.5997096,+23.6908767,34.180,0.00,+0.00,+0.000,1574.412,+0.000,-1.090,1.090,0.000,+0.010,2,70.770,678.954,4
164.000,012,+56.5997020,+23.6908696,34.050,0.00,+0.00,+0.000,1575.360,-0.060,-1.110,1.112,0.060,-0.590,2,70.870,679.901,4
164.100,012,+56.5996941,+23.6908644,33.700,0.00,+0.00,+0.000,1576.301,-0.120,-0.970,0.977,0.120,-1.190,2,70.970,680.842,4
164.200,012,+56.5996859,+23.6908613,33.200,0.00,+0.00,+0.000,1577.230,-0.130,-0.800,0.810,0.130,-1.310,2,71.070,681.771,4
164.300,012,+56.5996777,+23.6908602,32.850,0.00,+0.00,+0.000,1578.147,-0.070,-0.680,0.684,0.070,-0.710,2,71.170,682.689,4
164.400,012,+56.5996696,+23.6908602,32.700,0.00,+0.00,+0.000,1579.058,-0.030,-0.460,0.461,0.030,-0.320,2,71.270,683.599,4
164.500,012,+56.5996614,+23.6908602,32.590,0.00,+0.00,+0.000,1579.964,-0.030,-0.350,0.351,0.030,-0.310,2,71.370,684.506,4
164.600,012,+56.5996533,+23.6908602,32.490,0.00,+0.00,+0.000,1580.868,-0.010,-0.270,0.270,0.010,-0.070,2,71.470,685.410,4
164.700,012,+56.5996452,+23.6908602,32.530,0.00,+0.00,+0.000,1581.771,+0.030,-0.240,0.242,0.000,+0.310,2,71.570,686.313,4
164.800,012,+56.5996371,+23.6908604,32.770,0.00,+0.00,+0.000,1582.678,+0.090,-0.320,0.332,0.000,+0.910,2,71.670,687.220,4
164.900,012,+56.5996289,+23.6908613,32.960,0.00,+0.00,+0.000,1583.591,+0.030,-0.470,0.471,0.000,+0.310,2,71.770,688.133,4
165.000,012,+56.5996207,+23.6908634,32.940,0.00,+0.00,+0.000,1584.506,-0.030,-0.540,0.541,0.030,-0.290,2,71.870,689.048,4
165.100,012,+56.5996127,+23.6908663,32.710,0.00,+0.00,+0.000,1585.418,-0.090,-0.570,0.577,0.090,-0.890,2,71.970,689.960,4
165.200,012,+56.5996049,+23.6908702,32.260,0.00,+0.00,+0.000,1586.321,-0.150,-0.630,0.648,0.150,-1.490,2,72.070,690.862,4
165.300,012,+56.5995974,+23.6908750,31.690,0.00,+0.00,+0.000,1587.209,-0.140,-0.620,0.636,0.140,-1.370,2,72.170,691.750,4
165.400,012,+56.5995902,+23.6908805,31.330,0.00,+0.00,+0.000,1588.084,-0.080,-0.620,0.625,0.080,-0.770,2,72.270,692.626,4
165.500,012,+56.5995832,+23.6908868,31.180,0.00,+0.00,+0.000,1588.952,-0.020,-0.570,0.570,0.020,-0.170,2,72.370,693.494,4
165.600,012,+56.5995765,+23.6908939,31.240,0.00,+0.00,+0.000,1589.819,+0.040,-0.680,0.681,0.000,+0.430,2,72.470,694.361,4
165.700,012,+56.5995700,+23.6909021,31.530,0.00,+0.00,+0.000,1590.691,+0.100,-0.710,0.717,0.000,+1.030,2,72.570,695.233,4
165.800,012,+56.5995639,+23.6909112,32.030,0.00,+0.00,+0.000,1591.574,+0.170,-0.750,0.769,0.000,+1.630,2,72.670,696.115,4
165.900,012,+56.5995581,+23.6909215,32.740,0.00,+0.00,+0.000,1592.473,+0.230,-0.820,0.852,0.000,+2.230,2,72.770,697.015,4
166.000,012,+56.5995528,+23.6909330,33.570,0.00,+0.00,+0.000,1593.394,+0.210,-0.810,0.837,0.000,+2.110,2,72.870,697.936,4
166.100,012,+56.5995479,+23.6909455,34.200,0.00,+0.00,+0.000,1594.336,+0.150,-0.740,0.755,0.000,+1.510,2,72.970,698.877,4
166.200,012,+56.5995436,+23.6909590,34.610,0.00,+0.00,+0.000,1595.291,+0.090,-0.560,0.567,0.000,+0.910,2,73.070,699.833,4
166.300,012,+56.5995399,+23.6909732,34.820,0.00,+0.00,+0.000,1596.256,+0.060,-0.460,0.464,0.000,+0.550,2,73.170,700.797,4
166.400,012,+56.5995363,+23.6909876,35.080,0.00,+0.00,+0.000,1597.226,+0.090,-0.250,0.266,0.000,+0.910,2,73.270,701.768,4
166.500,012,+56.5995326,+23.6910021,35.530,0.00,+0.00,+0.000,1598.207,+0.150,-0.150,0.212,0.000,+1.510,2,73.370,702.749,4
166.600,012,+56.5995289,+23.6910169,36.170,0.00,+0.00,+0.000,1599.203,+0.190,+0.000,0.190,0.000,+1.870,2,73.470,703.745,4
166.700,012,+56.5995252,+23.6910320,36.830,0.00,+0.00,+0.000,1600.217,+0.180,+0.000,0.180,0.000,+1.750,2,73.570,704.758,4
166.800,012,+56.5995213,+23.6910473,37.380,0.00,+0.00,+0.000,1601.248,+0.140,+0.000,0.140,0.000,+1.390,2,73.670,705.789,4
166.900,012,+56.5995175,+23.6910629,37.930,0.00,+0.00,+0.000,1602.293,+0.150,+0.000,0.150,0.000,+1.510,2,73.770,706.835,4
167.000,012,+56.5995135,+23.6910786,38.340,0.00,+0.00,+0.000,1603.353,+0.090,+0.000,0.090,0.000,+0.910,2,73.870,707.894,4
167.100,012,+56.5995096,+23.6910944,38.540,0.00,+0.00,+0.000,1604.421,+0.030,+0.000,0.030,0.000,+0.310,2,73.970,708.962,4
167.200,012,+56.5995056,+23.6911103,38.650,0.00,+0.00,+0.000,1605.493,+0.040,+0.000,0.040,0.000,+0.430,2,74.070,710.034,4
167.300,012,+56.5995016,+23.6911263,38.680,0.00,+0.00,+0.000,1606.567,-0.020,+0.000,0.020,0.020,-0.170,2,74.170,711.108,4
167.400,012,+56.5994976,+23.6911422,38.580,0.00,+0.00,+0.000,1607.640,-0.040,+0.000,0.040,0.040,-0.420,2,74.270,712.181,4
167.500,012,+56.5994937,+23.6911580,38.300,0.00,+0.00,+0.000,1608.708,-0.100,+0.000,0.100,0.100,-1.020,2,74.370,713.249,4
167.600,012,+56.5994897,+23.6911737,37.800,0.00,+0.00,+0.000,1609.764,-0.170,+0.000,0.170,0.170,-1.620,2,74.470,714.306,4
167.700,012,+56.5994859,+23.6911891,37.090,0.00,+0.00,+0.000,1610.805,-0.230,+0.000,0.230,0.230,-2.220,2,74.570,715.346,4
167.800,012,+56.5994821,+23.6912042,36.160,0.00,+0.00,+0.000,1611.822,-0.290,+0.000,0.290,0.290,-2.820,2,74.670,716.364,4
167.900,012,+56.5994785,+23.6912188,35.020,0.00,+0.00,+0.000,1612.811,-0.340,+0.000,0.340,0.340,-3.300,2,74.770,717.352,4
168.000,012,+56.5994749,+23.6912329,33.970,0.00,+0.00,+0.000,1613.769,-0.280,+0.000,0.280,0.280,-2.700,2,74.870,718.310,4
168.100,012,+56.5994715,+23.6912467,33.130,0.00,+0.00,+0.000,1614.701,-0.210,+0.000,0.210,0.210,-2.100,2,74.970,719.242,4
168.200,012,+56.5994681,+23.6912602,32.500,0.00,+0.00,+0.000,1615.612,-0.150,+0.000,0.150,0.150,-1.500,2,75.070,720.154,4
168.300,012,+56.5994648,+23.6912735,32.090,0.00,+0.00,+0.000,1616.509,-0.090,+0.000,0.090,0.090,-0.900,2,75.170,721.051,4
168.400,012,+56.5994615,+23.6912867,31.900,0.00,+0.00,+0.000,1617.398,-0.030,+0.000,0.030,0.030,-0.300,2,75.270,721.940,4
168.500,012,+56.5994582,+23.6912998,31.920,0.00,+0.00,+0.000,1618.285,+0.030,+0.000,0.030,0.000,+0.300,2,75.370,722.826,4
168.600,012,+56.5994549,+23.6913130,32.160,0.00,+0.00,+0.000,1619.174,+0.090,+0.000,0.090,0.000,+0.900,2,75.470,723.716,4
168.700,012,+56.5994516,+23.6913263,32.580,0.00,+0.00,+0.000,1620.074,+0.130,+0.000,0.130,0.000,+1.260,2,75.570,724.615,4
168.800,012,+56.5994482,+23.6913399,32.990,0.00,+0.00,+0.000,1620.984,+0.090,+0.000,0.090,0.000,+0.900,2,75.670,725.526,4
168.900,012,+56.5994448,+23.6913535,33.180,0.00,+0.00,+0.000,1621.903,+0.030,+0.000,0.030,0.000,+0.300,2,75.770,726.445,4
169.000,012,+56.5994414,+23.6913672,33.160,0.00,+0.00,+0.000,1622.825,-0.030,+0.000,0.030,0.030,-0.300,2,75.870,727.366,4
169.100,012,+56.5994380,+23.6913808,32.920,0.00,+0.00,+0.000,1623.743,-0.090,+0.000,0.090,0.090,-0.900,2,75.970,728.284,4
169.200,012,+56.5994346,+23.6913943,32.530,0.00,+0.00,+0.000,1624.652,-0.110,+0.000,0.110,0.110,-1.060,2,76.070,729.193,4
169.300,012,+56.5994313,+23.6914076,32.160,0.00,+0.00,+0.000,1625.550,-0.100,+0.000,0.100,0.100,-0.940,2,76.170,730.092,4
169.400,012,+56.5994280,+23.6914208,31.870,0.00,+0.00,+0.000,1626.439,-0.070,+0.000,0.070,0.070,-0.730,2,76.270,730.981,4
169.500,012,+56.5994247,+23.6914338,31.600,0.00,+0.00,+0.000,1627.321,-0.060,+0.000,0.060,0.060,-0.620,2,76.370,731.863,4
169.600,012,+56.5994215,+23.6914468,31.440,0.00,+0.00,+0.000,1628.196,-0.030,+0.000,0.030,0.030,-0.260,2,76.470,732.738,4
169.700,012,+56.5994182,+23.6914598,31.480,0.00,+0.00,+0.000,1629.070,+0.030,+0.000,0.030,0.000,+0.340,2,76.570,733.612,4
169.800,012,+56.5994150,+23.6914728,31.730,0.00,+0.00,+0.000,1629.948,+0.100,+0.000,0.100,0.000,+0.940,2,76.670,734.490,4
169.900,012,+56.5994117,+23.6914860,32.200,0.00,+0.00,+0.000,1630.836,+0.160,+0.000,0.160,0.000,+1.540,2,76.770,735.378,4
170.000,012,+56.5994083,+23.6914994,32.880,0.00,+0.00,+0.000,1631.740,+0.220,+0.130,0.256,0.000,+2.140,2,76.870,736.282,4
170.100,012,+56.5994049,+23.6915131,33.780,0.00,+0.00,+0.000,1632.666,+0.280,+0.230,0.362,0.000,+2.740,2,76.970,737.208,4
170.200,012,+56.5994013,+23.6915273,34.900,0.00,+0.00,+0.000,1633.620,+0.340,+0.350,0.488,0.000,+3.340,2,77.070,738.161,4
170.300,012,+56.5993974,+23.6915418,36.130,0.00,+0.00,+0.000,1634.606,+0.330,+0.610,0.694,0.000,+3.220,2,77.170,739.148,4
170.400,012,+56.5993927,+23.6915560,37.160,0.00,+0.00,+0.000,1635.624,+0.270,+0.760,0.807,0.000,+2.620,2,77.270,740.166,4
170.500,012,+56.5993870,+23.6915697,37.970,0.00,+0.00,+0.000,1636.668,+0.210,+1.040,1.061,0.000,+2.020,2,77.370,741.209,4
170.600,012,+56.5993805,+23.6915824,38.570,0.00,+0.00,+0.000,1637.731,+0.140,+1.010,1.020,0.000,+1.420,2,77.470,742.272,4
170.700,012,+56.5993733,+23.6915939,38.950,0.00,+0.00,+0.000,1638.807,+0.080,+1.010,1.013,0.000,+0.820,2,77.570,743.349,4
170.800,012,+56.5993653,+23.6916042,39.150,0.00,+0.00,+0.000,1639.892,+0.050,+0.960,0.961,0.000,+0.460,2,77.670,744.434,4
170.900,012,+56.5993569,+23.6916131,39.190,0.00,+0.00,+0.000,1640.980,-0.010,+1.030,1.030,0.010,-0.140,2,77.770,745.522,4
171.000,012,+56.5993481,+23.6916210,39.010,0.00,+0.00,+0.000,1642.066,-0.080,+0.970,0.973,0.080,-0.740,2,77.870,746.608,4
171.100,012,+56.5993392,+23.6916274,38.630,0.00,+0.00,+0.000,1643.145,-0.120,+0.900,0.908,0.120,-1.160,2,77.970,747.686,4
171.200,012,+56.5993300,+23.6916324,38.260,0.00,+0.00,+0.000,1644.213,-0.110,+0.920,0.927,0.110,-1.030,2,78.070,748.754,4
171.300,012,+56.5993207,+23.6916357,37.960,0.00,+0.00,+0.000,1645.271,-0.070,+0.880,0.883,0.070,-0.670,2,78.170,749.813,4
171.400,012,+56.5993113,+23.6916375,37.760,0.00,+0.00,+0.000,1646.323,-0.040,+0.990,0.991,0.040,-0.350,2,78.270,750.864,4
171.500,012,+56.5993019,+23.6916379,37.580,0.00,+0.00,+0.000,1647.369,-0.070,+1.270,1.272,0.070,-0.680,2,78.370,751.911,4
171.600,012,+56.5992926,+23.6916376,37.200,0.00,+0.00,+0.000,1648.408,-0.130,+1.470,1.476,0.130,-1.280,2,78.470,752.949,4
171.700,012,+56.5992835,+23.6916345,36.610,0.00,+0.00,+0.000,1649.433,-0.190,+1.530,1.542,0.190,-1.880,2,78.570,753.975,4
171.800,012,+56.5992752,+23.6916283,35.810,0.00,+0.00,+0.000,1650.439,-0.250,+1.700,1.718,0.250,-2.480,2,78.670,754.980,4
171.900,012,+56.5992679,+23.6916194,34.780,0.00,+0.00,+0.000,1651.419,-0.310,+1.790,1.817,0.310,-3.080,2,78.770,755.961,4
172.000,012,+56.5992619,+23.6916087,33.540,0.00,+0.00,+0.000,1652.368,-0.380,+1.650,1.693,0.380,-3.680,2,78.870,756.910,4
172.100,012,+56.5992570,+23.6915969,32.090,0.00,+0.00,+0.000,1653.280,-0.440,+1.360,1.429,0.440,-4.280,2,78.970,757.821,4
172.200,012,+56.5992532,+23.6915846,30.420,0.00,+0.00,+0.000,1654.148,-0.500,+1.150,1.254,0.500,-4.880,2,79.070,758.689,4
172.300,012,+56.5992507,+23.6915721,28.620,0.00,+0.00,+0.000,1654.968,-0.510,+0.870,1.008,0.510,-5.000,2,79.170,759.509,4
172.400,012,+56.5992493,+23.6915599,26.950,0.00,+0.00,+0.000,1655.740,-0.450,+0.750,0.875,0.450,-4.400,2,79.270,760.281,4
172.500,012,+56.5992487,+23.6915482,25.490,0.00,+0.00,+0.000,1656.468,-0.390,+0.570,0.691,0.390,-3.800,2,79.370,761.010,4
172.600,012,+56.5992487,+23.6915370,24.250,0.00,+0.00,+0.000,1657.159,-0.330,+0.500,0.599,0.330,-3.200,2,79.470,761.700,4
172.700,012,+56.5992489,+23.6915263,23.230,0.00,+0.00,+0.000,1657.818,-0.270,+0.370,0.458,0.270,-2.600,2,79.570,762.360,4
172.800,012,+56.5992492,+23.6915161,22.420,0.00,+0.00,+0.000,1658.452,-0.200,+0.310,0.369,0.200,-2.000,2,79.670,762.994,4
172.900,012,+56.5992497,+23.6915061,21.830,0.00,+0.00,+0.000,1659.067,-0.140,+0.220,0.261,0.140,-1.400,2,79.770,763.608,4
173.000,012,+56.5992503,+23.6914964,21.460,0.00,+0.00,+0.000,1659.668,-0.080,+0.170,0.188,0.080,-0.800,2,79.870,764.210,4
173.100,012,+56.5992511,+23.6914869,21.300,0.00,+0.00,+0.000,1660.262,-0.020,+0.140,0.141,0.020,-0.200,2,79.970,764.804,4
173.200,012,+56.5992521,+23.6914774,21.360,0.00,+0.00,+0.000,1660.854,+0.040,+0.130,0.136,0.000,+0.400,2,80.070,765.396,4
173.300,012,+56.5992532,+23.6914679,21.630,0.00,+0.00,+0.000,1661.452,+0.100,+0.120,0.156,0.000,+1.000,2,80.170,765.993,4
173.400,012,+56.5992545,+23.6914583,22.120,0.00,+0.00,+0.000,1662.059,+0.160,+0.110,0.194,0.000,+1.600,2,80.270,766.601,4
173.500,012,+56.5992559,+23.6914484,22.820,0.00,+0.00,+0.000,1662.683,+0.220,+0.080,0.234,0.000,+2.200,2,80.370,767.225,4
173.600,012,+56.5992574,+23.6914382,23.740,0.00,+0.00,+0.000,1663.330,+0.290,+0.070,0.298,0.000,+2.800,2,80.470,767.872,4
173.700,012,+56.5992589,+23.6914275,24.880,0.00,+0.00,+0.000,1664.005,+0.350,+0.080,0.359,0.000,+3.400,2,80.570,768.547,4
173.800,012,+56.5992605,+23.6914162,26.230,0.00,+0.00,+0.000,1664.715,+0.410,+0.040,0.412,0.000,+4.000,2,80.670,769.257,4
173.900,012,+56.5992622,+23.6914044,27.590,0.00,+0.00,+0.000,1665.463,+0.370,+0.050,0.373,0.000,+3.640,2,80.770,770.004,4
174.000,012,+56.5992640,+23.6913920,28.770,0.00,+0.00,+0.000,1666.245,+0.310,+0.060,0.316,0.000,+3.040,2,80.870,770.787,4
174.100,012,+56.5992660,+23.6913792,29.740,0.00,+0.00,+0.000,1667.058,+0.250,+0.090,0.266,0.000,+2.440,2,80.970,771.600,4
174.200,012,+56.5992681,+23.6913661,30.610,0.00,+0.00,+0.000,1667.896,+0.260,+0.120,0.286,0.000,+2.560,2,81.070,772.438,4
174.300,012,+56.5992704,+23.6913526,31.660,0.00,+0.00,+0.000,1668.761,+0.320,+0.130,0.345,0.000,+3.160,2,81.170,773.303,4
174.400,012,+56.5992729,+23.6913387,32.930,0.00,+0.00,+0.000,1669.658,+0.380,+0.150,0.409,0.000,+3.760,2,81.270,774.200,4
174.500,012,+56.5992757,+23.6913242,34.340,0.00,+0.00,+0.000,1670.593,+0.400,+0.170,0.435,0.000,+3.880,2,81.370,775.134,4
174.600,012,+56.5992786,+23.6913093,35.610,0.00,+0.00,+0.000,1671.564,+0.330,+0.180,0.376,0.000,+3.280,2,81.470,776.106,4
174.700,012,+56.5992819,+23.6912940,36.660,0.00,+0.00,+0.000,1672.568,+0.270,+0.150,0.309,0.000,+2.680,2,81.570,777.109,4
174.800,012,+56.5992854,+23.6912784,37.490,0.00,+0.00,+0.000,1673.598,+0.210,+0.200,0.290,0.000,+2.080,2,81.670,778.139,4
174.900,012,+56.5992891,+23.6912626,38.110,0.00,+0.00,+0.000,1674.648,+0.150,+0.200,0.250,0.000,+1.480,2,81.770,779.189,4
175.000,012,+56.5992930,+23.6912468,38.530,0.00,+0.00,+0.000,1675.712,+0.110,+0.190,0.220,0.000,+1.120,2,81.870,780.254,4
175.100,012,+56.5992970,+23.6912309,38.890,0.00,+0.00,+0.000,1676.787,+0.080,+0.150,0.170,0.000,+0.760,2,81.970,781.329,4
175.200,012,+56.5993013,+23.6912151,39.030,0.00,+0.00,+0.000,1677.870,+0.020,+0.110,0.112,0.000,+0.160,2,82.070,782.411,4
175.300,012,+56.5993057,+23.6911993,38.960,0.00,+0.00,+0.000,1678.953,-0.050,+0.060,0.078,0.050,-0.440,2,82.170,783.494,4
175.400,012,+56.5993101,+23.6911836,38.770,0.00,+0.00,+0.000,1680.032,-0.030,+0.020,0.036,0.030,-0.320,2,82.270,784.574,4
175.500,012,+56.5993144,+23.6911680,38.680,0.00,+0.00,+0.000,1681.108,-0.050,+0.000,0.050,0.050,-0.440,2,82.370,785.650,4
175.600,012,+56.5993187,+23.6911524,38.400,0.00,+0.00,+0.000,1682.179,-0.110,+0.000,0.110,0.110,-1.040,2,82.470,786.720,4
175.700,012,+56.5993230,+23.6911370,37.890,0.00,+0.00,+0.000,1683.238,-0.170,+0.000,0.170,0.170,-1.640,2,82.570,787.780,4
175.800,012,+56.5993272,+23.6911219,37.170,0.00,+0.00,+0.000,1684.281,-0.230,+0.000,0.230,0.230,-2.240,2,82.670,788.822,4
175.900,012,+56.5993313,+23.6911070,36.410,0.00,+0.00,+0.000,1685.303,-0.190,+0.000,0.190,0.190,-1.880,2,82.770,789.844,4
176.000,012,+56.5993354,+23.6910925,35.860,0.00,+0.00,+0.000,1686.306,-0.130,+0.000,0.130,0.130,-1.280,2,82.870,790.848,4
176.100,012,+56.5993394,+23.6910781,35.530,0.00,+0.00,+0.000,1687.298,-0.070,+0.000,0.070,0.070,-0.680,2,82.970,791.840,4
176.200,012,+56.5993434,+23.6910638,35.380,0.00,+0.00,+0.000,1688.283,-0.040,+0.000,0.040,0.040,-0.390,2,83.070,792.824,4
176.300,012,+56.5993473,+23.6910495,35.240,0.00,+0.00,+0.000,1689.264,-0.040,+0.000,0.040,0.040,-0.420,2,83.170,793.805,4
176.400,012,+56.5993513,+23.6910353,35.090,0.00,+0.00,+0.000,1690.240,-0.040,+0.000,0.040,0.040,-0.370,2,83.270,794.782,4
176.500,012,+56.5993552,+23.6910212,34.980,0.00,+0.00,+0.000,1691.214,-0.030,+0.000,0.030,0.030,-0.250,2,83.370,795.755,4
176.600,012,+56.5993591,+23.6910070,34.930,0.00,+0.00,+0.000,1692.185,-0.010,+0.000,0.010,0.010,-0.110,2,83.470,796.726,4
176.700,012,+56.5993630,+23.6909929,35.020,0.00,+0.00,+0.000,1693.156,+0.050,+0.000,0.050,0.000,+0.490,2,83.570,797.698,4
176.800,012,+56.5993670,+23.6909787,35.320,0.00,+0.00,+0.000,1694.133,+0.110,+0.000,0.110,0.000,+1.090,2,83.670,798.675,4
176.900,012,+56.5993710,+23.6909644,35.580,0.00,+0.00,+0.000,1695.118,+0.050,+0.000,0.050,0.000,+0.490,2,83.770,799.659,4
177.000,012,+56.5993750,+23.6909500,35.630,0.00,+0.00,+0.000,1696.107,-0.010,-0.040,0.041,0.010,-0.110,2,83.870,800.648,4
177.100,012,+56.5993790,+23.6909356,35.460,0.00,+0.00,+0.000,1697.094,-0.070,-0.040,0.081,0.070,-0.710,2,83.970,801.636,4
177.200,012,+56.5993829,+23.6909214,35.090,0.00,+0.00,+0.000,1698.074,-0.110,-0.110,0.156,0.110,-1.070,2,84.070,802.616,4
177.300,012,+56.5993867,+23.6909072,34.800,0.00,+0.00,+0.000,1699.045,-0.060,-0.180,0.190,0.060,-0.590,2,84.170,803.586,4
177.400,012,+56.5993905,+23.6908930,34.720,0.00,+0.00,+0.000,1700.010,+0.000,-0.180,0.180,0.000,+0.010,2,84.270,804.552,4
177.500,012,+56.5993939,+23.6908786,34.730,0.00,+0.00,+0.000,1700.975,+0.010,-0.260,0.260,0.000,+0.130,2,84.370,805.517,4
177.600,012,+56.5993971,+23.6908640,34.820,0.00,+0.00,+0.000,1701.941,+0.030,-0.300,0.301,0.000,+0.250,2,84.470,806.483,4
177.700,012,+56.5994001,+23.6908491,34.990,0.00,+0.00,+0.000,1702.910,+0.060,-0.300,0.306,0.000,+0.610,2,84.570,807.452,4
177.800,012,+56.5994028,+23.6908340,35.220,0.00,+0.00,+0.000,1703.886,+0.070,-0.310,0.318,0.000,+0.730,2,84.670,808.427,4
177.900,012,+56.5994053,+23.6908186,35.610,0.00,+0.00,+0.000,1704.869,+0.140,-0.310,0.340,0.000,+1.330,2,84.770,809.411,4
178.000,012,+56.5994075,+23.6908029,36.170,0.00,+0.00,+0.000,1705.866,+0.170,-0.320,0.362,0.000,+1.690,2,84.870,810.408,4
178.100,012,+56.5994095,+23.6907868,36.650,0.00,+0.00,+0.000,1706.878,+0.110,-0.330,0.348,0.000,+1.090,2,84.970,811.419,4
178.200,012,+56.5994112,+23.6907704,36.910,0.00,+0.00,+0.000,1707.899,+0.050,-0.340,0.344,0.000,+0.490,2,85.070,812.441,4
178.300,012,+56.5994127,+23.6907539,36.960,0.00,+0.00,+0.000,1708.925,-0.010,-0.340,0.340,0.010,-0.110,2,85.170,813.467,4
178.400,012,+56.5994137,+23.6907374,36.790,0.00,+0.00,+0.000,1709.950,-0.070,-0.330,0.337,0.070,-0.710,2,85.270,814.491,4
178.500,012,+56.5994145,+23.6907209,36.400,0.00,+0.00,+0.000,1710.966,-0.130,-0.280,0.309,0.130,-1.310,2,85.370,815.508,4
178.600,012,+56.5994151,+23.6907046,35.850,0.00,+0.00,+0.000,1711.970,-0.170,-0.270,0.319,0.170,-1.670,2,85.470,816.511,4
178.700,012,+56.5994153,+23.6906886,35.260,0.00,+0.00,+0.000,1712.957,-0.150,-0.190,0.242,0.150,-1.470,2,85.570,817.499,4
178.800,012,+56.5994153,+23.6906727,34.860,0.00,+0.00,+0.000,1713.931,-0.090,-0.110,0.142,0.090,-0.870,2,85.670,818.473,4
178.900,012,+56.5994153,+23.6906570,34.680,0.00,+0.00,+0.000,1714.897,-0.030,-0.110,0.114,0.030,-0.270,2,85.770,819.439,4
179.000,012,+56.5994153,+23.6906413,34.710,0.00,+0.00,+0.000,1715.861,+0.030,-0.040,0.050,0.000,+0.330,2,85.870,820.402,4
179.100,012,+56.5994153,+23.6906256,34.960,0.00,+0.00,+0.000,1716.828,+0.090,+0.000,0.090,0.000,+0.930,2,85.970,821.370,4
179.200,012,+56.5994153,+23.6906096,35.430,0.00,+0.00,+0.000,1717.806,+0.160,-0.130,0.206,0.000,+1.530,2,86.070,822.348,4
179.300,012,+56.5994153,+23.6905934,36.060,0.00,+0.00,+0.000,1718.799,+0.170,-0.230,0.286,0.000,+1.650,2,86.170,823.341,4
179.400,012,+56.5994153,+23.6905770,36.520,0.00,+0.00,+0.000,1719.807,+0.110,-0.430,0.444,0.000,+1.050,2,86.270,824.349,4
179.500,012,+56.5994150,+23.6905604,36.770,0.00,+0.00,+0.000,1720.825,+0.050,-0.630,0.632,0.000,+0.450,2,86.370,825.367,4
179.600,012,+56.5994138,+23.6905439,36.800,0.00,+0.00,+0.000,1721.847,-0.020,-0.820,0.820,0.020,-0.150,2,86.470,826.388,4
179.700,012,+56.5994117,+23.6905277,36.620,0.00,+0.00,+0.000,1722.866,-0.080,-0.910,0.914,0.080,-0.750,2,86.570,827.408,4
179.800,012,+56.5994088,+23.6905121,36.340,0.00,+0.00,+0.000,1723.880,-0.060,-0.940,0.942,0.060,-0.630,2,86.670,828.421,4
179.900,012,+56.5994051,+23.6904972,36.060,0.00,+0.00,+0.000,1724.885,-0.100,-0.910,0.915,0.100,-0.990,2,86.770,829.427,4
180.000,012,+56.5994007,+23.6904831,35.710,0.00,+0.00,+0.000,1725.882,-0.110,-0.980,0.986,0.110,-1.060,2,86.870,830.424,4
180.100,012,+56.5993957,+23.6904698,35.390,0.00,+0.00,+0.000,1726.870,-0.100,-0.870,0.876,0.100,-0.940,2,86.970,831.411,4
180.200,012,+56.5993902,+23.6904575,35.010,0.00,+0.00,+0.000,1727.847,-0.110,-0.850,0.857,0.110,-1.060,2,87.070,832.389,4
180.300,012,+56.5993841,+23.6904463,34.550,0.00,+0.00,+0.000,1728.813,-0.140,-0.860,0.871,0.140,-1.420,2,87.170,833.355,4
180.400,012,+56.5993776,+23.6904362,34.050,0.00,+0.00,+0.000,1729.766,-0.130,-0.700,0.712,0.130,-1.300,2,87.270,834.308,4
180.500,012,+56.5993708,+23.6904274,33.710,0.00,+0.00,+0.000,1730.707,-0.070,-0.580,0.584,0.070,-0.700,2,87.370,835.249,4
180.600,012,+56.5993636,+23.6904195,33.590,0.00,+0.00,+0.000,1731.642,-0.010,-0.590,0.590,0.010,-0.100,2,87.470,836.184,4
180.700,012,+56.5993562,+23.6904123,33.690,0.00,+0.00,+0.000,1732.577,+0.050,-0.490,0.493,0.000,+0.500,2,87.570,837.118,4
180.800,012,+56.5993486,+23.6904054,34.000,0.00,+0.00,+0.000,1733.517,+0.110,-0.510,0.522,0.000,+1.100,2,87.670,838.058,4
180.900,012,+56.5993408,+23.6903991,34.350,0.00,+0.00,+0.000,1734.466,+0.080,-0.410,0.418,0.000,+0.740,2,87.770,839.008,4
181.000,012,+56.5993328,+23.6903934,34.490,0.00,+0.00,+0.000,1735.422,+0.010,-0.400,0.400,0.000,+0.140,2,87.870,839.964,4
181.100,012,+56.5993247,+23.6903884,34.470,0.00,+0.00,+0.000,1736.380,+0.000,-0.430,0.430,0.000,+0.040,2,87.970,840.922,4
181.200,012,+56.5993164,+23.6903840,34.620,0.00,+0.00,+0.000,1737.339,+0.070,-0.380,0.386,0.000,+0.640,2,88.070,841.881,4
181.300,012,+56.5993080,+23.6903802,34.980,0.00,+0.00,+0.000,1738.306,+0.130,-0.300,0.327,0.000,+1.240,2,88.170,842.848,4
181.400,012,+56.5992994,+23.6903771,35.550,0.00,+0.00,+0.000,1739.286,+0.190,-0.280,0.338,0.000,+1.840,2,88.270,843.827,4
181.500,012,+56.5992906,+23.6903741,36.120,0.00,+0.00,+0.000,1740.281,+0.150,-0.200,0.250,0.000,+1.480,2,88.370,844.823,4
181.600,012,+56.5992816,+23.6903713,36.590,0.00,+0.00,+0.000,1741.291,+0.110,-0.200,0.228,0.000,+1.120,2,88.470,845.833,4
181.700,012,+56.5992725,+23.6903686,36.950,0.00,+0.00,+0.000,1742.312,+0.080,-0.170,0.188,0.000,+0.760,2,88.570,846.854,4
181.800,012,+56.5992634,+23.6903662,37.100,0.00,+0.00,+0.000,1743.341,+0.020,-0.170,0.171,0.000,+0.160,2,88.670,847.882,4
181.900,012,+56.5992542,+23.6903641,37.030,0.00,+0.00,+0.000,1744.370,-0.040,-0.180,0.184,0.040,-0.440,2,88.770,848.912,4
182.000,012,+56.5992451,+23.6903622,36.790,0.00,+0.00,+0.000,1745.396,-0.080,-0.150,0.170,0.080,-0.800,2,88.870,849.937,4
182.100,012,+56.5992360,+23.6903606,36.370,0.00,+0.00,+0.000,1746.412,-0.140,-0.150,0.205,0.140,-1.400,2,88.970,850.953,4
182.200,012,+56.5992270,+23.6903593,35.740,0.00,+0.00,+0.000,1747.413,-0.200,-0.130,0.239,0.200,-2.000,2,89.070,851.955,4
182.300,012,+56.5992182,+23.6903582,34.890,0.00,+0.00,+0.000,1748.394,-0.270,-0.100,0.288,0.270,-2.600,2,89.170,852.936,4
182.400,012,+56.5992097,+23.6903574,33.940,0.00,+0.00,+0.000,1749.350,-0.260,-0.080,0.272,0.260,-2.580,2,89.270,853.892,4
182.500,012,+56.5992014,+23.6903568,33.070,0.00,+0.00,+0.000,1750.281,-0.230,-0.050,0.235,0.230,-2.270,2,89.370,854.823,4
182.600,012,+56.5991932,+23.6903562,32.290,0.00,+0.00,+0.000,1751.189,-0.210,-0.030,0.212,0.210,-2.040,2,89.470,855.730,4
182.700,012,+56.5991853,+23.6903556,31.560,0.00,+0.00,+0.000,1752.076,-0.190,-0.010,0.190,0.190,-1.880,2,89.570,856.617,4
182.800,012,+56.5991775,+23.6903551,30.930,0.00,+0.00,+0.000,1752.943,-0.160,+0.000,0.160,0.160,-1.610,2,89.670,857.485,4
182.900,012,+56.5991699,+23.6903545,30.480,0.00,+0.00,+0.000,1753.796,-0.100,+0.000,0.100,0.100,-1.010,2,89.770,858.338,4
183.000,012,+56.5991623,+23.6903540,30.250,0.00,+0.00,+0.000,1754.640,-0.040,+0.000,0.040,0.040,-0.410,2,89.870,859.182,4
183.100,012,+56.5991548,+23.6903535,30.230,0.00,+0.00,+0.000,1755.480,+0.020,+0.000,0.020,0.000,+0.190,2,89.970,860.022,4
183.200,012,+56.5991472,+23.6903529,30.430,0.00,+0.00,+0.000,1756.322,+0.080,+0.000,0.080,0.000,+0.790,2,90.070,860.864,4
183.300,012,+56.5991396,+23.6903524,30.680,0.00,+0.00,+0.000,1757.171,+0.040,+0.000,0.040,0.000,+0.430,2,90.170,861.713,4
183.400,012,+56.5991319,+23.6903518,30.700,0.00,+0.00,+0.000,1758.024,-0.020,+0.000,0.020,0.020,-0.170,2,90.270,862.565,4
183.500,012,+56.5991243,+23.6903513,30.510,0.00,+0.00,+0.000,1758.874,-0.080,+0.000,0.080,0.080,-0.770,2,90.370,863.415,4
183.600,012,+56.5991168,+23.6903507,30.150,0.00,+0.00,+0.000,1759.716,-0.120,+0.000,0.120,0.120,-1.190,2,90.470,864.258,4
183.700,012,+56.5991093,+23.6903502,29.730,0.00,+0.00,+0.000,1760.548,-0.110,+0.000,0.110,0.110,-1.070,2,90.570,865.090,4
183.800,012,+56.5991020,+23.6903497,29.380,0.00,+0.00,+0.000,1761.369,-0.080,+0.000,0.080,0.080,-0.790,2,90.670,865.911,4
183.900,012,+56.5990947,+23.6903492,29.220,0.00,+0.00,+0.000,1762.183,-0.020,+0.000,0.020,0.020,-0.190,2,90.770,866.724,4
184.000,012,+56.5990874,+23.6903486,29.280,0.00,+0.00,+0.000,1762.995,+0.040,+0.000,0.040,0.000,+0.410,2,90.870,867.537,4
184.100,012,+56.5990800,+23.6903481,29.560,0.00,+0.00,+0.000,1763.813,+0.100,+0.000,0.100,0.000,+1.010,2,90.970,868.354,4
184.200,012,+56.5990726,+23.6903476,30.050,0.00,+0.00,+0.000,1764.640,+0.160,+0.000,0.160,0.000,+1.610,2,91.070,869.182,4
184.300,012,+56.5990650,+23.6903471,30.760,0.00,+0.00,+0.000,1765.485,+0.220,+0.000,0.220,0.000,+2.210,2,91.170,870.027,4
184.400,012,+56.5990572,+23.6903465,31.680,0.00,+0.00,+0.000,1766.352,+0.290,+0.000,0.290,0.000,+2.810,2,91.270,870.894,4
184.500,012,+56.5990491,+23.6903459,32.820,0.00,+0.00,+0.000,1767.248,+0.350,+0.000,0.350,0.000,+3.410,2,91.370,871.790,4
184.600,012,+56.5990408,+23.6903453,34.180,0.00,+0.00,+0.000,1768.179,+0.410,+0.000,0.410,0.000,+4.010,2,91.470,872.720,4
184.700,012,+56.5990320,+23.6903447,35.750,0.00,+0.00,+0.000,1769.150,+0.470,+0.000,0.470,0.000,+4.610,2,91.570,873.692,4
184.800,012,+56.5990228,+23.6903440,37.500,0.00,+0.00,+0.000,1770.167,+0.500,+0.000,0.500,0.000,+4.910,2,91.670,874.709,4
184.900,012,+56.5990132,+23.6903434,39.260,0.00,+0.00,+0.000,1771.233,+0.500,+0.000,0.500,0.000,+4.910,2,91.770,875.775,4
185.000,012,+56.5990032,+23.6903426,40.900,0.00,+0.00,+0.000,1772.347,+0.440,+0.000,0.440,0.000,+4.310,2,91.870,876.888,4
185.100,012,+56.5989928,+23.6903419,42.320,0.00,+0.00,+0.000,1773.503,+0.380,+0.000,0.380,0.000,+3.700,2,91.970,878.044,4
185.200,012,+56.5989820,+23.6903411,43.520,0.00,+0.00,+0.000,1774.695,+0.320,+0.000,0.320,0.000,+3.100,2,92.070,879.236,4
185.300,012,+56.5989710,+23.6903403,44.510,0.00,+0.00,+0.000,1775.917,+0.260,+0.000,0.260,0.000,+2.500,2,92.170,880.459,4
185.400,012,+56.5989598,+23.6903395,45.290,0.00,+0.00,+0.000,1777.165,+0.190,+0.000,0.190,0.000,+1.900,2,92.270,881.706,4
185.500,012,+56.5989484,+23.6903387,45.840,0.00,+0.00,+0.000,1778.430,+0.130,+0.000,0.130,0.000,+1.300,2,92.370,882.972,4
185.600,012,+56.5989369,+23.6903379,46.180,0.00,+0.00,+0.000,1779.708,+0.070,+0.000,0.070,0.000,+0.700,2,92.470,884.250,4
185.700,012,+56.5989254,+23.6903371,46.310,0.00,+0.00,+0.000,1780.993,+0.010,+0.000,0.010,0.000,+0.100,2,92.570,885.535,4
185.800,012,+56.5989139,+23.6903363,46.270,0.00,+0.00,+0.000,1782.279,+0.000,+0.000,0.000,0.000,-0.020,2,92.670,886.820,4
185.900,012,+56.5989024,+23.6903354,46.130,0.00,+0.00,+0.000,1783.562,-0.060,+0.100,0.117,0.060,-0.620,2,92.770,888.104,4
186.000,012,+56.5988909,+23.6903346,45.780,0.00,+0.00,+0.000,1784.839,-0.120,+0.220,0.251,0.120,-1.220,2,92.870,889.380,4
186.100,012,+56.5988796,+23.6903335,45.210,0.00,+0.00,+0.000,1786.102,-0.190,+0.340,0.389,0.190,-1.820,2,92.970,890.644,4
186.200,012,+56.5988685,+23.6903315,44.450,0.00,+0.00,+0.000,1787.348,-0.220,+0.450,0.501,0.220,-2.180,2,93.070,891.889,4
186.300,012,+56.5988576,+23.6903287,43.760,0.00,+0.00,+0.000,1788.573,-0.190,+0.520,0.554,0.190,-1.820,2,93.170,893.114,4
186.400,012,+56.5988469,+23.6903251,43.240,0.00,+0.00,+0.000,1789.781,-0.120,+0.350,0.370,0.120,-1.220,2,93.270,894.323,4
186.500,012,+56.5988365,+23.6903206,42.860,0.00,+0.00,+0.000,1790.977,-0.090,+0.140,0.166,0.090,-0.860,2,93.370,895.519,4
186.700,012,+56.5988159,+23.6903113,42.380,0.00,+0.00,+0.000,1790.977,-0.100,-0.210,0.233,0.100,-1.020,3,0.057,0.000,4
186.800,012,+56.5988056,+23.6903076,41.890,0.00,+0.00,+0.000,1792.147,-0.170,-0.400,0.435,0.170,-1.620,3,0.157,1.170,4
186.900,012,+56.5987953,+23.6903046,41.170,0.00,+0.00,+0.000,1793.301,-0.230,-0.370,0.436,0.230,-2.220,3,0.257,2.324,4
187.000,012,+56.5987853,+23.6903023,40.430,0.00,+0.00,+0.000,1794.434,-0.190,-0.270,0.330,0.190,-1.860,3,0.357,3.457,4
187.100,012,+56.5987753,+23.6903007,39.770,0.00,+0.00,+0.000,1795.548,-0.180,-0.220,0.284,0.180,-1.740,3,0.457,4.571,4
187.200,012,+56.5987655,+23.6902993,39.210,0.00,+0.00,+0.000,1796.645,-0.140,-0.140,0.198,0.140,-1.380,3,0.557,5.668,4
187.300,012,+56.5987558,+23.6902980,38.700,0.00,+0.00,+0.000,1797.727,-0.150,-0.060,0.162,0.150,-1.500,3,0.657,6.750,4
187.400,012,+56.5987463,+23.6902967,38.030,0.00,+0.00,+0.000,1798.793,-0.210,+0.000,0.210,0.210,-2.100,3,0.757,7.816,4
187.500,012,+56.5987369,+23.6902954,37.240,0.00,+0.00,+0.000,1799.838,-0.230,+0.000,0.230,0.230,-2.220,3,0.857,8.861,4
187.600,012,+56.5987278,+23.6902942,36.430,0.00,+0.00,+0.000,1800.862,-0.240,+0.000,0.240,0.240,-2.340,3,0.957,9.885,4
187.700,012,+56.5987189,+23.6902930,35.660,0.00,+0.00,+0.000,1801.863,-0.200,+0.000,0.200,0.200,-1.920,3,1.057,10.886,4
187.800,012,+56.5987101,+23.6902918,35.090,0.00,+0.00,+0.000,1802.845,-0.140,+0.000,0.140,0.140,-1.380,3,1.157,11.868,4
187.900,012,+56.5987014,+23.6902906,34.680,0.00,+0.00,+0.000,1803.815,-0.110,+0.000,0.110,0.110,-1.110,3,1.257,12.837,4
188.000,012,+56.5986928,+23.6902894,34.270,0.00,+0.00,+0.000,1804.772,-0.120,+0.000,0.120,0.120,-1.210,3,1.357,13.795,4
188.100,012,+56.5986844,+23.6902883,33.850,0.00,+0.00,+0.000,1805.718,-0.120,+0.000,0.120,0.120,-1.150,3,1.457,14.741,4
188.200,012,+56.5986760,+23.6902871,33.400,0.00,+0.00,+0.000,1806.652,-0.150,+0.000,0.150,0.150,-1.460,3,1.557,15.675,4
188.300,012,+56.5986678,+23.6902860,32.750,0.00,+0.00,+0.000,1807.571,-0.210,+0.000,0.210,0.210,-2.060,3,1.657,16.594,4
188.400,012,+56.5986598,+23.6902849,31.880,0.00,+0.00,+0.000,1808.469,-0.270,+0.000,0.270,0.270,-2.660,3,1.757,17.492,4
188.500,012,+56.5986520,+23.6902839,30.820,0.00,+0.00,+0.000,1809.340,-0.300,+0.000,0.300,0.300,-2.930,3,1.857,18.362,4
188.600,012,+56.5986445,+23.6902828,29.900,0.00,+0.00,+0.000,1810.183,-0.240,+0.000,0.240,0.240,-2.330,3,1.957,19.206,4
188.700,012,+56.5986371,+23.6902818,29.190,0.00,+0.00,+0.000,1811.004,-0.180,+0.000,0.180,0.180,-1.730,3,2.057,20.027,4
188.800,012,+56.5986300,+23.6902809,28.700,0.00,+0.00,+0.000,1811.808,-0.110,+0.000,0.110,0.110,-1.130,3,2.157,20.831,4
188.900,012,+56.5986229,+23.6902799,28.430,0.00,+0.00,+0.000,1812.601,-0.050,+0.000,0.050,0.050,-0.530,3,2.257,21.624,4
189.000,012,+56.5986158,+23.6902789,28.370,0.00,+0.00,+0.000,1813.390,+0.010,+0.000,0.010,0.000,+0.070,3,2.357,22.413,4
189.100,012,+56.5986087,+23.6902780,28.520,0.00,+0.00,+0.000,1814.180,+0.070,+0.000,0.070,0.000,+0.670,3,2.457,23.203,4
189.200,012,+56.5986016,+23.6902770,28.900,0.00,+0.00,+0.000,1814.978,+0.130,+0.000,0.130,0.000,+1.270,3,2.557,24.001,4
189.300,012,+56.5985943,+23.6902760,29.480,0.00,+0.00,+0.000,1815.788,+0.190,+0.000,0.190,0.000,+1.870,3,2.657,24.811,4
189.400,012,+56.5985869,+23.6902750,30.290,0.00,+0.00,+0.000,1816.619,+0.250,+0.000,0.250,0.000,+2.470,3,2.757,25.642,4
189.500,012,+56.5985792,+23.6902739,31.310,0.00,+0.00,+0.000,1817.474,+0.310,+0.000,0.310,0.000,+3.070,3,2.857,26.497,4
189.600,012,+56.5985712,+23.6902728,32.440,0.00,+0.00,+0.000,1818.360,+0.300,+0.000,0.300,0.000,+2.950,3,2.957,27.382,4
189.700,012,+56.5985630,+23.6902717,33.380,0.00,+0.00,+0.000,1819.274,+0.240,+0.000,0.240,0.000,+2.350,3,3.057,28.297,4
189.800,012,+56.5985546,+23.6902706,34.090,0.00,+0.00,+0.000,1820.211,+0.180,+0.000,0.180,0.000,+1.750,3,3.157,29.234,4
189.900,012,+56.5985460,+23.6902694,34.600,0.00,+0.00,+0.000,1821.165,+0.120,+0.000,0.120,0.000,+1.150,3,3.257,30.188,4
190.000,012,+56.5985374,+23.6902682,34.880,0.00,+0.00,+0.000,1822.130,+0.060,+0.000,0.060,0.000,+0.550,3,3.357,31.153,4
190.100,012,+56.5985287,+23.6902670,34.950,0.00,+0.00,+0.000,1823.100,+0.000,+0.000,0.000,0.000,-0.050,3,3.457,32.123,4
190.200,012,+56.5985200,+23.6902659,34.810,0.00,+0.00,+0.000,1824.069,-0.070,+0.000,0.070,0.070,-0.650,3,3.557,33.092,4
190.300,012,+56.5985114,+23.6902647,34.570,0.00,+0.00,+0.000,1825.032,-0.060,+0.000,0.060,0.060,-0.600,3,3.657,34.055,4
190.400,012,+56.5985028,+23.6902635,34.330,0.00,+0.00,+0.000,1825.989,-0.050,+0.000,0.050,0.050,-0.510,3,3.757,35.012,4
190.500,012,+56.5984943,+23.6902623,34.280,0.00,+0.00,+0.000,1826.942,+0.010,+0.000,0.010,0.000,+0.090,3,3.857,35.965,4
190.600,012,+56.5984857,+23.6902612,34.440,0.00,+0.00,+0.000,1827.896,+0.070,+0.000,0.070,0.000,+0.690,3,3.957,36.919,4
190.700,012,+56.5984771,+23.6902600,34.820,0.00,+0.00,+0.000,1828.858,+0.130,+0.000,0.130,0.000,+1.290,3,4.057,37.881,4
190.800,012,+56.5984684,+23.6902588,35.410,0.00,+0.00,+0.000,1829.834,+0.190,+0.000,0.190,0.000,+1.890,3,4.157,38.857,4
190.900,012,+56.5984594,+23.6902576,36.220,0.00,+0.00,+0.000,1830.829,+0.250,+0.000,0.250,0.000,+2.490,3,4.257,39.852,4
191.000,012,+56.5984503,+23.6902563,37.120,0.00,+0.00,+0.000,1831.847,+0.240,+0.000,0.240,0.000,+2.370,3,4.357,40.870,4
191.100,012,+56.5984409,+23.6902551,37.860,0.00,+0.00,+0.000,1832.889,+0.200,+0.000,0.200,0.000,+2.010,3,4.457,41.912,4
191.200,012,+56.5984314,+23.6902538,38.450,0.00,+0.00,+0.000,1833.949,+0.140,+0.000,0.140,0.000,+1.410,3,4.557,42.972,4
191.300,012,+56.5984218,+23.6902525,38.920,0.00,+0.00,+0.000,1835.023,+0.130,+0.000,0.130,0.000,+1.290,3,4.657,44.046,4
191.400,012,+56.5984120,+23.6902511,39.250,0.00,+0.00,+0.000,1836.109,+0.070,+0.000,0.070,0.000,+0.690,3,4.757,45.132,4
191.500,012,+56.5984023,+23.6902498,39.370,0.00,+0.00,+0.000,1837.201,+0.010,+0.000,0.010,0.000,+0.090,3,4.857,46.224,4
191.600,012,+56.5983925,+23.6902485,39.270,0.00,+0.00,+0.000,1838.293,-0.050,+0.000,0.050,0.050,-0.510,3,4.957,47.316,4
191.700,012,+56.5983827,+23.6902471,38.980,0.00,+0.00,+0.000,1839.380,-0.090,+0.000,0.090,0.090,-0.870,3,5.057,48.403,4
191.800,012,+56.5983731,+23.6902458,38.540,0.00,+0.00,+0.000,1840.456,-0.140,+0.000,0.140,0.140,-1.340,3,5.157,49.479,4
191.900,012,+56.5983636,+23.6902445,38.120,0.00,+0.00,+0.000,1841.521,-0.110,+0.000,0.110,0.110,-1.040,3,5.257,50.544,4
192.000,012,+56.5983541,+23.6902432,37.870,0.00,+0.00,+0.000,1842.577,-0.040,+0.000,0.040,0.040,-0.440,3,5.357,51.600,4
192.100,012,+56.5983447,+23.6902420,37.830,0.00,+0.00,+0.000,1843.628,-0.010,+0.000,0.010,0.010,-0.080,3,5.457,52.651,4
192.200,012,+56.5983353,+23.6902407,37.840,0.00,+0.00,+0.000,1844.679,+0.000,+0.000,0.000,0.000,+0.040,3,5.557,53.702,4
192.300,012,+56.5983259,+23.6902394,37.880,0.00,+0.00,+0.000,1845.731,+0.020,+0.000,0.020,0.000,+0.160,3,5.657,54.754,4
192.400,012,+56.5983164,+23.6902381,38.070,0.00,+0.00,+0.000,1846.785,+0.080,+0.000,0.080,0.000,+0.760,3,5.757,55.808,4
192.500,012,+56.5983069,+23.6902368,38.480,0.00,+0.00,+0.000,1847.849,+0.140,+0.000,0.140,0.000,+1.360,3,5.857,56.872,4
192.600,012,+56.5982973,+23.6902355,38.920,0.00,+0.00,+0.000,1848.924,+0.100,+0.000,0.100,0.000,+1.000,3,5.957,57.947,4
192.700,012,+56.5982876,+23.6902342,39.150,0.00,+0.00,+0.000,1850.008,+0.040,+0.000,0.040,0.000,+0.400,3,6.057,59.031,4
192.800,012,+56.5982778,+23.6902328,39.200,0.00,+0.00,+0.000,1851.096,+0.000,+0.000,0.000,0.000,+0.040,3,6.157,60.119,4
192.900,012,+56.5982680,+23.6902315,39.280,0.00,+0.00,+0.000,1852.186,+0.040,-0.020,0.045,0.000,+0.400,3,6.257,61.209,4
193.000,012,+56.5982582,+23.6902302,39.550,0.00,+0.00,+0.000,1853.281,+0.100,-0.060,0.117,0.000,+1.000,3,6.357,62.304,4
193.100,012,+56.5982483,+23.6902288,40.040,0.00,+0.00,+0.000,1854.386,+0.160,-0.110,0.194,0.000,+1.600,3,6.457,63.409,4
193.200,012,+56.5982382,+23.6902276,40.730,0.00,+0.00,+0.000,1855.508,+0.200,-0.160,0.256,0.000,+1.960,3,6.557,64.531,4
193.300,012,+56.5982280,+23.6902268,41.310,0.00,+0.00,+0.000,1856.648,+0.140,-0.210,0.252,0.000,+1.360,3,6.657,65.671,4
193.400,012,+56.5982176,+23.6902264,41.670,0.00,+0.00,+0.000,1857.800,+0.080,-0.240,0.253,0.000,+0.760,3,6.757,66.823,4
193.500,012,+56.5982072,+23.6902263,41.820,0.00,+0.00,+0.000,1858.960,+0.020,-0.190,0.191,0.000,+0.160,3,6.857,67.983,4
193.600,012,+56.5981968,+23.6902265,41.740,0.00,+0.00,+0.000,1860.120,-0.040,-0.190,0.194,0.040,-0.440,3,6.957,69.143,4
193.700,012,+56.5981864,+23.6902272,41.460,0.00,+0.00,+0.000,1861.276,-0.110,-0.190,0.220,0.110,-1.040,3,7.057,70.299,4
193.800,012,+56.5981762,+23.6902282,40.950,0.00,+0.00,+0.000,1862.420,-0.170,-0.230,0.286,0.170,-1.640,3,7.157,71.443,4
193.900,012,+56.5981661,+23.6902295,40.230,0.00,+0.00,+0.000,1863.548,-0.230,-0.230,0.325,0.230,-2.240,3,7.257,72.571,4
194.000,012,+56.5981562,+23.6902312,39.300,0.00,+0.00,+0.000,1864.653,-0.290,-0.190,0.347,0.290,-2.840,3,7.357,73.676,4
194.100,012,+56.5981466,+23.6902331,38.200,0.00,+0.00,+0.000,1865.729,-0.310,-0.160,0.349,0.310,-3.000,3,7.457,74.752,4
194.200,012,+56.5981373,+23.6902352,37.250,0.00,+0.00,+0.000,1866.777,-0.240,-0.150,0.283,0.240,-2.400,3,7.557,75.800,4
194.300,012,+56.5981282,+23.6902375,36.510,0.00,+0.00,+0.000,1867.801,-0.180,-0.150,0.234,0.180,-1.800,3,7.657,76.824,4
194.400,012,+56.5981193,+23.6902399,35.940,0.00,+0.00,+0.000,1868.808,-0.170,-0.150,0.227,0.170,-1.630,3,7.757,77.831,4
194.500,012,+56.5981106,+23.6902425,35.360,0.00,+0.00,+0.000,1869.798,-0.170,-0.180,0.248,0.170,-1.650,3,7.857,78.821,4
194.600,012,+56.5981020,+23.6902454,34.750,0.00,+0.00,+0.000,1870.772,-0.180,-0.190,0.262,0.180,-1.770,3,7.957,79.795,4
194.700,012,+56.5980936,+23.6902486,33.980,0.00,+0.00,+0.000,1871.726,-0.240,-0.200,0.312,0.240,-2.370,3,8.057,80.749,4
194.800,012,+56.5980855,+23.6902520,33.170,0.00,+0.00,+0.000,1872.659,-0.200,-0.190,0.276,0.200,-2.010,3,8.157,81.682,4
194.900,012,+56.5980775,+23.6902557,32.580,0.00,+0.00,+0.000,1873.572,-0.140,-0.180,0.228,0.140,-1.410,3,8.257,82.595,4
195.000,012,+56.5980697,+23.6902595,32.200,0.00,+0.00,+0.000,1874.472,-0.080,-0.180,0.197,0.080,-0.810,3,8.357,83.495,4
195.100,012,+56.5980621,+23.6902636,32.040,0.00,+0.00,+0.000,1875.364,-0.020,-0.160,0.161,0.020,-0.210,3,8.457,84.387,4
195.200,012,+56.5980544,+23.6902680,32.090,0.00,+0.00,+0.000,1876.255,+0.040,-0.130,0.136,0.000,+0.390,3,8.557,85.278,4
195.300,012,+56.5980468,+23.6902727,32.360,0.00,+0.00,+0.000,1877.150,+0.100,-0.140,0.172,0.000,+0.990,3,8.657,86.173,4
195.400,012,+56.5980391,+23.6902776,32.850,0.00,+0.00,+0.000,1878.055,+0.160,-0.160,0.226,0.000,+1.590,3,8.757,87.078,4
195.500,012,+56.5980314,+23.6902828,33.450,0.00,+0.00,+0.000,1878.976,+0.150,-0.160,0.219,0.000,+1.470,3,8.857,87.999,4
195.600,012,+56.5980235,+23.6902882,33.850,0.00,+0.00,+0.000,1879.911,+0.090,-0.150,0.175,0.000,+0.870,3,8.957,88.934,4
195.700,012,+56.5980156,+23.6902938,34.040,0.00,+0.00,+0.000,1880.854,+0.030,-0.170,0.173,0.000,+0.270,3,9.057,89.877,4
195.800,012,+56.5980078,+23.6902997,34.000,0.00,+0.00,+0.000,1881.799,-0.030,-0.170,0.173,0.030,-0.330,3,9.157,90.822,4
195.900,012,+56.5980000,+23.6903059,33.770,0.00,+0.00,+0.000,1882.740,-0.070,-0.180,0.193,0.070,-0.690,3,9.257,91.763,4
196.000,012,+56.5979924,+23.6903123,33.660,0.00,+0.00,+0.000,1883.677,-0.010,-0.200,0.200,0.010,-0.090,3,9.357,92.700,4
196.100,012,+56.5979849,+23.6903191,33.750,0.00,+0.00,+0.000,1884.613,+0.050,-0.190,0.196,0.000,+0.510,3,9.457,93.636,4
196.200,012,+56.5979773,+23.6903261,34.070,0.00,+0.00,+0.000,1885.555,+0.110,-0.160,0.194,0.000,+1.110,3,9.557,94.578,4
196.300,012,+56.5979698,+23.6903335,34.490,0.00,+0.00,+0.000,1886.507,+0.100,-0.180,0.206,0.000,+0.990,3,9.657,95.530,4
196.400,012,+56.5979623,+23.6903412,34.720,0.00,+0.00,+0.000,1887.468,+0.040,-0.150,0.155,0.000,+0.390,3,9.757,96.491,4
196.500,012,+56.5979548,+23.6903491,34.730,0.00,+0.00,+0.000,1888.433,-0.020,-0.140,0.141,0.020,-0.210,3,9.857,97.456,4
196.600,012,+56.5979474,+23.6903572,34.680,0.00,+0.00,+0.000,1889.397,+0.000,-0.150,0.150,0.000,-0.040,3,9.957,98.420,4
196.700,012,+56.5979400,+23.6903654,34.720,0.00,+0.00,+0.000,1890.361,+0.030,-0.130,0.133,0.000,+0.330,3,10.057,99.384,4
196.800,012,+56.5979327,+23.6903739,34.970,0.00,+0.00,+0.000,1891.329,+0.090,-0.120,0.150,0.000,+0.930,3,10.157,100.352,4
196.900,012,+56.5979253,+23.6903826,35.320,0.00,+0.00,+0.000,1892.305,+0.080,-0.110,0.136,0.000,+0.810,3,10.257,101.328,4
197.000,012,+56.5979180,+23.6903916,35.480,0.00,+0.00,+0.000,1893.288,+0.020,-0.070,0.073,0.000,+0.210,3,10.357,102.311,4
197.100,012,+56.5979107,+23.6904007,35.430,0.00,+0.00,+0.000,1894.273,-0.040,-0.060,0.072,0.040,-0.390,3,10.457,103.296,4
197.200,012,+56.5979035,+23.6904097,35.160,0.00,+0.00,+0.000,1895.254,-0.100,-0.040,0.108,0.100,-0.990,3,10.557,104.277,4
197.300,012,+56.5978963,+23.6904187,34.840,0.00,+0.00,+0.000,1896.226,-0.060,-0.060,0.085,0.060,-0.630,3,10.657,105.249,4
197.400,012,+56.5978892,+23.6904276,34.640,0.00,+0.00,+0.000,1897.191,-0.060,-0.050,0.078,0.060,-0.610,3,10.757,106.214,4
197.500,012,+56.5978821,+23.6904366,34.440,0.00,+0.00,+0.000,1898.150,-0.050,-0.090,0.103,0.050,-0.500,3,10.857,107.173,4
197.600,012,+56.5978751,+23.6904456,34.230,0.00,+0.00,+0.000,1899.104,-0.060,-0.120,0.134,0.060,-0.580,3,10.957,108.127,4
197.700,012,+56.5978683,+23.6904548,34.060,0.00,+0.00,+0.000,1900.053,-0.050,-0.120,0.130,0.050,-0.500,3,11.057,109.076,4
197.800,012,+56.5978616,+23.6904641,33.940,0.00,+0.00,+0.000,1900.997,-0.030,-0.140,0.143,0.030,-0.270,3,11.157,110.020,4
197.900,012,+56.5978549,+23.6904736,33.920,0.00,+0.00,+0.000,1901.940,+0.010,-0.140,0.140,0.000,+0.120,3,11.257,110.962,4
198.000,012,+56.5978483,+23.6904833,34.090,0.00,+0.00,+0.000,1902.884,+0.070,-0.140,0.157,0.000,+0.720,3,11.357,111.907,4
198.100,012,+56.5978417,+23.6904932,34.380,0.00,+0.00,+0.000,1903.835,+0.090,-0.140,0.166,0.000,+0.840,3,11.457,112.858,4
198.200,012,+56.5978352,+23.6905034,34.550,0.00,+0.00,+0.000,1904.792,+0.020,-0.140,0.141,0.000,+0.240,3,11.557,113.815,4
198.300,012,+56.5978288,+23.6905138,34.500,0.00,+0.00,+0.000,1905.751,-0.040,-0.140,0.146,0.040,-0.360,3,11.657,114.774,4
198.400,012,+56.5978224,+23.6905242,34.240,0.00,+0.00,+0.000,1906.706,-0.100,-0.140,0.172,0.100,-0.960,3,11.757,115.729,4
198.500,012,+56.5978163,+23.6905347,33.770,0.00,+0.00,+0.000,1907.651,-0.150,-0.140,0.205,0.150,-1.480,3,11.857,116.674,4
198.600,012,+56.5978103,+23.6905453,33.290,0.00,+0.00,+0.000,1908.582,-0.130,-0.130,0.184,0.130,-1.230,3,11.957,117.605,4
198.700,012,+56.5978044,+23.6905558,32.720,0.00,+0.00,+0.000,1909.499,-0.190,-0.130,0.230,0.190,-1.830,3,12.057,118.522,4
198.800,012,+56.5977988,+23.6905663,32.100,0.00,+0.00,+0.000,1910.399,-0.150,-0.110,0.186,0.150,-1.470,3,12.157,119.422,4
198.800,012,+56.5977988,+23.6905663,32.100,0.00,+0.00,+0.000,1911.291,-0.150,-0.110,0.186,0.150,-1.470,3,12.257,120.314,4
